371.46153840273,-4.758931034482657
371.8391998916188,13.718482758620894
372.21681955928005,-10.016353448275368
372.59439739603135,4.792163793103327
372.97193339219024,-1.0235689655171427
373.3494275380741,-7.84293103448249
373.72687982400055,5.117844827586396
374.104290240287,13.166818965517223
374.481658777251,2.5123965517238958
374.85898542521005,10.474965517241117
375.2362701744817,8.71362931034514
375.61351301538343,10.700948275861947
375.9907139382327,14.748698275862353
376.36787293334714,-10.096112068965567
376.7449899910441,15.672568965517712
377.12206510164117,20.411560344827194
377.49909825545586,10.122698275861694
377.8760894428056,13.40609482758532
378.25303865400804,2.8114913793097003
378.62994587938056,7.776465517241604
379.0068111092407,-3.1172327586202755
379.38363433390595,5.456818965517186
379.76041554369385,44.83099137931026
380.13715472892187,189.2937931034487
380.51385187990763,193.0956206896551
380.89050698696843,202.1083448275865
381.26712004042196,206.32890517241367
381.64369103058567,215.54102586206932
382.02021994777704,242.45291379310356
382.3967067823135,229.11993103448253
382.77315152451274,235.07524137931068
383.14955416469223,252.7417758620693
383.52591469316934,245.53691379310385
383.90223310026164,238.8903620689655
384.27850937628665,258.01913793103427
384.65474351156195,257.1550862068966
385.0309354964049,277.0415689655172
385.4070853211331,276.26392241379267
385.783192976064,268.926129310345
386.15925845151514,280.5310086206896
386.5352817378041,282.0198362068961
386.9112628252483,297.38666379310393
387.2872017041652,308.54622413793186
387.6630983648723,313.6175431034487
388.03895279768733,328.7783275862073
388.4147649929276,326.78436206896527
388.79053494091056,342.0182586206897
389.16626263195394,353.55667241379274
389.541948056375,332.0617241379307
389.91759120449143,371.96097413793063
390.2931920666206,371.65523275862074
390.66875063308015,363.6195517241374
391.04426689418744,363.7724224137928
391.41974084026015,372.26671551724144
391.79517246161566,377.2250431034481
392.17056174857146,387.6601293103447
392.54590869144516,407.55990517241344
392.9212132805541,410.55750000000035
393.296475506216,412.26566379310293
393.6716953587482,436.957603448275
394.04687282846834,438.81199137931003
394.4220079056938,447.25975862068935
394.79710058074215,450.4368103448271
395.1721508439309,463.99577586206897
395.5471586855775,473.1680172413792
395.92212409599955,463.9691896551726
396.29704706551445,467.39216379310415
396.67192758443974,501.6684310344817
397.04676564309307,518.5506724137927
397.4215612317917,522.3857327586209
397.7963143408533,547.8220862068963
398.1710249605953,562.3448017241376
398.54569308133523,552.5079051724138
398.92031869339064,572.4276206896545
399.29490178707897,584.5110517241383
399.6694423527178,613.2042155172414
400.0439403806246,612.8187155172418
400.41839586111684,656.6327844827588
400.792808784512,649.8466551724141
401.1671791411277,685.8576724137924
401.5415069212814,712.8759051724132
401.91579211529057,738.0995689655169
402.2900347134728,738.0530431034479
402.6642347061454,790.5142758620682
403.0383920836261,791.6043103448274
403.41250683623224,812.4213103448283
403.7865789542815,875.3242758620686
404.1606084280912,885.726129310345
404.53459524797904,875.6499568965523
404.9085394042624,931.25500862069
405.2824408872587,918.6730862068966
405.65629968728564,991.0473879310348
406.0301157946606,968.495637931034
406.4038891997011,1032.0898448275868
406.7776198927248,1015.7924999999993
407.15130786404893,1084.6374827586205
407.5249531039912,1110.053896551724
407.8985556028691,1094.6937155172413
408.272115351,1101.2139827586207
408.64563233870155,1109.5088793103455
409.01910655629126,1158.653482758621
409.39253799408647,1237.4084741379313
409.7659266424049,1246.780112068966
410.13927249156393,1205.279043103448
410.51257553188105,1223.6567586206897
410.8858357536738,1288.4539913793092
411.25905314725975,1262.2865172413794
411.63222770295624,1279.9995775862074
412.00535941108103,1277.028568965517
412.3784482619514,1297.2407327586209
412.75149424588494,1325.202775862069
413.1244973531991,1310.7465258620691
413.4974575742115,1366.158827586207
413.87037489923966,1391.3426120689658
414.2432493186009,1376.4875689655175
414.6160808226129,1348.2596637931038
414.9888694015931,1445.877568965517
415.3616150458589,1442.5277068965509
415.734317745728,1402.7879741379302
416.1069774915178,1501.874767241379
416.47959427354584,1443.2123017241383
416.8521680821296,1483.5036982758616
417.2246989075866,1543.987318965517
417.5971867402344,1501.7684224137931
417.9696315703904,1604.756741379311
418.34203338837216,1599.991163793102
418.71439218449717,1571.8762500000003
419.08670794908295,1543.6549913793103
419.458980672447,1604.3579482758612
419.8312103449069,1691.9196206896552
420.20339695678,1701.916034482759
420.5755404983839,1745.0920344827582
420.9476409600361,1764.27398275862
421.3196983320541,1803.9007241379309
421.6917126047555,1816.9744913793106
422.0636837684576,1885.2013448275852
422.4356118134781,1931.5012241379306
422.8074967301344,2112.6529913793106
423.179338508744,2005.1649568965515
423.5511371396245,2097.684956896552
423.92289261309327,2012.7686120689661
424.29460491946793,2074.0032931034484
424.666274049066,2121.9913965517244
425.0378999922049,2292.216232758621
425.4094827392022,2275.6596724137926
425.7810222803753,2410.963525862069
426.1525186060418,2222.5337844827586
426.5239717065192,2403.080715517242
426.895381572125,2346.950586206897
427.2667481931767,2422.481999999999
427.63807155999183,2449.593284482759
428.00935166288787,2633.1577500000017
428.3805884921823,2563.123034482758
428.7517820381926,2620.2102672413803
429.1229322912364,2611.4766982758624
429.4940392416312,2662.209827586207
429.8651028796943,2816.2303706896555
430.23612319574346,2635.3710517241375
430.60710018009604,2755.1485603448273
430.97803382306955,2817.838836206898
431.3489241149815,2727.5786637931037
431.71977104614945,2810.467810344828
432.0905746068909,2876.8203362068966
432.4613347875234,2796.5366379310353
432.8320515783643,2882.1375775862075
433.20272496973126,2994.2516120689643
433.5733549519417,2888.9370000000004
433.94394151531304,2966.7548275862055
434.31448465016297,2799.3614224137928
434.68498434680896,2952.2985775862053
435.0554405955685,3003.2643362068966
435.425853386759,2844.0461896551724
435.79622271069803,3098.349905172414
436.1665485577032,3009.525387931033
436.53683091809177,2948.742672413793
436.9070697821815,2990.8419310344816
437.2772651402898,2800.7904310344825
437.6474169827341,3039.4282241379315
438.017525299832,3041.9007413793124
438.387590081901,3166.138086206897
438.7576113192586,3105.0828620689645
439.12758900222224,3165.5664827586197
439.4975231211095,3044.898336206897
439.8674136662379,3078.5764137931023
440.2372606279249,3024.865629310347
440.60706399648797,3048.3877758620692
440.9768237622447,3206.1769137931033
441.34653991551255,3040.983517241379
441.716212446609,3230.4900000000007
442.08584134585163,3208.190818965517
442.4554266035579,3138.4020258620694
442.8249682100453,3213.853681034482
443.1944661556314,3276.97598275862
443.56392043063363,3324.824508620688
443.93333102536957,3239.2501551724135
444.3026979301566,3452.152499999999
444.67202113531243,3398.840508620689
445.04130063115434,3486.548405172413
445.41053640800004,3480.3870517241394
445.7797284561669,3477.396103448277
446.1488767659724,3488.416086206896
446.5179813277342,3661.6185775862073
446.88704213176965,3648.2058362068956
447.2560591683964,3740.5330862068963
447.62503242793184,3787.5574396551724
447.99396190069353,3893.144560344827
448.36284757699894,4080.2250517241373
448.73168944716554,4077.1809310344843
449.10048750151105,4126.305594827587
449.4692417303527,4153.835612068964
449.83795212400815,4141.885112068965
450.20661867279483,4186.370482758621
450.57524136703034,4505.896810344828
450.94382019703215,4553.545939655173
451.3123551531177,4689.341637931034
451.6808462256046,4814.303456896552
452.0492934048102,4721.597353448275
452.41769668105223,4845.761586206897
452.786056044648,4941.432051724138
453.15437148591514,4944.356534482757
453.5226429951711,5369.669379310346
453.8908705627333,5135.345198275862
454.2590541789195,5515.946689655174
454.62719383404686,5321.960431034484
454.9952895184332,5335.273474137931
455.36334122239583,5338.643275862069
455.73134893625235,5363.667543103448
456.09931265032026,5805.7762241379305
456.467232354917,5647.654758620691
456.8351080403602,5530.675448275863
457.2029396969672,5969.866293103449
457.5707273150556,5896.607999999999
457.93847088494294,6086.254060344828
458.30617039694664,5840.88995689655
458.6738258413843,6156.953431034482
459.0414372085733,5979.02524137931
459.4090044888313,5889.622474137932
459.77652767247565,6318.37823275862
460.144006749824,6331.458646551724
460.5114417111938,6201.020068965517
460.8788325469025,6176.999431034482
461.24617924726766,6462.528646551724
461.61348180260677,6146.784206896553
461.98074020323736,6382.9029568965525
462.34795443947695,6521.736129310342
462.715124501643,6330.893689655171
463.08225038005304,6575.679543103449
463.4493320650245,6666.192284482759
463.816369546875,6588.720077586206
464.183362815922,6765.465181034483
464.550311862483,6761.26456034483
464.9172166768755,6793.580094827585
465.28407724941707,6739.430637931037
465.6508935704251,6758.718931034484
466.01766563021727,6751.74005172414
466.3843934191109,6910.153965517243
466.75107692742347,6877.88495689655
467.11771614547274,7058.199258620688
467.484311063576,7032.742965517242
467.8508616720508,7210.092905172414
468.21736796121473,7125.0037500000035
468.58382992138525,7261.7432586206905
468.9502475428798,7310.881215517242
469.31662081601587,7532.610181034483
469.6829497311111,7505.472310344829
470.0492342784829,7640.550181034482
470.41547444844883,7653.849931034482
470.78167023132636,7699.465215517243
471.147821617433,7926.7440517241375
471.5139285970863,7921.134362068966
471.8799911606036,8046.5348534482755
472.2460092983026,8137.9581724137915
472.6119830005008,8268.09100862069
472.97791225751564,8294.132198275862
473.3437970596646,8474.619310344826
473.70963739726517,8579.249327586207
474.075433260635,8753.541853448274
474.44118464009136,8877.307293103448
474.80689152595204,8994.944612068963
475.17255390853427,9274.744499999999
475.53817177815574,9343.343560344827
475.903745125134,9444.42431896552
476.26927393978633,9733.423034482757
476.6347582124304,9846.102025862068
477.0001979333836,10103.39004310345
477.36559309296365,10239.850396551725
477.7309436814879,10402.032905172413
478.09624968927386,10399.95253448276
478.461511106639,10615.314103448274
478.826727923901,10817.196465517243
479.1919001313771,11062.62703448276
479.557027719385,11165.189974137931
479.9221106782422,11669.078353448274
480.2871489982661,11727.734172413797
480.6521426697744,11847.385396551726
481.01709168308435,12093.267931034481
481.38199602851364,12204.19223275862
481.74685569637967,12529.354836206894
482.111670677,12755.357534482762
482.4764409606922,12958.735370689654
482.84116653777363,13253.755862068969
483.2058473985619,13521.15328448276
483.57048353337444,13635.228051724142
483.93507493252883,13828.230620689656
484.29962158634265,13981.320646551725
484.6641234851332,14168.48754310345
485.02858061921813,14399.4153362069
485.3929929789149,14636.364905172413
485.757360554541,14906.779862068968
486.121683336414,15094.27243965517
486.4859613148513,15198.822698275859
486.8501944801706,15516.873491379314
487.2143828226892,15554.958232758621
487.57852633272466,15722.384870689657
487.94262500059455,16136.684379310347
488.3066788166163,16159.163017241375
488.67068777110745,16293.921853448273
489.0346518543855,16502.34442241379
489.39857105676805,16699.354862068965
489.7624453685724,16622.294741379308
490.12627478011626,16797.870051724134
490.49005928171704,17037.597879310346
490.85379886369225,17010.30713793103
491.2174935163594,17343.133215517242
491.581143230036,17396.637956896553
491.94474799503956,17517.505499999996
492.30830780168753,17569.468241379313
492.67182264029753,17803.161000000004
493.035292501187,17610.969310344826
493.3987173746735,17843.253000000004
493.7620972510744,17730.673706896552
494.1254321207073,17956.882448275865
494.48872197388977,17920.7385
494.8519668009391,18081.379008620686
495.21516659217303,18016.003525862066
495.5783213379091,17992.813706896548
495.9414310284645,18144.222155172418
496.30449565415705,18038.767965517236
496.66751520530397,18144.62759482759
497.03048967222315,18156.405284482757
497.39341904523167,18321.645206896555
497.75630331464737,18233.445465517245
498.11914247078755,18218.962629310343
498.4819365039699,18307.554517241377
498.8446854045118,18501.780051724138
499.20738916273064,18454.72911206897
499.5700477689442,18499.108137931027
499.93266121346977,18549.568758620695
500.29522948662503,18371.46111206896
500.6577525787273,18466.43368965517
501.02023048009426,18643.836801724137
501.38266318104326,18270.187603448278
501.7450506718919,18614.6119137931
502.1073929429577,18733.458905172407
502.469689984558,18755.751439655174
502.8319417870105,18915.574422413792
503.1941483406327,18717.9790862069
503.5563096357421,18815.025387931033
503.91842566265603,18851.21586206896
504.28049641169207,18824.58977586207
504.64252187316794,19226.340594827587
505.0045020374009,19308.751189655173
505.36643689470856,19288.89129310345
505.72832643540835,19592.578887931035
506.0901706498178,19685.557500000006
506.45196952825466,19728.912956896547
506.813723061036,19830.053534482762
507.1754312384797,19820.05047413793
507.537094050903,20284.53809482758
507.8987114886236,20050.32690517241
508.26028354195887,20373.548715517238
508.62181020122637,20716.44431896553
508.9832914567437,20559.79174137931
509.3447272988281,21047.974318965524
509.7061177177974,20993.997672413792
510.0674627039689,20827.175870689658
510.42876224766013,20768.088025862064
510.7900163391887,21335.956112068972
511.151224968872,21288.83870689655
511.51238812702763,21152.45811206897
511.87350580397293,21620.554810344824
512.2345779900257,22548.220681034487
512.5956046755031,22452.011844827586
512.9565858507228,22395.875068965517
513.3175215060025,22439.556206896556
513.6784116316593,23397.337603448275
514.0392562180111,23025.197172413787
514.4000552553752,23500.392387931042
514.7608087340691,23267.955827586204
515.1215166444102,23947.293232758624
515.4821789767162,24112.87877586207
515.8427957213047,24455.3755862069
516.2033668684929,24690.331189655168
516.5638924085987,24809.83618965517
516.924372331939,24801.780568965518
517.284806628832,25149.94688793104
517.6451952895948,25270.508689655173
518.0055383045449,25782.818250000004
518.365835664,26183.944293103446
518.7260873582774,26259.16996551724
519.0862933776949,26737.98755172414
519.4464537125696,26797.08868965516
519.8065683532194,27025.69018965517
520.1666372899614,27187.340974137933
520.5266605131134,27558.717051724136
520.8866380129929,28072.967405172407
521.2465697799173,28196.034956896554
521.6064558042042,28363.847094827594
521.966296076171,28556.61703448275
522.3260905861354,29037.109551724134
522.6858393244146,28996.911206896548
523.0455422813262,29520.14105172414
523.405199447188,29797.774163793103
523.7648108123171,30033.61375862069
524.1243763670313,30369.882749999997
524.4838961016479,30208.96973275862
524.8433700064846,30797.535181034476
525.2027980718589,30805.205301724134
525.5621802880879,31525.359181034473
525.9215166454898,31525.199663793108
526.2808071343813,31735.86876724138
526.6400517450808,31978.501137931027
526.999250467905,31890.115293103452
527.3584032931719,32333.433646551726
527.7175102111987,32187.781112068955
528.0765712123032,32493.934577586206
528.4355862868027,32797.64875862069
528.7945554250149,33042.46784482758
529.153478617257,33002.91421551724
529.5123558538468,33225.44076724139
529.8711871251016,33555.654749999994
530.229972421339,33632.701577586195
530.5887117328764,33469.81453448274
530.9474050500316,33618.88339655172
531.3060523631218,33621.648362068976
531.6646536624647,33937.15352586207
532.0232089383777,33953.10524999999
532.3817181811784,34094.4707586207
532.740181381184,34302.15556034483
533.0985985287124,34059.05793103449
533.4569696140809,34254.97168965517
533.815294627607,34398.77648275863
534.1735735596084,34493.59618965518
534.5318064004024,34613.10118965517
534.8899931403066,34558.73239655172
535.2481337696383,34382.41267241379
535.6062282787153,34694.92688793103
535.9642766578552,34566.36928448276
536.322278897375,34525.526224137924
536.6802349875926,34575.38200862069
537.0381449188254,34775.31693103448
537.396008681391,34851.69245689655
537.7538262656067,34809.24093103449
538.1115976617901,34991.409620689665
538.4693228602589,34855.76679310346
538.8270018513302,35373.17425862069
539.184634625322,34860.08040517241
539.5422211725514,34988.09299137931
539.8997614833361,34888.33489655172
540.2572555479934,35420.836681034474
540.6147033568411,35393.871620689664
540.9721049001965,35361.62255172415
541.3294601683773,35183.1825775862
541.6867691517009,35203.28175000001
542.0440318404848,35254.5798362069
542.4012482250464,35288.22468103448
542.7584182957032,35305.585474137944
543.1155420427729,36014.619672413784
543.472619456573,35820.035224137944
543.8296505274208,35634.17105172414
544.1866352456341,35774.971603448284
544.54357360153,36076.35949137931
544.9004655854266,36184.19314655173
545.2573111876407,35671.0594137931
545.6141103984902,35912.61504310345
545.9708632082926,35895.88567241379
546.3275696073654,36148.65403448276
546.684229586026,36581.53065517241
547.040843134592,35951.65688793104
547.397410243381,36697.612681034494
547.7539309027102,36017.71696551724
548.1104051028973,36492.5333275862
548.46683283426,36146.92593103448
548.8232140871154,36759.83769827586
549.1795488517813,37368.93434482759
549.5358371185752,36655.54000862069
549.8920788778144,36747.50834482758
550.2482741198164,37587.81858620689
550.604422834899,37479.825413793114
550.9605250133797,37220.96216379311
551.3165806455755,37836.53255172413
551.6725897218045,37060.75368103449
552.0285522323837,38126.767525862066
552.3844681676312,37983.16877586207
552.740337517864,38245.46164655172
553.0961602733997,38617.58213793104
553.451936424556,39011.23745689655
553.8076659616502,38605.81109482759
554.1633488749999,38861.61028448276
554.5189851549228,39443.569060344824
554.8745747917361,39148.9540086207
555.2301177757573,39446.2609137931
555.5856140973041,39815.94876724139
555.9410637466939,40040.07049137931
556.2964667142442,40205.35693965518
556.6518229902725,40658.87110344828
557.0071325650965,40784.49757758621
557.3623954290335,40737.34029310345
557.717611572401,40937.3483275862
558.0727809855165,41162.78606896551
558.4279036586978,41279.43969827586
558.7829795822619,41598.66693103447
559.1380087465267,41866.283689655174
559.4929911418096,42066.73704310344
559.8479267584282,42395.854344827596
560.2028155866997,42737.71973275862
560.5576576169418,43028.46649137932
560.9124528394722,43112.42573275862
561.267201244608,43648.90215517242
561.6219028226669,43541.932551724145
561.9765575639667,43847.67393103449
562.3311654588246,44347.26863793104
562.6857264975578,44567.036870689655
563.0402406704843,44539.958818965526
563.3947079679216,44671.274741379326
563.7491283801869,44859.11958620689
564.1035018975979,45485.5570862069
564.4578285104722,45427.14718965518
564.812108209127,45905.3665862069
565.1663409838801,45924.136448275865
565.5205268250488,46241.44947413794
565.8746657229508,46212.53697413793
566.2287576679033,46635.596637931034
566.582802650224,46944.66129310345
566.9368006602307,46877.863448275864
567.2907516882406,46867.64769827586
567.6446557245708,47547.530120689655
567.9985127595396,47550.26185344827
568.3523227834639,47828.26052586205
568.7060857866617,47620.40956034482
569.05980175945,48065.06387068965
569.4134706921468,48089.22408620689
569.7670925750693,47865.45462931035
570.1206673985349,48300.411620689665
570.4741951528614,48076.47599999999
570.8276758283661,48485.09270689656
571.1811094153666,48692.631284482755
571.5344959041804,48521.58892241379
571.887835285125,48896.786767241385
572.241127548518,48624.4376637931
572.5943726846766,49160.036741379314
572.9475706839186,49246.88723275863
573.3007215365616,49202.355336206885
573.6538252329226,49082.61106034483
574.0068817633196,49249.16035344827
574.35989111807,49284.04810344826
574.7128532874912,48872.89241379312
575.0657682619006,49184.881551724124
575.418636031616,49088.04129310344
575.7714565869547,48618.2696637931
576.1242299182344,49220.307672413786
576.4769560157722,48929.089008620685
576.8296348698861,48950.50419827587
577.1822664708935,48806.566474137915
577.5348508091115,49101.12835344827
577.887387874858,49048.88645689654
578.2398776584505,48479.642534482766
578.5923201502063,48621.63946551724
578.9447153404429,48528.76055172415
579.2970632194782,48456.67205172414
579.6493637776293,48187.48006034484
580.0016170052138,48191.02931896553
580.3538228925493,48315.20019827587
580.7059814299532,47706.86790517241
581.058092607743,47940.68030172414
581.4101564162362,48061.129112068964
581.7621728457506,47804.625387931024
582.1141418866034,47481.94859482758
582.466063529112,47480.84526724139
582.8179377635942,47664.442965517235
583.1697645803674,47261.9942586207
583.5215439697491,47297.865698275855
583.8732759220567,47223.03881896553
584.2249604276079,47101.06794827587
584.57659747672,47215.26235344828
584.9281870597107,47084.92347413793
585.2797291668975,47092.513836206905
585.6312237885977,46873.0579913793
585.982670915129,46771.57843965518
586.3340705368088,47036.85561206897
586.6854226439547,46893.90822413794
587.0367272268841,46846.50501724137
587.3879842759146,47036.96195689655
587.7391937813636,46844.01920689653
588.0903557335488,47165.54614655173
588.4414701227875,47136.46083620688
588.7925369393971,47310.36786206897
589.1435561736955,47120.72844827586
589.494527816,47061.72700862068
589.8454518566281,47253.56643103449
590.1963282858972,47498.29246551723
590.547157094125,47676.83213793105
590.8979382716288,47309.317706896545
591.2486718087263,47427.46016379309
591.5993576957351,47539.21528448276
591.9499959229723,47873.031698275874
592.3005864807558,47906.21793103449
592.6511293594028,47810.2616637931
593.0016245492311,48110.73897413793
593.3520720405579,48208.44993103448
593.7024718237009,48253.24104310346
594.0528238889776,48319.241301724156
594.4031282267056,48180.335017241385
594.7533848272021,48853.39807758621
595.1035936807849,48780.77120689656
595.4537547777715,49081.8068275862
595.803868108479,49188.749844827595
596.1539336632253,49508.55532758621
596.5039514323281,49359.55957758621
596.8539214061043,49228.03096551725
597.2038435748719,49535.407396551724
597.5537179289481,49780.12013793102
597.9035444586507,50466.18385344828
598.2533231542969,50748.98133620689
598.6030540062044,50702.389008620696
598.9527370046907,50597.014577586204
599.3023721400731,50490.769448275874
599.6519594026695,51034.84287931034
600.001498782797,51057.255051724125
600.3509902707734,51482.6410086207
600.700433856916,51392.28113793103
601.0498295315423,51828.88647413793
601.39917728497,51661.93174137931
601.7484771075166,52151.40375
602.0977289894995,52072.72187068965
602.4469329212361,52518.24023275861
602.796088893044,52256.525612068974
603.1451968952409,52478.998991379296
603.494256918144,52976.11453448275
603.8432689520711,53142.896456896546
604.1922329873393,53234.28654310346
604.5411490142665,53154.97324137932
604.89001702317,53587.65046551725
605.2388370043674,53763.086198275865
605.5876089481761,53451.54237931034
605.9363328449137,53489.5008362069
606.2850086848979,53893.99668103448
606.6336364584456,54083.170836206904
606.982216155875,54343.389982758614
607.3307477675032,54300.33362068965
607.6792312836478,54652.53439655172
608.0276666946264,54887.86220689654
608.3760539907562,54728.870043103445
608.7243931623551,55052.70998275862
609.0726841997404,55024.61500862069
609.4209270932297,55239.35180172414
609.7691218331404,55144.97076724138
610.11726840979,55593.3936724138
610.4653668134961,55464.52368103447
610.813417034576,55469.78110344828
611.1614190633476,55782.72734482759
611.5093728901279,55757.98223275859
611.857278505235,55993.389801724144
612.2051358989859,56038.22079310344
612.5529450616983,56123.39635344826
612.9007059836897,56093.39381896553
613.2484186552775,56174.98024137932
613.5960830667797,56329.24670689655
613.943699208513,56392.34906896552
614.2912670707955,56524.728439655184
614.6387866439445,56584.806620689655
614.9862579182775,56686.15324137932
615.333680884112,56459.804922413794
615.6810555317657,56776.65933620689
616.0283818515558,56913.00005172414
616.3756598338,56524.30306034481
616.7228894688157,56905.948060344825
617.0700707469207,57068.29673275862
617.4172036584321,56881.17636206895
617.7642881936675,57119.26913793104
618.1113243429445,57194.674267241375
618.4583120965808,57017.304387931035
618.8052514448935,56951.90231896552
619.1521423782003,57232.93846551724
619.4989848868188,57022.18960344828
619.8457789610666,57456.156258620686
620.1925245912607,57219.140224137926
620.5392217677189,57016.76601724139
620.885870480759,56780.44122413792
621.2324707206981,57203.73351724138
621.5790224778539,56811.83953448278
621.9255257425439,56941.168137931025
622.2719805050855,56982.084310344835
622.6183867557961,56960.968215517256
622.9647444849935,57061.71000000001
623.3110536829952,56855.620370689656
623.6573143401184,56869.19927586208
624.0035264466808,56989.4553362069
624.349689993,56819.51630172412
624.6958049693934,56612.728784482744
625.0418713661784,56403.894129310334
625.3878891736726,56490.7845
625.7338583821937,56309.566267241375
626.0797789820589,56355.72656896551
626.4256509635858,56265.70567241379
626.7714743170919,56551.095310344834
627.117249032895,56182.284801724134
627.462975101312,56065.93691379311
627.808652512661,56123.190310344835
628.1542812572592,55861.44245689655
628.499861325424,55700.782008620685
628.8453927074733,55935.28564655173
629.1908753937244,55717.58449137931
629.5363093744947,55759.477706896534
629.8816946401017,55405.74157758621
630.227031180863,55464.716431034474
630.5723189870963,55215.21152586207
630.9175580491187,55292.544155172414
631.2627483572479,55185.64766379312
631.6078899018016,55188.75160344828
631.9529826730972,55064.41456034482
632.2980266614518,54915.378931034495
632.6430218571834,54837.753853448274
632.9879682506095,54795.588129310345
633.3328658320472,54834.45716379309
633.6777145918143,54647.54283620689
634.0225145202284,54396.363
634.3672656076068,54223.53271551724
634.7119678442671,54539.476551724125
635.0566212205266,54339.45522413793
635.4012257267033,53955.84284482759
635.7457813531141,53975.63627586205
636.0902880900769,53876.489663793116
636.4347459279091,53759.53029310345
636.7791548569284,53764.09647413792
637.1235148674518,53829.97044827588
637.4678259497972,53562.93193965518
637.8120880942822,53471.71466379309
638.1563012912239,53434.42086206897
638.5004655309402,53301.72910344827
638.8445808037485,53389.16449137931
639.1886470999663,53103.45581896553
639.5326644099108,52798.02682758622
639.8766327238999,52617.36025862069
640.2205520322509,52784.235232758605
640.5644223252815,52900.31061206897
640.9082435933088,52395.20591379309
641.252015826651,52830.6281637931
641.5957390156251,52668.28613793104
641.9394131505485,52474.99112068966
642.283038221739,52423.865844827604
642.6266142195141,52478.52708620687
642.9701411341911,52042.612991379305
643.3136189560876,52495.01053448276
643.6570476755212,52372.12243965516
644.0004272828095,52212.61184482759
644.3437577682696,52058.75081896552
644.6870391222192,52366.06743103449
645.030271334976,52191.91448275862
645.3734543968574,52182.83529310346
645.7165882981807,52259.03136206896
646.0596730292636,52017.30956896553
646.4027085804239,52424.64349137932
646.7456949419784,51875.21293965516
647.0886321042451,52001.74334482759
647.4315200575415,52073.38652586206
647.7743587921849,52302.453284482755
648.1171482984928,51748.07105172414
648.459888566783,51933.22404310345
648.8025795873729,51708.28479310345
649.1452213505797,51884.451646551715
649.4878138467211,52181.87154310346
649.8303570661149,52023.43768965518
650.172850999078,51866.85157758619
650.5152956359285,51759.749043103446
650.8576909669837,52043.33746551724
651.2000369825611,51934.36725
651.542333672978,51727.55979310344
651.8845810285519,52120.21148275863
652.2267790396008,52604.65869827587
652.5689276964417,51864.21954310345
652.9110269893924,52188.48486206896
653.2530769087704,52356.72902586206
653.5950774448929,52090.70743965517
653.9370285880777,52335.17425862068
654.2789303286421,52187.13561206897
654.6207826569039,52660.21057758621
654.9625855631804,52300.92457758619
655.3043390377888,52708.823456896556
655.6460430710474,52276.61813793103
655.9876976532731,52577.85315517242
656.3293027747835,52407.22952586206
656.6708584258962,52225.944827586194
657.0123645969287,52284.60064655173
657.3538212781983,52503.25890517242
657.6952284600228,52182.81535344828
658.0365861327195,52744.91423275861
658.3778942866063,52683.22093965518
658.719152912,52593.77164655172
659.0603619992186,53060.738431034486
659.4015215385796,53064.75294827586
659.7426315204004,52698.129155172406
660.0836919349985,53477.0252586207
660.4247027726914,53112.84074999999
660.7656640237967,53253.780879310325
661.1065756786317,53335.03497413793
661.4474377275141,53582.28005172413
661.7882501607614,53404.89023275863
662.1290129686911,53623.694715517246
662.4697261416204,53602.41245689654
662.8103896698674,53697.564491379315
663.1510035437491,53923.70676724139
663.4915677535832,54101.37574137929
663.8320822896872,53947.06939655175
664.1725471423786,54086.32794827587
664.5129623019748,54122.658
664.8533277587933,54176.27573275863
665.193643503152,54186.830456896554
665.5339095253681,54444.94264655173
665.8741258157589,54188.36581034483
666.2142923646422,54168.04730172414
666.5544091623356,54425.96009482759
666.8944761991562,54451.45626724136
667.2344934654218,54521.158655172425
667.57446095145,54706.285060344824
667.9143786475581,54516.95803448276
668.2542465440636,54768.69618103449
668.594064631284,54875.25369827586
668.9338328995372,54768.277448275876
669.27355133914,54855.10799999999
669.6132199404104,55037.42291379308
669.9528386936657,55074.56384482758
670.2924075892238,55032.30506896551
670.6319266174016,55088.328853448285
670.971395768517,55161.30799137931
671.3108150328875,55254.12708620691
671.6501844008304,55258.234655172426
671.9895038626635,55280.64018103448
672.328773408704,55337.574543103445
672.6679930292696,55194.554043103446
673.0071627146776,55386.08772413794
673.3462824552458,55495.376974137915
673.6853522412916,55543.9433275862
674.0243720631324,55452.965327586215
674.3633419110857,55567.79780172413
674.7022617754692,55437.06677586207
675.0411316466003,55370.062887931046
675.3799515147962,55341.6887586207
675.718721370375,55948.339474137945
676.0574412036539,55581.62262931034
676.3961110049503,55651.32501724137
676.7347307645817,55979.18612068966
677.0733004728659,55502.23621551725
677.4118201201202,55609.52485344829
677.750289696662,55233.622474137934
678.088709192809,55647.07787068965
678.4270785988788,55706.63762068965
678.7653979051886,55526.948094827596
679.103667102056,55507.21448275862
679.4418861797986,55078.83093103449
679.780055128734,55579.907818965505
680.1181739391793,55715.6304051724
680.4562426014525,55635.73220689656
680.794261105871,55552.05876724138
681.132229442752,55232.08047413792
681.470147602413,55663.2289913793
681.808015575172,55201.014491379305
682.1458333513463,55108.97304310345
682.4836009212529,55162.19198275862
682.82131827521,54986.74295689654
683.158985403535,54617.49377586207
683.4966022965449,54868.10200862068
683.8341689445576,55005.904965517235
684.1716853378906,54704.60348275862
684.5091514668615,54840.37259482759
684.8465673217872,54416.5751637931
685.1839328929861,54999.29164655174
685.5212481707752,54515.50243965517
685.858513145472,54707.527965517234
686.1957278073941,54162.151810344825
686.532892146859,53863.68175862071
686.8700061541842,54072.20402586207
687.207069819687,53749.48070689655
687.5440831336854,53608.19495689656
687.8810460864966,53670.75894827585
688.2179586684379,53587.74351724138
688.554820869827,53482.61500862068
688.8916326809817,52861.720732758644
689.228394092219,53487.427112068974
689.5651050938567,53150.18107758622
689.9017656762122,52995.36294827585
690.2383758296032,52883.37519827584
690.574935544347,52613.465379310364
690.911444810761,52544.24154310345
691.2479036191631,52424.3643362069
691.5843119598705,52402.45730172413
691.9206698232007,51933.88205172413
692.2569771994715,52151.65631896553
692.593234079,51866.69870689655
692.9294404521039,51707.79959482759
693.2655963091007,51584.39971551725
693.6017016403081,51236.12040517242
693.9377564360432,51142.41067241379
694.2737606866239,50579.26163793104
694.6097143823674,50741.76318103448
694.9456175135914,50462.1693362069
695.2814700706133,50843.40224999999
695.6172720437506,50714.88452586207
695.953023423321,50119.220560344846
696.2887241996418,49980.148112068964
696.6243743630305,49746.51517241379
696.9599739038048,49651.203620689645
697.295522812282,49558.05219827588
697.6310210787797,49401.0274137931
697.9664686936152,49134.85295689655
698.3018656471065,49047.64355172413
698.6372119295706,48828.24087931034
698.9725075313253,48708.60294827586
699.3077524426881,48827.60281034481
699.6429466539763,48496.577948275866
699.9780901555074,48011.658827586216
700.3131829375992,48424.36981034485
700.648224990569,47959.16436206898
700.9832163047344,47676.2206551724
701.3181568704127,47666.74931896553
701.6530466779217,47126.67046551725
701.9878857175788,47539.55425862068
702.3226739797014,47100.19725
702.657411454607,47071.82312068965
702.9920981326133,46770.21589655173
703.3267340040376,47194.425413793106
703.6613190591974,46414.32628448275
703.9958532884106,46336.56162931034
704.3303366819943,46206.79435344827
704.664769230266,46233.15457758622
704.9991509235432,46251.332896551714
705.3334817521437,45704.04918103448
705.6677617063847,45567.655293103446
706.001990776584,45529.41768103447
706.3361689530589,45448.60225862069
706.670296226127,45173.69423275861
707.0043725861057,45124.23724137931
707.3383980233124,45065.980215517244
707.6723725280649,45107.122370689656
708.0062960906805,44900.6738275862
708.3401687014768,44944.24862068966
708.6739903507713,44717.03625
709.0077610288816,44363.26688793104
709.341480726125,44383.53222413793
709.675149432819,44738.92999137931
710.0087671392814,44468.56820689655
710.3423338358294,44237.45431034482
710.6758495127806,44194.69704310346
711.0093141604527,43282.31824137931
711.3427277691629,43633.48215517241
711.6760903292287,43952.264068965516
712.0094018309679,43497.52029310344
712.3426622646979,43621.21926724138
712.675871620736,43452.00470689655
713.0090298893998,43670.20435344828
713.3421370610071,43674.544551724146
713.6751931258752,42794.554396551735
714.0081980743214,42372.04639655173
714.3411518966633,43340.196413793106
714.6740545832188,43954.12510344827
715.0069061243048,42837.025862068964
715.3397065102391,42517.213732758624
715.6724557313395,43005.555827586206
716.005153777923,43005.28996551725
716.3378006403074,42992.60834482758
716.6703963088099,42836.268155172394
717.0029407737486,42952.05108620689
717.3354340254403,43196.444793103445
717.6678760542031,42596.58020689656
718.0002668503543,42590.777767241365
718.3326064042111,42001.527724137944
718.6648947060913,42385.23315517242
718.9971317463124,42252.415112068964
719.3293175151921,42318.242560344836
719.6614520030474,42074.83918965517
719.9935352001961,41598.646991379304
720.3255670969559,42142.261810344826
720.657547683644,41968.660525862055
720.9894769505778,42927.08663793104
721.3213548880752,42456.590534482755
721.6531814864536,41849.36156896552
721.9849567360303,42242.76431896552
722.3166806271229,42470.01656896551
722.6483531500489,42038.495844827594
722.9799742951261,41885.99071551726
723.3115440526715,41387.53256896552
723.6430624130029,41729.37137068965
723.9745293664379,41618.76610344827
724.3059449032936,42125.97775862069
724.6373090138878,41780.49664655171
724.9686216885382,42319.67821551724
725.2998829175622,41550.20692241379
725.6310926912768,42090.55828448278
725.962251,42213.03429310345
726.2933578340493,42343.60580172414
726.624413183742,41990.427982758614
726.9554170393957,41915.89355172415
727.2863693913281,42386.08391379311
727.6172702298564,42236.00477586207
727.9481195452983,42320.98093965518
728.278917327971,41911.02827586207
728.6096635681926,42058.73459482758
728.94035825628,41385.55189655172
729.2710013825509,41672.290784482764
729.6015929373231,42137.037620689676
729.9321329109138,41527.017103448285
730.2626212936404,41561.14714655173
730.5930580758207,42295.99655172414
730.9234432477722,41474.329887931024
731.253776799812,42624.47578448276
731.5840587222582,42009.82262068965
731.9142890054278,41824.52340517242
732.2444676396386,41849.57425862068
732.574594615208,42080.7413275862
732.9046699224534,41790.91179310345
733.2346935516928,42372.85062931035
733.564665493243,41862.787603448276
733.8945857374217,42009.53017241379
734.2244542745469,42508.26082758621
734.5542710949358,41770.10808620689
734.8840361889054,42552.16794827586
735.2137495467739,42022.25831896552
735.5434111588587,41995.79174999999
735.873021015477,42382.73405172414
736.2025791069465,42746.652698275866
736.5320854235848,42416.093094827585
736.8615399557093,42339.53811206896
737.1909426936373,42835.88265517241
737.5202936276866,42720.55168965518
737.8495927481747,42479.10240517241
738.178840045419,42289.954836206896
738.5080355097368,42784.73079310345
738.8371791314461,42813.14480172414
739.166270900864,43067.475103448254
739.4953108083082,42520.76299137931
739.8242988440961,42695.70687931034
740.1532349985453,42744.339698275864
740.4821192619731,42797.33265517242
740.8109516246973,42932.796025862066
741.1397320770353,42765.77482758621
741.4684606093047,42824.98895689655
741.7971372118227,42825.16841379311
742.1257618749069,42930.25704310345
742.4543345888751,42911.979025862085
742.7828553440444,43290.859060344825
743.1113241307326,42858.467637931026
743.4397409392571,43398.885465517254
743.7681057599356,43192.65625862069
744.0964185830851,43182.02842241379
744.4246793990236,43311.82228448275
744.7528881980685,42926.083008620684
745.081044970537,43489.863465517235
745.4091497067471,43056.92037931035
745.737202397016,43400.101784482766
746.0652030316613,43392.11262931035
746.3931516010002,43210.60859482757
746.7210480953507,43270.906112068966
747.0488925050303,43221.216491379295
747.3766848203559,43296.68143965516
747.7044250316454,43337.59761206898
748.0321131292166,43358.48772413794
748.3597491033865,43360.016431034484
748.6873329444727,43293.86994827587
749.014864642793,43304.76364655172
749.3423441886647,43249.976120689644
749.6697715724052,43302.15155172414
749.9971467843322,43265.57557758621
750.3244698147632,43214.815862068965
750.6517406540157,43503.43572413794
750.9789592924069,43122.435439655164
751.3061257202547,43329.69486206896
751.6332399278766,43663.7904310345
751.9603019055899,43211.51917241379
752.287311643712,43411.354396551724
752.6142691325607,43368.038818965506
752.9411743624535,43343.838724137924
753.2680273237074,43370.79713793104
753.5948280066407,43213.440025862066
753.9215764015704,43001.607775862074
754.248272498814,43173.261620689664
754.5749162886892,43153.22226724137
754.9015077615135,42841.073612068954
755.2280469076043,43033.40487931034
755.554533717279,43000.63737931035
755.8809681808553,43109.92662931035
756.2073502886508,42796.029931034485
756.5336800309826,42839.29233620688
756.8599573981685,42687.75760344828
757.1861823805261,42887.42001724138
757.5123549683728,42658.33331896552
757.8384751520258,42829.462086206884
758.1645429218031,42493.724818965515
758.4905582680221,42548.85131896553
758.816521181,42295.02615517241
759.1424316510545,42166.08305172413
759.4682896685033,42188.07649137932
759.7940952236635,42088.27851724137
760.1198483068528,42015.00693103449
760.4455489083888,42082.16368965518
760.7711970185891,41656.71126724138
761.0967926277708,41925.79026724136
761.4223357262517,41821.65209482758
761.7478263043492,41656.82425862069
762.073264352381,41479.71359482759
762.3986498606644,41565.19489655172
762.7239828195169,41160.506301724155
763.0492632192563,41537.33919827586
763.3744910501996,41158.38605172414
763.6996663026646,41061.63219827586
764.0247889669689,40975.87174137931
764.3498590334299,40683.94854310344
764.674876492365,40612.58451724138
764.9998413340919,40151.65944827585
765.324753548928,40349.254784482764
765.6496131271908,40330.33205172413
765.9744200591978,39888.3961810345
766.2991743352666,39631.9589224138
766.6238759457146,40022.99550000001
766.9485248808593,39261.60641379309
767.2731211310183,39874.11274137931
767.5976646865092,39397.10301724137
767.9221555376491,39117.136965517246
768.2465936747559,38879.908241379315
768.5709790881469,38733.79044827586
768.8953117681399,38465.41598275861
769.2195917050519,38369.48630172412
769.5438188892008,38376.21261206897
769.8679933109041,37910.202931034495
770.1921149604792,37698.94893103448
770.5161838282434,37780.681577586205
770.8401999045146,37579.158129310345
771.16416317961,37135.540681034494
771.4880736438472,37125.83671551724
771.811931287544,37067.75914655174
772.1357361010175,36509.694724137924
772.4594880745854,36629.598517241386
772.7831871985649,36458.915068965514
773.106833463274,36340.45357758621
773.4304268590299,35907.00535344827
773.7539673761501,36016.94596551725
774.0774550049523,35811.18866379311
774.4008897357538,35970.33369827587
774.7242715588721,35348.71494827587
775.047600464625,35149.47126724138
775.3708764433297,35300.42110344827
775.6940994853038,34714.1620086207
776.0172695808648,34628.27526724139
776.3403867203302,34925.209965517235
776.6634508940177,34405.655663793106
776.9864620922444,34194.99320689654
777.3094203053281,34165.44263793104
777.6323255235864,33929.955310344834
777.9551777373364,33592.77574137931
778.2779769368959,33405.72848275862
778.6007231125826,33204.364551724146
778.9234162547136,32853.05441379311
779.2460563536066,32673.770327586204
779.568643399579,32608.168862068953
779.8911773829484,32656.46270689655
780.2136582940323,31978.73376724138
780.5360861231482,32120.132508620693
780.8584608606136,31654.907120689648
781.1807824967461,31708.60461206896
781.503051021863,31508.044913793095
781.8252664262819,31222.655275862075
782.1474287003205,31197.637655172417
782.4695378342959,31085.33751724138
782.7915938185259,31037.675094827588
783.1135966433282,30826.18181896552
783.4355462990198,30616.92843103449
783.7574427759185,30659.891741379317
784.0792860643418,30444.05826724138
784.4010761546072,30206.942534482758
784.722813037032,30063.908741379317
785.0444967019339,30017.70191379311
785.3661271396305,29903.84648275862
785.6877043404394,30054.557043103436
786.0092282946775,29753.202387931036
786.3306989926629,29846.194293103457
786.6521164247129,29751.009025862066
786.9734805811449,29757.84832758621
787.2947914522766,29582.45912068965
787.6160490284254,29693.104267241382
787.9372532999091,29780.27379310345
788.2584042570446,29437.570939655165
788.5795018901498,29410.532767241377
788.9005461895424,29499.098068965515
789.2215371455394,29662.516836206898
789.5424747484585,29598.297853448275
789.8633589886175,29890.766068965517
790.1841898563337,29943.25388793103
790.5049673419245,29774.99643103448
790.8256914357073,29923.088250000004
791.146362128,29692.931456896553
791.4669794091199,30023.763568965514
791.7875432693843,30088.38799137931
792.1080536991111,30008.263810344823
792.4285106886177,29955.89562931034
792.7489142282213,30035.52131896551
793.0692643082398,30002.162275862076
793.3895609189905,30192.466344827586
793.7098040507909,30393.69734482759
794.0299936939585,30174.640293103454
794.350129838811,30401.31429310345
794.6702124756658,30389.948689655175
794.9902415948401,30412.759655172416
795.3102171866518,30335.865698275855
795.6301392414183,30115.379637931033
795.9500077494572,30596.490284482756
796.2698227010857,30620.743551724143
796.5895840866215,30621.036000000007
796.9092918963823,30500.261508620686
797.2289461206852,30738.507155172414
797.5485467498479,30572.602577586204
797.8680937741881,30469.255344827587
798.187587184023,30249.420646551727
798.5070269696703,30809.96423275862
798.8264131214474,30805.88989655173
799.145745629672,30979.697224137937
799.4650244846613,30728.63702586207
799.7842496767328,30659.260318965516
800.1034211962044,30973.695387931028
800.4225390333933,30955.743051724145
800.741603178617,30967.288112068967
801.0606136221932,30578.52465517242
801.3795703544392,30523.637431034487
801.6984733656726,30977.49721551724
802.0173226462109,30521.025336206898
802.3361181863717,31225.26737068965
802.6548599764723,31084.101258620685
802.9735480068302,30711.429103448267
803.2921822677633,30155.38523275863
803.6107627495887,30677.551629310346
803.929289442624,30539.82843103448
804.2477623371868,30454.499999999993
804.5661814235946,30328.93334482759
804.8845466921647,30352.64159482759
805.2028581332147,30343.19019827586
805.5211157370624,30579.39535344828
805.8393194940251,30099.766887931033
806.15746939442,30242.84720689656
806.475565428565,30238.161387931035
806.7936075867775,30160.562896551728
807.111595859375,29838.557405172414
807.429530236675,29779.502793103456
807.7474107089951,30082.020594827598
808.0652372666526,29874.109810344835
808.383009899965,29849.145362068964
808.70072859925,29746.68212068965
809.0183933548252,29618.676181034487
809.3360041570078,30039.821637931032
809.6535609961155,29478.23454310344
809.9710638624657,28940.24935344827
810.2885127463761,29342.04669827586
810.6059076381638,28907.461913793104
810.9232485281467,28908.30602586207
811.2405354066423,28912.75256896552
811.5577682639678,28228.735991379315
811.8749470904407,28117.72528448276
812.1920718763791,28525.232017241386
812.5091426121,28758.03413793104
812.8261592879209,28660.170310344827
813.1431218941593,28523.65678448276
813.4600304211331,28487.253620689655
813.7768848591593,28311.784655172418
814.0936851985556,28574.3633275862
814.4104314296397,27607.934767241375
814.7271235427289,27452.425396551716
815.0437615281405,27800.764525862076
815.3603453761925,27928.976508620683
815.6768750772022,27985.01358620689
815.9933506214869,27370.373715517242
816.3097719993643,27329.23156034483
816.626139201152,27339.99232758621
816.9424522171673,27329.11856896552
817.2587110377277,27447.666465517246
817.5749156531509,27746.821112068967
817.8910660537543,27373.584
818.2071622298554,27062.558612068966
818.5232041717716,27202.202663793105
818.8391918698208,27087.283784482766
819.15512531432,26778.31882758621
819.4710044955867,26834.974034482762
819.786829403939,26627.462043103445
820.1026000296939,26863.673844827586
820.4183163631691,26565.59593965518
820.733978394682,26275.746465517244
821.0495861145503,26120.589362068968
821.3651395130912,26303.748387931042
821.6806385806223,26420.37543103448
821.9960833074613,25790.01646551724
822.3114736839257,26004.281353448278
822.6268097003326,26083.568068965516
822.942091347,25522.69215517241
823.2573186142452,25808.327715517244
823.5724914923858,25784.1675
823.8876099717388,25843.428155172413
824.2026740426224,25918.155336206888
824.5176836953539,25422.62831896552
824.8326389202506,25476.405568965518
825.1475397076301,25305.828465517236
825.4623860478102,25315.57895689655
825.777177931108,24978.14017241379
826.0919153478409,25415.543094827583
826.406598288327,25180.235224137927
826.7212267428835,25500.871525862072
827.0358007018276,25196.60568103448
827.3503201554771,24968.502672413797
827.6647850941497,25302.584948275857
827.9791955081625,25084.225784482758
828.2935513878332,25129.209646551724
828.6078527234795,24686.994620689657
828.9220995054185,24677.47675862069
829.236291723968,25127.202387931036
829.5504293694454,24608.63842241379
829.8645124321683,24762.074068965514
830.178540902454,24631.821594827587
830.4925147706201,24473.407681034485
830.8064340269843,24760.55200862068
831.120298661864,24450.098224137924
831.4341086655764,24638.27539655172
831.7478640284395,24391.99406896552
832.0615647407706,24529.544456896554
832.3752107928871,24381.78496551724
832.6888021751064,24026.294146551725
833.0023388777464,24363.89244827586
833.3158208911243,24069.383741379308
833.6292482055577,24079.22063793103
833.9426208113641,24370.957732758612
834.2559386988611,24520.837474137927
834.569201858366,23810.666715517244
834.8824102801964,24090.572948275858
835.19556395467,23853.669905172406
835.5086628721041,24040.956439655172
835.821707022816,23785.90831034483
836.1346963971237,23658.746482758623
836.4476309853444,23833.29157758621
836.7605107777956,23619.079862068975
837.0733357647947,23673.993672413788
837.3861059366598,23616.467767241375
837.6988212837077,23629.21585344828
838.0114817962561,23705.62461206897
838.3240874646227,23213.746551724144
838.6366382791251,23368.54474137931
838.9491342300803,23396.088051724142
839.2615753078062,23549.51040517241
839.5739615026203,23626.763275862068
839.88629280484,23386.563543103446
840.1985692047826,23413.648241379306
840.510790692766,23496.251586206905
840.8229572591076,23309.00493103448
841.1350688941246,23173.980232758622
841.4471255881351,23349.575482758617
841.7591273314559,23266.161258620683
842.0710741144052,23110.50566379311
842.3829659272999,23157.49678448275
842.6948027604578,22824.38490517241
843.0065846041965,23048.865543103442
843.3183114488334,23054.29577586207
843.6299832846859,23051.949543103445
843.9416001020717,22871.861224137934
844.253161891308,22847.15599137931
844.5646686427127,22789.41739655173
844.876120346603,22962.699646551722
845.1875169932966,22739.40874137931
845.4988585731109,22808.24043103448
845.8101450763634,22607.042663793098
846.1213764933716,22559.313775862072
846.4325528144531,22680.028448275858
846.7436740299254,22688.482862068962
847.0547401301059,22713.267853448273
847.3657511053123,22485.198077586196
847.6767069458617,22625.294094827583
847.987607642072,22376.24780172414
848.2984531842606,22489.624681034486
848.6092435627448,22545.9675
848.9199787678427,22453.826353448283
849.2306587898711,22398.154836206897
849.5412836191479,22302.358086206903
849.8518532459905,22233.15418965518
850.1623676607164,22143.166525862078
850.4728268536431,22094.50712068965
850.783230815088,22120.608129310345
851.093579535369,22033.19932758621
851.4038730048032,22076.82064655172
851.7141112137083,21939.948206896548
852.0242941524017,21976.65711206896
852.3344218112011,21930.629741379307
852.6444941804235,21826.730844827587
852.9545112503871,21804.51142241379
853.264473011409,21617.82972413794
853.5743794538067,21675.315749999998
853.8842305678979,21678.958060344827
854.194026344,21467.949982758615
854.5037667724305,21523.854129310344
854.8134518435068,21492.43587931034
855.1230815475466,21367.155025862074
855.4326558748674,21451.09432758621
855.7421748157863,21323.912560344823
856.0516383606214,21369.38162068965
856.3610464996898,21243.549103448277
856.6703992233095,21179.44975862068
856.9796965217972,21095.929189655173
857.2889383854709,21218.199155172413
857.5981248046484,21122.82778448276
857.9072557696466,21002.671422413798
858.2163312707833,20920.792551724135
858.5253512983759,20899.60334482759
858.8343158427422,20760.411258620687
859.1432248941993,20755.625741379314
859.4520784430649,20793.65731034483
859.7608764796566,20665.312396551722
860.0696189942919,20428.05043965517
860.378305977288,20453.87229310345
860.6869374189627,20587.80031034483
860.9955133096336,20332.266982758618
861.3040336396177,20369.035706896557
861.612498399233,20259.693284482757
861.9209075787969,20255.94462931034
862.2292611686267,20108.338008620693
862.5375591590403,20060.4828362069
862.8458015403547,20093.104112068966
863.1539883028879,19845.692870689658
863.462119436957,19870.610793103446
863.7701949328797,19582.64229310344
864.0782147809736,19604.8218362069
864.386178971556,19483.017129310345
864.6940874949445,19455.48046551725
865.0019403414566,19417.64164655173
865.3097375014099,19459.946948275865
865.6174789651217,19269.41025
865.9251647229097,19253.711094827584
866.2327947650913,19030.287258620687
866.5403690819841,18991.15900862069
866.8478876639055,18950.874258620686
867.1553505011728,18817.112405172415
867.4627575841041,18743.355620689654
867.7701089030164,18741.281896551725
868.0774044482273,18526.325767241375
868.3846442100546,18422.200887931038
868.6918281788154,18441.794922413792
868.9989563448274,18277.74473275862
869.3060286984081,18254.05642241379
869.6130452298751,18133.561086206897
869.9200059295456,17990.035448275863
870.2269107877374,17898.10034482759
870.5337597947679,17617.323413793103
870.8405529409546,17690.34907758621
871.1472902166151,17334.864905172417
871.4539716120669,17290.60551724138
871.7605971176272,17211.857172413795
872.0671667236139,17038.96042241379
872.3736804203443,16890.629327586208
872.6801381981361,16949.670646551727
872.9865400473064,16650.801801724134
873.2928859581732,16689.63760344828
873.5991759210535,16752.188301724134
873.9054099262653,16588.84929310345
874.2115879641259,16692.203172413792
874.5177100249526,16552.107155172416
874.8237760990634,16532.300431034477
875.1297861767753,16523.134836206897
875.435740248406,16611.78654310345
875.741638304273,16487.921405172412
876.0474803346939,16630.097793103443
876.353266329986,16386.986870689656
876.658996280467,16497.565551724136
876.9646701764544,16430.355620689654
877.2702880082657,16311.05001724137
877.5758497662182,16311.023431034482
877.8813554406296,16310.87056034483
878.1868050218173,16509.73538793103
878.4921985000991,16418.857086206895
878.7975358657919,16553.05096551725
879.1028171092139,16278.242637931031
879.4080422206821,16246.850974137931
879.7132111905144,16257.904189655172
880.018324009028,16295.477146551722
880.3233806665403,16336.539543103438
880.6283811533692,16449.896482758617
880.933325459832,16312.930991379308
881.2382135762464,16435.147784482764
881.5430454929294,16537.983232758623
881.847821200199,16349.752887931034
882.1525406883726,16348.323879310341
882.4572039477674,16474.734646551722
882.7618109687014,16503.53415517241
883.0663617414918,16362.454448275867
883.3708562564561,16481.07545689655
883.6752945039119,16521.44661206897
883.9796764741768,16545.30773275862
884.284002157568,16592.990094827586
884.5882715444033,16640.240431034486
884.8924846250001,16489.290594827587
885.1966413896757,16617.927956896554
885.500741828748,16791.522594827587
885.8047859325343,16634.497810344827
886.1087736913521,16617.30982758621
886.4127050955188,16672.788594827583
886.7165801353522,16676.33120689655
887.0203988011696,16595.183456896557
887.3241610832885,16550.71137931034
887.6278669720265,16610.17807758621
887.931516457701,16671.12695689655
888.2351095306296,16613.02944827586
888.5386461811297,16554.499913793094
888.8421263995189,16634.099017241377
889.1455501761147,16637.568517241376
889.4489175012345,16760.875344827586
889.7522283651961,16560.54827586207
890.0554827583167,16622.573896551723
890.3586806709139,16556.75974137931
890.6618220933051,16588.79612068966
890.964907015808,16508.05381034482
891.26793542874,16512.952318965516
891.5709073224186,16365.67137931034
891.8738226871615,16338.546801724135
892.1766815132858,16248.984517241379
892.4794837911094,16444.67229310345
892.7822295109495,16321.325586206895
893.084918663124,16237.386284482762
893.38755123795,16299.252387931028
893.6901272257452,16137.515198275862
893.9926466168271,16125.704275862076
894.295109401513,16012.38721551724
894.5975155701208,15991.510396551723
894.8998651129676,15914.290758620691
895.2021580203713,15792.213543103448
895.5043942826492,15764.809810344823
895.8065738901186,15721.354655172414
896.1086968330975,15694.276603448272
896.410763101903,15437.467137931031
896.7127726868525,15516.082551724132
897.014725578264,15318.62014655172
897.3166217664545,15265.261629310346
897.618461241742,15262.13110344828
897.9202439944438,15153.832189655166
898.2219700148772,14976.435724137931
898.5236392933599,15024.304189655173
898.8252518202094,14847.891413793104
899.1268075857431,14883.835965517239
899.4283065802786,14771.808336206892
899.7297487941335,14663.509422413794
900.031134217625,14504.955931034483
900.3324628410709,14391.492646551724
900.6337346547887,14427.70970689655
900.9349496490956,14289.654181034482
901.2361078143095,14247.455224137933
901.5372091407476,14086.602025862068
901.8382536187277,14025.447103448276
902.1392412385669,14030.099689655171
902.4401719905832,13834.04635344828
902.7410458650936,13776.939181034482
903.0418628524161,13525.24756034483
903.3426229428677,13466.944008620689
903.6433261267663,13373.028232758623
903.9439723944292,13294.917956896552
904.2445617361741,13232.094749999997
904.5450941423185,13079.018017241384
904.8455696031795,13106.999999999998
905.145988109075,13063.398620689653
905.4463496503224,12826.621862068963
905.7466542172392,12714.361603448277
906.046901800143,12738.375594827585
906.3470923893511,12550.457637931033
906.6472259751812,12300.101974137931
906.9473025479507,12316.725
907.2473220979772,12224.404396551721
907.5472846155781,12135.81915517241
907.847190091071,12211.842413793103
908.1470385147733,12108.661344827586
908.4468298770025,12031.740801724143
908.7465641680764,11877.999413793104
909.0462413783121,11819.03120689655
909.345861498027,11575.48161206897
909.6454245175394,11504.722422413797
909.944930427166,11497.271637931035
910.2443792172248,11380.817405172416
910.5437708780329,11385.190836206893
910.843105399908,11377.952741379313
911.1423827731678,11175.990620689656
911.4416029881294,11086.474862068968
911.7407660351107,11024.602112068962
912.039871904429,10935.744362068965
912.3389205864019,10723.220870689654
912.6379120713467,10638.4241637931
912.9368463495812,10564.527801724142
913.2357234114227,10471.077284482755
913.5345432471886,10402.351939655173
913.8333058471968,10343.137810344828
914.1320112017644,10285.086827586207
914.4306593012092,10236.88603448276
914.7292501358485,10149.59022413793
915.027783696,9982.010715517243
915.326259971981,10005.479689655174
915.6246789541092,9843.855491379309
915.9230406327019,9773.136181034482
916.2213449980769,9785.379129310342
916.5195920405514,9582.267155172416
916.817781750443,9713.217517241383
917.1159141180693,9544.747370689654
917.4139891337477,9423.514267241382
917.7120067877958,9432.97895689655
918.0099670705309,9366.17446551724
918.3078699722709,9334.443827586207
918.6057154833329,9139.274482758621
918.9035035940346,9114.894931034485
919.2012342946937,8991.521637931033
919.4989075756272,9044.428189655173
919.7965234271528,8828.049698275861
920.0940818395884,8865.775525862067
920.391582803251,8860.052844827587
920.6890263084584,8861.149525862069
920.986412345528,8709.029896551727
921.2837409047773,8578.478327586206
921.5810119765239,8664.21884482759
921.8782255510852,8601.036724137934
922.1753816187786,8395.186370689658
922.4724801699219,8422.709741379313
922.7695211948325,8373.485379310345
923.0665046838276,8353.88469827586
923.3634306272252,8228.603844827583
923.6602990153425,8157.552206896551
923.957109838497,7912.846112068968
924.2538630870064,7955.224525862065
924.550558751188,7951.542336206897
924.8471968213594,7980.547887931032
925.143777287838,7845.450077586208
925.4403001409416,7849.896620689651
925.7367653709874,7761.876336206895
926.033172968293,7766.847956896551
926.3295229231761,7687.302025862069
926.6258152259538,7575.546905172413
926.922049866944,7400.549844827587
927.2182268364639,7519.622818965516
927.5143461248313,7589.365086206895
927.8104077223635,7447.98628448276
928.1064116193779,7293.653353448277
928.4023578061923,7276.066577586207
928.6982462731241,7298.272706896552
928.9940770104909,7119.12819827586
929.2898500086097,7157.831068965519
929.5855652577987,7005.571862068966
929.881222748375,6946.1317500000005
930.1768224706561,6967.281077586207
930.4723644149599,7015.4885172413815
930.7678485716033,6914.912896551723
931.0632749309043,6877.698853448275
931.3586434831801,6841.873939655171
931.6539542187485,6662.377163793104
931.9492071279267,6688.484818965519
932.2444022010322,6691.582112068966
932.539539428383,6526.667870689656
932.834618800296,6550.914491379312
933.1296403070891,6560.272836206895
933.4246039390796,6481.763767241378
933.719509686585,6464.1371120689655
934.0143575399229,6393.244991379311
934.3091474894109,6358.702862068967
934.6038795253663,6263.883155172412
934.8985536381067,6234.857663793102
935.1931698179496,6181.931172413793
935.4877280552125,6180.429051724139
935.7822283402131,6098.61
936.0766706632685,6048.807387931036
936.3710550146964,5966.702534482758
936.6653813848145,6018.399413793104
936.9596497639401,5884.351758620687
937.2538601423907,5897.279301724138
937.5480125104838,5929.375499999999
937.8421068585369,5913.60323275862
938.1361431768677,5888.904646551726
938.4301214557936,5820.6046810344815
938.724041685632,5721.17226724138
939.0179038567005,5637.598525862069
939.3117079593167,5645.215474137931
939.6054539837977,5508.55572413793
939.8991419204615,5586.566301724137
940.1927717596254,5516.711043103449
940.4863434916068,5487.665612068968
940.7798571067235,5437.6503103448285
941.0733125952926,5434.692594827583
941.3667099476321,5397.445318965516
941.660049154059,5432.997724137929
941.9533302048911,5402.855612068964
942.2465530904459,5303.29026724138
942.5397178010408,5235.9141724137935
942.8328243269934,5248.994586206896
943.1258726586211,5250.8622672413785
943.4188627862416,5109.9686637931045
943.7117947001722,5162.476422413794
944.0046683907303,5110.580146551723
944.2974838482338,5090.188525862071
944.5902410629999,4995.701146551724
944.8829400253463,5031.5792327586205
945.1755807255904,4957.171086206897
945.4681631540498,4963.844224137931
945.7606873010416,4913.5896465517235
946.0531531568838,4874.461396551724
946.3455607118939,4864.604560344829
946.637909956389,4768.887568965518
946.9302008806869,4870.699448275864
947.222433475105,4754.58418965517
947.5146077299611,4713.435387931035
947.8067236355722,4622.0652413793105
948.0987811822561,4673.828586206897
948.3907803603304,4702.8540775862075
948.6827211601122,4563.987672413793
948.9746035719196,4577.001620689654
949.2664275860697,4502.905862068966
949.5581931928801,4563.276491379308
949.8499003826682,4520.260008620689
950.1415491457516,4407.826939655173
950.433139472448,4436.839137931036
950.7246713530745,4378.130146551724
951.0161447779491,4321.700922413793
951.3075597373888,4332.07618965517
951.5989162217114,4316.815706896552
951.8902142212344,4336.143879310343
952.1814537262751,4273.832456896553
952.4726347271514,4168.311801724138
952.7637572141804,4102.936318965518
953.0548211776797,4214.09325
953.345826607967,4112.035448275863
953.6367734953598,4098.496422413793
953.9276618301752,4085.342896551725
954.218491602731,4032.609155172414
954.5092628033449,4003.716594827586
954.7999754223339,4040.7511810344818
955.0906294500162,3978.240362068965
955.3812248767088,3983.617422413794
955.6717616927293,3925.945293103448
955.9622398883953,3902.576017241379
956.252659454024,3912.9845172413798
956.5430203799333,3881.765663793102
956.8333226564404,3844.6313793103454
957.123566273863,3871.981939655173
957.4137512225187,3767.0328879310364
957.7038774927249,3704.1764482758617
957.9939450747991,3722.4544655172426
958.2839539590585,3713.2888706896556
958.573904135821,3675.443405172414
958.8637955954039,3636.2686293103443
959.1536283281249,3716.2931120689673
959.4434023243015,3647.7006982758626
959.7331175742511,3613.956155172414
960.0227740682911,3580.597112068965
960.3123717967391,3549.21874137931
960.6019107499126,3492.1647413793116
960.8913909181291,3530.3225948275863
961.1808122917063,3491.420327586206
961.4701748609615,3465.7646379310336
961.7594786162123,3428.670232758621
962.0487235477761,3451.56095689655
962.3379096459703,3391.0839827586196
962.6270369011127,3394.958922413794
962.9161053035206,3357.27297413793
963.2051148435118,3341.8064482758623
963.4940655114033,3332.009431034482
963.7829572975131,3332.2354137931025
964.0717901921586,3295.838896551725
964.3605641856568,3288.268474137932
964.6492792683258,3229.47972413793
964.9379354304829,3203.112853448276
965.2265326624457,3195.715241379311
965.5150709545317,3167.97253448276
965.8035502970582,3142.8286293103442
966.0919706803429,3143.91201724138
966.380332094703,3097.897939655173
966.6686345304566,3090.2477586206896
966.9568779779205,3073.8041896551736
967.2450624274128,3037.9792758620697
967.5331878692509,3010.8480517241396
967.821254293752,3005.3579999999997
968.1092616912339,2978.6720948275847
968.3972100520137,2960.6267068965512
968.6850993664095,2911.18300862069
968.9729296247382,2934.153491379312
969.2607008173178,2900.7346293103433
969.5484129344657,2889.8076982758625
969.8360659664992,2877.8173189655167
970.123659903736,2853.464353448275
970.4111947364933,2813.133077586206
970.698670455089,2821.1222327586206
970.9860870498403,2775.028396551724
971.273444511065,2761.9679224137926
971.5607428290805,2757.773948275861
971.8479819942042,2734.982922413793
972.1351619967537,2734.0524051724137
972.4222828270463,2721.9490344827573
972.7093444753998,2683.565198275862
972.9963469321315,2637.783749999999
973.2832901875591,2625.94624137931
973.570174232,2622.323870689654
973.8569990557718,2620.6024137931026
974.1437646491918,2602.6766637931037
974.4304710025773,2571.477749999999
974.7171181062464,2570.2348448275866
975.0037059505163,2538.6171982758624
975.2902345257045,2505.769939655173
975.5767038221287,2489.492534482759
975.8631138301062,2475.4550172413788
976.1494645399545,2476.0199741379324
976.4357559419909,2443.5116896551717
976.7219880265335,2461.3643275862078
977.0081607838993,2423.3460517241388
977.294274204406,2391.86798275862
977.5803282783712,2371.7156379310345
977.8663229961121,2341.9922586206894
978.1522583479466,2352.5536293103455
978.4381343241918,2340.1179310344824
978.7239509151655,2324.1263275862075
979.0097081111849,2315.592155172415
979.2954059025678,2277.919500000001
979.5810442796319,2262.260224137932
979.8666232326942,2236.2123879310348
980.1521427520727,2226.2824396551723
980.4376028280842,2232.191224137931
980.7230034510469,2172.4387241379313
981.0083446112778,2185.20675
981.293626299095,2192.2986206896558
981.5788485048156,2165.233862068965
981.8640112187571,2146.370948275862
982.1491144312372,2117.917060344827
982.4341581325729,2126.5176982758617
982.7191423130824,2106.524870689655
983.0040669630827,2078.5960603448275
983.2889320728916,2046.094422413793
983.5737376328267,2056.669086206897
983.8584836332051,2037.533663793103
984.1431700643446,2016.8761810344827
984.4277969165624,1996.3316896551723
984.7123641801765,1986.6277241379305
984.9968718455038,1961.3243017241382
985.2813199028625,1954.8904396551727
985.5657083425697,1912.9639913793103
985.8500371549429,1931.0625517241383
986.1343063302998,1905.965172413794
986.4185158589573,1880.1765517241383
986.7026657312338,1901.5452155172413
986.9867559374461,1857.9903620689656
987.2707864679121,1859.8115172413802
987.5547573129493,1835.179396551724
987.838668462875,1812.7672241379305
988.1225199080069,1822.8633362068963
988.4063116386621,1800.577448275862
988.6900436451588,1770.2891120689658
988.9737159178138,1745.7699827586205
989.257328446945,1749.5053448275853
989.5408812228701,1736.3784051724135
989.824374235906,1724.4146120689645
990.1078074763708,1711.4737758620684
990.3911809345815,1714.7239396551715
990.6744946008561,1705.923905172414
990.9577484655115,1678.3938879310354
991.2409425188658,1631.1568448275857
991.5240767512364,1638.6873879310351
991.8071511529406,1636.8994655172414
992.090165714296,1614.6534568965521
992.3731204256198,1607.3223103448279
992.6560152772302,1582.2847500000003
992.9388502594439,1578.8152499999994
993.2216253625792,1557.6991551724143
993.504340576953,1560.9825517241384
993.786995892883,1551.6973189655173
994.069591300687,1550.753508620689
994.3521267906818,1523.808387931034
994.6346023531856,1519.262146551725
994.9170179785156,1472.9888534482757
995.1993736569893,1484.886181034483
995.4816693789244,1462.3543706896558
995.7639051346382,1452.5772931034476
996.0460809144483,1437.290224137931
996.328196708672,1415.86174137931
996.610252507627,1426.2901810344824
996.8922483016308,1388.212086206897
997.174184081001,1383.6259655172416
997.4560598360551,1356.2554655172416
997.7378755571104,1355.2850689655172
998.0196312344846,1384.8489310344828
998.3013268584948,1335.185896551725
998.582962419459,1326.7647155172415
998.8645379076945,1337.585301724138
999.146053313519,1299.0951206896552
999.4275086272497,1284.2998965517245
999.7089038392044,1277.2080258620688
999.9902389397004,1282.3790431034483
1000.2715139190549,1251.804905172414
1000.5527287675861,1240.7051637931029
1000.8338834756111,1234.7830862068963
1001.1149780334474,1238.5849137931032
1001.3960124314128,1211.1080689655175
1001.6769866598245,1203.2717844827575
1001.9579007090001,1175.1502241379308
1002.2387545692569,1194.3587586206895
1002.5195482309128,1171.2486982758628
1002.8002816842849,1160.3616465517243
1003.0809549196912,1151.0431810344833
1003.3615679274488,1132.45277586207
1003.6421206978755,1147.6135603448276
1003.9226132212885,1102.0514482758615
1004.2030454880053,1104.0454137931033
1004.4834174883438,1087.6550172413786
1004.7637292126209,1062.6373965517246
1005.0439806511547,1065.4555344827572
1005.3241717942625,1068.247086206896
1005.6043026322618,1057.838586206896
1005.88437315547,1045.1769051724127
1006.1643833542047,1030.0892327586212
1006.4443332187833,1035.2735431034478
1006.7242227395233,1011.4456551724134
1007.0040519067426,1031.119448275862
1007.2838207107583,1014.2637931034483
1007.5635291418881,988.0497931034483
1007.8431771904494,987.604474137931
1008.1227648467594,973.2811551724142
1008.4022921011363,956.7245948275861
1008.6817589438969,951.9390775862068
1008.9611653653593,952.2514655172413
1009.2405113558408,911.4216982758619
1009.5197969056588,929.1281120689655
1009.7990220051308,904.5425172413795
1010.0781866445743,895.815594827586
1010.357290814307,887.1219051724138
1010.6363345046461,876.600413793104
1010.9153177059095,867.8668448275864
1011.1942404084145,886.7297586206896
1011.4731026024787,860.9211982758623
1011.7519042784193,820.3639396551721
1012.0306454265539,813.9300775862071
1012.3093260372002,817.4062241379311
1012.5879461006755,839.7718706896544
1012.8665056072978,828.2201637931034
1013.145004547384,806.2466637931041
1013.423442911252,790.1354224137931
1013.701820689219,790.1221293103445
1013.9801378716024,786.2139568965513
1014.2583944487204,793.1728965517241
1014.5365904108897,772.8344482758623
1014.8147257484286,750.5086810344819
1015.0928004516539,729.1134310344828
1015.3708145108835,726.3750517241383
1015.6487679164347,731.1738620689662
1015.926660658625,706.9870603448287
1016.204492727772,707.6915948275862
1016.4822641141933,707.1133448275868
1016.7599748082064,681.9029741379309
1017.0376248001287,699.7622586206892
1017.3152140802778,682.0292586206901
1017.592742638971,704.5810086206893
1017.8702104665258,672.7174396551723
1018.1476175532599,669.0020172413797
1018.4249638894908,638.2617155172416
1018.7022494655358,655.9415431034486
1018.9794742717129,646.4967931034487
1019.2566382983392,623.8785775862068
1019.5337415357322,632.7251379310349
1019.8107839742094,618.3619396551719
1020.0877656040884,607.0561551724134
1020.3646864156866,611.602396551724
1020.6415463993217,610.6319999999994
1020.9183455453111,599.1600517241375
1021.1950838439726,583.6270603448281
1021.4717612856232,584.3315948275863
1021.7483778605803,585.7207241379313
1022.0249335591622,581.8258448275865
1022.3014283716853,559.4535517241384
1022.5778622884684,568.9248879310348
1022.8542352998282,545.1102931034484
1023.1305473960822,538.1114741379308
1023.4067985675482,536.974913793104
1023.6829888045435,535.7386551724137
1023.9591180973856,536.5163017241375
1024.2351864363918,529.9628017241375
1024.5111938118805,525.5893706896552
1024.7871402141682,513.7651551724134
1025.063025633573,494.06477586206825
1025.3388500604121,498.8170603448282
1025.6146134850028,501.2430517241378
1025.8903158976632,482.3003793103446
1026.1659572887106,475.4677241379313
1026.4415376484621,491.71189655172384
1026.717056967236,464.9861120689652
1026.9925152353492,454.5975517241384
1027.2679124431193,450.0446637931029
1027.5432485808635,433.86031034482767
1027.8185236389,450.7292586206895
1028.0937376075456,432.6838706896556
1028.3688904771186,451.0748793103446
1028.643982237936,435.98056034482715
1028.9190128803152,430.17147413793055
1029.193982394574,424.3690344827585
1029.4688907710297,451.44043965517176
1029.7437379999997,415.3828965517239
1030.0185240718022,424.8808189655174
1030.293248976754,417.84876724137985
1030.5679127051728,413.18288793103466
1030.842515247376,403.139948275862
1031.1170565936816,406.9617155172414
1031.3915367344061,402.80762068965487
1031.665955659868,394.15381034482766
1031.9403133603844,370.7313620689654
1032.2146098262729,392.0269137931032
1032.488845047851,374.6594741379306
1032.7630190154362,401.65776724137936
1033.0371317193458,365.10173275862076
1033.3111831498973,364.52348275862073
1033.5851732974086,360.4557931034483
1033.859102152197,370.7114224137929
1034.13296970458,356.8134827586209
1034.4067759448753,349.04366379310363
1034.6805208633998,354.6467068965519
1034.9542044504717,328.15355172413774
1035.227826696408,328.931198275862
1035.5013875915265,347.129456896552
1035.7748871261447,331.4435948275857
1036.0483252905797,330.14751724137955
1036.32170207515,321.56681896551686
1036.595017470172,329.70884482758674
1036.8682714659637,327.2496206896551
1037.1414640528424,329.70219827586175
1037.4145952211256,313.7172413793103
1037.6876649611315,319.03448275862024
1037.960673263177,301.73350862069015
1038.2336201175794,314.37525000000073
1038.5065055146567,301.4344137931039
1038.7793294447265,293.97698275862103
1039.0520918981051,286.9116982758619
1039.3247928651115,301.1751982758624
1039.5974323360626,288.79267241379307
1039.8700103012757,284.6983965517247
1040.142526751069,285.0440172413794
1040.414981675759,287.5231810344826
1040.6873750656641,265.80889655172405
1040.9597069111012,266.0946982758626
1041.231977202388,282.1527672413795
1041.5041859298422,281.10925862068984
1041.776333083781,249.697655172414
1042.0484186545225,266.97868965517273
1042.3204426323834,252.26987068965514
1042.5924050076817,238.82389655172392
