371.46153840273,-11.006689655172522
371.8391998916188,-0.7045344827588451
372.21681955928005,-7.291267241379501
372.59439739603135,-3.1172327586209576
372.97193339219024,-6.540206896551354
373.3494275380741,-7.3776724137928795
373.72687982400055,4.253793103448288
374.104290240287,5.323887931034733
374.481658777251,16.802482758620727
374.85898542521005,5.423586206896061
375.2362701744817,8.314836206896643
375.61351301538343,12.628448275862183
375.9907139382327,3.1836982758620707
376.36787293334714,-14.682232758620785
376.7449899910441,-1.475534482758576
377.12206510164117,10.641129310344468
377.49909825545586,13.57890517241367
377.8760894428056,0.8441120689649324
378.25303865400804,5.071318965517094
378.62994587938056,-9.6375000000005
379.0068111092407,-9.564387931034844
379.38363433390595,2.7317327586206375
379.76041554369385,0.36556034482782707
380.13715472892187,3.7220689655175647
380.51385187990763,18.95596551724134
380.89050698696843,5.436879310345148
381.26712004042196,4.7389913793103915
381.64369103058567,0.4586120689659765
382.02021994777704,31.956620689654756
382.3967067823135,27.463551724137233
382.77315152451274,-7.7232931034482135
383.14955416469223,22.505224137930554
383.52591469316934,5.52993103448307
383.90223310026164,22.079844827586385
384.27850937628665,24.193448275861783
384.65474351156195,4.785517241379466
385.0309354964049,18.291310344827025
385.4070853211331,31.936681034482945
385.783192976064,-2.651974137930438
386.15925845151514,11.013336206896383
386.5352817378041,4.792163793103555
386.9112628252483,17.433905172414143
387.2872017041652,8.122086206896938
387.6630983648723,14.25685344827616
388.03895279768733,27.822465517241426
388.4147649929276,12.203068965516877
388.79053494091056,3.3099827586208903
389.16626263195394,14.981327586207044
389.541948056375,-11.099741379311126
389.91759120449143,4.074336206896305
390.2931920666206,19.720318965517436
390.66875063308015,-0.013293103448631882
391.04426689418744,-5.111198275862307
391.41974084026015,4.845336206896718
391.79517246161566,13.193405172414032
392.17056174857146,18.77650862068913
392.54590869144516,10.960163793103447
392.9212132805541,16.88224137931047
393.296475506216,19.919715517241457
393.6716953587482,1.9407931034481862
394.04687282846834,15.227249999999685
394.4220079056938,19.75355172413788
394.79710058074215,19.075603448275842
395.1721508439309,-1.6616379310341927
395.5471586855775,18.876206896551594
395.92212409599955,12.734793103448283
396.29704706551445,8.780094827586481
396.67192758443974,6.300931034482801
397.04676564309307,19.3281724137928
397.4215612317917,15.187370689655154
397.7963143408533,22.81096551724113
398.1710249605953,11.611525862068675
398.54569308133523,4.366784482758476
398.92031869339064,0.2924482758614886
399.29490178707897,10.381913793103422
399.6694423527178,9.497922413793049
400.0439403806246,1.535353448275373
400.41839586111684,17.367439655172575
400.792808784512,20.750534482758667
401.1671791411277,0.46525862068938295
401.5415069212814,3.8217672413788932
401.91579211529057,4.918448275862147
402.2900347134728,7.065284482758443
402.6642347061454,37.12763793103386
403.0383920836261,13.160172413793134
403.41250683623224,12.575275862069248
403.7865789542815,10.607896551724025
404.1606084280912,8.647163793104255
404.53459524797904,5.1510775862068385
404.9085394042624,11.438715517241235
405.2824408872587,22.651448275862094
405.65629968728564,8.354715517241857
406.0301157946606,16.443568965517215
406.4038891997011,8.454413793103868
406.7776198927248,7.577068965516901
407.15130786404893,10.022999999999456
407.5249531039912,12.375879310344544
407.8985556028691,20.212163793103173
408.272115351,13.572258620690036
408.64563233870155,19.607327586206793
409.01910655629126,14.848396551723681
409.39253799408647,11.717870689654774
409.7659266424049,26.14088793103474
410.13927249156393,13.55231896551686
410.51257553188105,8.268310344827796
410.8858357536738,11.385543103448526
411.25905314725975,5.955310344827467
411.63222770295624,0.33897413793101805
412.00535941108103,19.633913793103602
412.3784482619514,21.36866379310345
412.75149424588494,18.756568965517772
413.1244973531991,16.52997413793105
413.4974575742115,19.168655172413764
413.87037489923966,13.313043103448535
414.2432493186009,8.029034482758334
414.6160808226129,9.511215517241226
414.9888694015931,24.446017241379195
415.3616150458589,20.29856896551746
415.734317745728,29.01219827586192
416.1069774915178,16.56985344827558
416.47959427354584,27.031525862069657
416.8521680821296,11.159560344827923
417.2246989075866,14.948094827585692
417.5971867402344,16.064715517241666
417.9696315703904,27.264155172413894
418.34203338837216,12.262887931034811
418.71439218449717,15.719094827586105
419.08670794908295,40.67024999999967
419.458980672447,21.68105172413766
419.8312103449069,25.230310344828013
420.20339695678,29.37775862068952
420.5755404983839,14.32996551724159
420.9476409600361,26.798896551724283
421.3196983320541,37.57960344827643
421.6917126047555,16.22423275862093
422.0636837684576,18.716689655172786
422.4356118134781,23.80794827586169
422.8074967301344,29.756612068965524
423.179338508744,24.824870689654972
423.5511371396245,30.341508620689183
423.92289261309327,23.655077586207426
424.29460491946793,35.838206896552265
424.666274049066,46.00743103448258
425.0378999922049,18.098560344827774
425.4094827392022,27.862344827587094
425.7810222803753,30.235163793103993
426.1525186060418,40.204991379310286
426.5239717065192,36.44304310344819
426.895381572125,26.107655172413615
427.2667481931767,38.16449999999941
427.63807155999183,33.04000862068938
428.00935166288787,40.07206034482783
428.3805884921823,35.24001724137952
428.7517820381926,23.734836206896944
429.1229322912364,19.454456896551847
429.4940392416312,17.480431034483217
429.8651028796943,20.89011206896612
430.23612319574346,31.78381034482777
430.60710018009604,29.464163793103808
430.97803382306955,36.12400862068989
431.3489241149815,38.516767241379284
431.71977104614945,16.2574655172416
432.0905746068909,28.041801724138168
432.4613347875234,22.265948275861547
432.8320515783643,44.658181034482595
433.20272496973126,37.99833620689674
433.5733549519417,31.119155172413457
433.94394151531304,34.9608620689653
434.31448465016297,27.3505603448275
434.68498434680896,31.40495689655154
435.0554405955685,50.06847413793116
435.425853386759,48.83886206896523
435.79622271069803,47.449732758620485
436.1665485577032,45.42918103448255
436.53683091809177,49.64974137930972
436.9070697821815,47.6823620689654
437.2772651402898,43.2690517241374
437.6474169827341,22.558396551724627
438.017525299832,32.20918965517262
438.387590081901,42.79049999999938
438.7576113192586,31.584413793103067
439.12758900222224,35.57234482758645
439.4975231211095,35.406181034482415
439.8674136662379,46.153655172413664
440.2372606279249,41.16209482758609
440.60706399648797,27.928810344827298
440.9768237622447,25.33665517241343
441.34653991551255,22.05325862068935
441.716212446609,35.4925862068967
442.08584134585163,39.64668103448298
442.4554266035579,45.16331896551719
442.8249682100453,24.771698275862036
443.1944661556314,33.7246034482755
443.56392043063363,32.455112068965946
443.93333102536957,29.16506896551664
444.3026979301566,29.909482758620697
444.67202113531243,51.836456896551454
445.04130063115434,23.16323275862078
445.41053640800004,34.74817241379287
445.7797284561669,33.2859310344827
446.1488767659724,43.508327586207315
446.5179813277342,38.117974137931014
446.88704213176965,39.65997413793093
447.2560591683964,50.23463793103474
447.62503242793184,45.548818965517285
447.99396190069353,45.58869827586204
448.36284757699894,49.290827586207115
448.73168944716554,52.42800000000034
449.10048750151105,56.156715517241764
449.4692417303527,61.62018103448327
449.83795212400815,64.55795689655179
450.20661867279483,57.86487931034435
450.57524136703034,43.20258620689651
450.94382019703215,76.56162931034487
451.3123551531177,79.89155172413757
451.6808462256046,61.08845689655186
452.0492934048102,76.58821551724145
452.41769668105223,51.73675862068967
452.786056044648,70.70601724137919
453.15437148591514,61.93256896551702
453.5226429951711,83.20153448275846
453.8908705627333,67.94769827586174
454.2590541789195,76.54168965517283
454.62719383404686,50.979051724137435
454.9952895184332,81.10787068965487
455.36334122239583,89.92784482758611
455.73134893625235,88.56530172413795
456.09931265032026,88.54536206896546
456.467232354917,62.3579482758621
456.8351080403602,72.6601034482751
457.2029396969672,79.6921551724131
457.5707273150556,90.84506896551716
457.93847088494294,78.36949137931015
458.30617039694664,77.00030172413767
458.6738258413843,80.60937931034437
459.0414372085733,73.82989655172378
459.4090044888313,89.97437068965564
459.77652767247565,90.35987068965505
460.144006749824,86.82390517241356
460.5114417111938,83.86618965517232
460.8788325469025,85.90003448275911
461.24617924726766,105.8995086206894
461.61348180260677,91.17739655172431
461.98074020323736,75.19243965517262
462.34795443947695,113.19742241379299
462.715124501643,72.03532758620668
463.08225038005304,112.30678448275853
463.4493320650245,116.01556034482769
463.816369546875,98.02999137930988
464.183362815922,100.23664655172388
464.550311862483,117.70378448275846
464.9172166768755,85.68069827586237
465.28407724941707,114.28081034482761
465.6508935704251,113.29712068965569
466.01766563021727,111.56901724137947
466.3843934191109,111.32974137931024
466.75107692742347,94.2813362068971
467.11771614547274,105.64029310344858
467.484311063576,97.53150000000005
467.8508616720508,101.33997413793122
468.21736796121473,103.18771551724194
468.58382992138525,121.88446551724132
468.9502475428798,132.47242241379354
469.31662081601587,128.48449137930947
469.6829497311111,111.78170689655121
470.0492342784829,105.5538879310343
470.41547444844883,125.23432758620697
470.78167023132636,120.46875000000023
471.147821617433,142.76793103448267
471.5139285970863,116.75332758620743
471.8799911606036,126.76968103448303
472.2460092983026,135.3104999999996
472.6119830005008,137.69661206896535
472.97791225751564,126.18478448275869
473.3437970596646,150.0126724137931
473.70963739726517,132.01381034482756
474.075433260635,152.3721982758625
474.44118464009136,132.57212068965487
474.80689152595204,136.8857327586211
475.17255390853427,143.3794137931036
475.53817177815574,162.79399137931023
475.903745125134,144.30328448275895
476.26927393978633,179.8689827586211
476.6347582124304,154.69849137931055
477.0001979333836,160.28159482758633
477.36559309296365,160.15531034482729
477.7309436814879,186.41583620689676
478.09624968927386,172.17227586206855
478.461511106639,178.36686206896525
478.826727923901,157.12448275862084
479.1919001313771,169.1946206896555
479.557027719385,180.76626724137896
479.9221106782422,201.05154310344756
480.2871489982661,198.62555172413818
480.6521426697744,189.79893103448262
481.01709168308435,179.19103448275837
481.38199602851364,193.20861206896552
481.74685569637967,206.71440517241354
482.111670677,199.22374137931
482.4764409606922,223.1446810344819
482.84116653777363,209.69870689655204
483.2058473985619,206.2491465517246
483.57048353337444,211.91865517241354
483.93507493252883,227.39182758620723
484.29962158634265,209.13374999999996
484.6641234851332,221.36340517241365
485.02858061921813,225.71025000000077
485.3929929789149,236.0788706896551
485.757360554541,240.4988275862072
486.121683336414,236.03899137931035
486.4859613148513,258.5043362068966
486.8501944801706,250.3423706896549
487.2143828226892,228.6081465517243
487.57852633272466,240.83780172413776
487.94262500059455,271.9636034482762
488.3066788166163,260.8771551724135
488.67068777110745,262.9708189655171
489.0346518543855,260.4983017241384
489.39857105676805,277.91891379310323
489.7624453685724,254.29706896551693
490.12627478011626,273.0137586206895
490.49005928171704,268.0155517241378
490.85379886369225,268.64032758620647
491.2174935163594,267.67657758620703
491.581143230036,306.8247672413793
491.94474799503956,286.91834482758577
492.30830780168753,271.28565517241395
492.67182264029753,284.71168965517245
493.035292501187,281.5479310344831
493.3987173746735,296.4229137931036
493.7620972510744,291.98301724137946
494.1254321207073,287.4234827586215
494.48872197388977,271.8173793103447
494.8519668009391,276.72918103448296
495.21516659217303,289.25128448275814
495.5783213379091,294.1099137931037
495.9414310284645,278.955775862069
496.30449565415705,281.4415862068968
496.66751520530397,287.53647413793124
497.03048967222315,281.70080172413736
497.39341904523167,307.0308103448274
497.75630331464737,300.18486206896546
498.11914247078755,290.5540086206893
498.4819365039699,302.17882758620703
498.8446854045118,304.4519482758619
499.20738916273064,288.5733362068968
499.5700477689442,293.47184482758576
499.93266121346977,286.9050517241383
500.29522948662503,285.1968879310343
500.6577525787273,300.3443793103447
501.02023048009426,296.69542241379327
501.38266318104326,290.86639655172394
501.7450506718919,282.4917413793105
502.1073929429577,290.34131896551753
502.469689984558,302.73049137931
502.8319417870105,289.61019827586233
503.1941483406327,291.8766724137929
503.5563096357421,325.9136637931042
503.91842566265603,308.2006034482763
504.28049641169207,311.151672413793
504.64252187316794,309.52326724138015
505.0045020374009,326.3323965517243
505.36643689470856,301.1552586206901
505.72832643540835,301.0954396551724
506.0901706498178,308.66586206896545
506.45196952825466,321.0483879310352
506.813723061036,319.63267241379367
507.1754312384797,327.2429741379319
507.537094050903,328.5324051724142
507.8987114886236,301.36130172413823
508.26028354195887,315.0531982758623
508.62181020122637,313.65742241379326
508.9832914567437,330.34691379310334
509.3447272988281,307.40966379310385
509.7061177177974,326.61155172413805
510.0674627039689,309.47009482758585
510.42876224766013,307.54259482758584
510.7900163391887,305.26947413793096
511.151224968872,318.9015517241387
511.51238812702763,321.7662155172411
511.87350580397293,316.7613620689656
512.2345779900257,328.9976637931038
512.5956046755031,311.74986206896574
512.9565858507228,317.1601551724143
513.3175215060025,322.5571551724138
513.6784116316593,324.83027586206845
514.0392562180111,341.5795862068976
514.4000552553752,341.346956896552
514.7608087340691,355.23160344827534
515.1215166444102,354.3609051724138
515.4821789767162,337.56506896551696
515.8427957213047,338.16325862069016
516.2033668684929,339.6254999999999
516.5638924085987,328.592224137931
516.924372331939,355.49746551724115
517.284806628832,336.4418017241387
517.6451952895948,332.6466206896555
518.0055383045449,340.1505775862065
518.365835664,352.05455172413804
518.7260873582774,357.09263793103355
519.0862933776949,352.2406551724134
519.4464537125696,334.90644827586243
519.8065683532194,335.7970862068962
520.1666372899614,339.7251982758621
520.5266605131134,338.16325862068993
520.8866380129929,338.63516379310386
521.2465697799173,343.72642241379276
521.6064558042042,365.3808879310343
521.966296076171,338.5487586206898
522.3260905861354,359.2328275862062
522.6858393244146,329.20370689655124
523.0455422813262,354.87268965517205
523.405199447188,351.9548534482758
523.7648108123171,386.93565517241336
524.1243763670313,376.0552499999999
524.4838961016479,351.8618017241379
524.8433700064846,337.8508706896546
525.2027980718589,350.70530172413805
525.5621802880879,363.0014224137933
525.9215166454898,364.3706120689658
526.2808071343813,356.7004913793103
526.6400517450808,374.87881034482757
526.999250467905,371.3694310344831
527.3584032931719,355.87631896551693
527.7175102111987,355.84973275862035
528.0765712123032,361.9113879310346
528.4355862868027,368.19237931034536
528.7945554250149,363.2340517241382
529.153478617257,357.24550862068963
529.5123558538468,364.8890431034481
529.8711871251016,366.09871551724154
530.229972421339,371.2298534482759
530.5887117328764,366.3313448275869
530.9474050500316,360.8014137931034
531.3060523631218,350.53913793103425
531.6646536624647,356.580853448276
532.0232089383777,380.1096465517239
532.3817181811784,342.2841206896553
532.740181381184,366.65702586206885
533.0985985287124,388.49094827586214
533.4569696140809,348.4521206896552
533.815294627607,361.4527758620691
534.1735735596084,357.83705172413784
534.5318064004024,349.72825862068953
534.8899931403066,357.50472413793113
535.2481337696383,335.7173275862067
535.6062282787153,340.2968017241378
535.9642766578552,359.5585086206893
536.322278897375,339.5191551724138
536.6802349875926,347.56812931034415
537.0381449188254,330.2937413793102
537.396008681391,344.52400862069
537.7538262656067,357.83705172413806
538.1115976617901,359.8841896551719
538.4693228602589,322.74325862068963
538.8270018513302,345.97960344827607
539.184634625322,336.4285086206901
539.5422211725514,358.49506034482783
539.8997614833361,339.69196551724167
540.2572555479934,348.77780172413827
540.6147033568411,349.3959310344824
540.9721049001965,348.4521206896552
541.3294601683773,356.0491293103446
541.6867691517009,360.26304310344904
542.0440318404848,353.337336206896
542.4012482250464,358.00321551724096
542.7584182957032,366.32469827586215
543.1155420427729,371.35613793103425
543.472619456573,370.31927586206893
543.8296505274208,392.75803448275815
544.1866352456341,370.4522068965516
544.54357360153,402.38888793103456
544.9004655854266,410.0590086206894
545.2573111876407,385.0480344827581
545.6141103984902,386.19788793103385
545.9708632082926,405.69222413793136
546.3275696073654,378.17549999999983
546.684229586026,411.5278965517241
547.040843134592,410.15206034482753
547.397410243381,413.35569827586255
547.7539309027102,436.66515517241373
548.1104051028973,424.8874655172415
548.46683283426,407.68618965517226
548.8232140871154,394.0939913793102
549.1795488517813,413.70796551724106
549.5358371185752,412.2257844827591
549.8920788778144,436.06696551724076
550.2482741198164,427.67901724137937
550.604422834899,428.15756896551693
550.9605250133797,427.11406034482775
551.3165806455755,425.75151724137936
551.6725897218045,447.3594568965516
552.0285522323837,446.46881896551736
552.3844681676312,447.8313620689664
552.740337517864,432.2319051724137
553.0961602733997,439.32377586206917
553.451936424556,455.3884913793104
553.8076659616502,448.6223017241375
554.1633488749999,476.6441637931034
554.5189851549228,454.96311206896576
554.8745747917361,464.4942672413797
555.2301177757573,462.6398793103449
555.5856140973041,481.38980172413767
555.9410637466939,507.97600862068884
556.2964667142442,469.74504310344855
556.6518229902725,489.63817241379274
557.0071325650965,470.3698189655172
557.3623954290335,448.73529310344816
557.717611572401,469.21996551724123
558.0727809855165,479.04356896551735
558.4279036586978,486.2949568965521
558.7829795822619,490.2097758620689
559.1380087465267,492.4297241379311
559.4929911418096,474.7432500000002
559.8479267584282,469.6719310344822
560.2028155866997,493.4333534482755
560.5576576169418,494.05812931034484
560.9124528394722,479.9142672413798
561.267201244608,480.1468965517238
561.6219028226669,495.5403103448275
561.9765575639667,479.5885862068965
562.3311654588246,485.54389655172463
562.6857264975578,487.3716982758617
563.0402406704843,476.71062931034544
563.3947079679216,470.9746551724136
563.7491283801869,472.2507931034486
564.1035018975979,486.8732068965519
564.4578285104722,475.65382758620717
564.812108209127,479.9740862068966
565.1663409838801,497.28170689655144
565.5205268250488,477.08283620689735
565.8746657229508,498.6176637931035
566.2287576679033,496.43094827586265
566.582802650224,500.55181034482735
566.9368006602307,484.00189655172426
567.2907516882406,492.4629568965513
567.6446557245708,500.246068965517
567.9985127595396,485.23150862068997
568.3523227834639,481.6157844827587
568.7060857866617,478.54507758620616
569.05980175945,486.8532672413796
569.4134706921468,493.6659827586209
569.7670925750693,509.90350862068954
570.1206673985349,486.2484310344835
570.4741951528614,490.1566034482753
570.8276758283661,507.2914137931034
571.1811094153666,509.7838706896546
571.5344959041804,505.70288793103396
571.887835285125,500.5185775862069
572.241127548518,484.46050862069
572.5943726846766,515.320448275862
572.9475706839186,521.0165431034482
573.3007215365616,496.29137068965497
573.6538252329226,512.3361465517239
574.0068817633196,511.39233620689674
574.35989111807,530.0624999999998
574.7128532874912,524.2799999999997
575.0657682619006,518.4975000000004
575.418636031616,520.1591379310348
575.7714565869547,519.0358706896545
576.1242299182344,539.0353448275869
576.4769560157722,521.8540086206897
576.8296348698861,519.275146551724
577.1822664708935,539.7731120689652
577.5348508091115,538.6963706896549
577.887387874858,544.0800775862067
578.2398776584505,559.5997758620688
578.5923201502063,579.5660172413786
578.9447153404429,584.0590862068975
579.2970632194782,583.6204137931036
579.6493637776293,582.6167844827592
580.0016170052138,587.8276810344826
580.3538228925493,599.937698275862
580.7059814299532,601.625922413793
581.058092607743,611.981250000001
581.4101564162362,641.4387672413795
581.7621728457506,650.3318534482753
582.1141418866034,647.5535948275865
582.466063529112,679.2842327586209
582.8179377635942,692.3978793103452
583.1697645803674,729.7514999999996
583.5215439697491,714.1786293103448
583.8732759220567,747.4911465517234
584.2249604276079,754.1310517241375
584.57659747672,807.7089051724138
584.9281870597107,802.524594827587
585.2797291668975,816.4956465517239
585.6312237885977,839.3066120689655
585.982670915129,857.3320603448276
586.3340705368088,883.4663017241378
586.6854226439547,889.9333965517249
587.0367272268841,896.6995862068966
587.3879842759146,927.77221551724
587.7391937813636,958.5523965517243
588.0903557335488,966.3620948275864
588.4414701227875,1015.0414396551728
588.7925369393971,1043.123120689655
589.1435561736955,1086.5782758620687
589.494527816,1076.4954568965513
589.8454518566281,1092.1347931034475
590.1963282858972,1136.0685000000003
590.547157094125,1146.4504137931035
590.8979382716288,1156.858913793104
591.2486718087263,1186.8016293103447
591.5993576957351,1201.317698275862
591.9499959229723,1240.8248017241378
592.3005864807558,1264.7058620689654
592.6511293594028,1272.834594827587
593.0016245492311,1310.041991379311
593.3520720405579,1328.8583793103453
593.7024718237009,1362.7491465517228
594.0528238889776,1366.8035431034484
594.4031282267056,1383.3601034482756
594.7533848272021,1440.4207500000002
595.1035936807849,1431.6672413793106
595.4537547777715,1462.719931034483
595.803868108479,1478.605189655173
596.1539336632253,1503.104379310345
596.5039514323281,1539.6138879310345
596.8539214061043,1543.2096724137932
597.2038435748719,1561.527568965517
597.5537179289481,1591.290827586207
597.9035444586507,1643.3399741379317
598.2533231542969,1655.0246120689667
598.6030540062044,1651.7678017241376
598.9527370046907,1683.8440603448273
599.3023721400731,1692.1190172413785
599.6519594026695,1710.117879310345
600.001498782797,1730.4696206896558
600.3509902707734,1754.2044568965525
600.700433856916,1765.4703620689654
601.0498295315423,1796.901905172414
601.39917728497,1827.2168275862064
601.7484771075166,1839.3999568965519
602.0977289894995,1838.4162672413804
602.4469329212361,1886.204974137931
602.796088893044,1871.010956896552
603.1451968952409,1896.2146810344827
603.494256918144,1910.1259137931038
603.8432689520711,1913.0703362068964
604.1922329873393,1963.1188706896553
604.5411490142665,1948.9417758620698
604.89001702317,1955.2427068965515
605.2388370043674,1983.5237844827577
605.5876089481761,1979.1835862068967
605.9363328449137,1987.5648879310338
606.2850086848979,2014.1378017241386
606.6336364584456,2044.6587672413789
606.982216155875,2073.777310344827
607.3307477675032,2083.295172413794
607.6792312836478,2106.4916379310343
608.0276666946264,2152.9244482758622
608.3760539907562,2159.2320258620693
608.7243931623551,2184.176534482759
609.0726841997404,2161.265870689655
609.4209270932297,2176.0743879310353
609.7691218331404,2179.1982672413797
610.11726840979,2232.284275862069
610.4653668134961,2263.729112068965
610.813417034576,2255.626965517242
611.1614190633476,2263.6294137931036
611.5093728901279,2287.2711982758624
611.857278505235,2323.548077586208
612.2051358989859,2300.7836379310356
612.5529450616983,2339.566267241379
612.9007059836897,2324.6514051724134
613.2484186552775,2345.887137931035
613.5960830667797,2352.799551724138
613.943699208513,2357.345793103448
614.2912670707955,2375.869732758621
614.6387866439445,2387.693948275862
614.9862579182775,2394.726
615.333680884112,2390.9706982758617
615.6810555317657,2409.195543103448
616.0283818515558,2417.324275862069
616.3756598338,2381.4262500000013
616.7228894688157,2429.879612068966
617.0700707469207,2463.68397413793
617.4172036584321,2416.8723103448283
617.7642881936675,2466.867672413793
618.1113243429445,2461.9824568965514
618.4583120965808,2466.6616293103443
618.8052514448935,2482.613353448277
619.1521423782003,2488.0834655172416
619.4989848868188,2461.909344827586
619.8457789610666,2497.2158275862066
620.1925245912607,2497.6810862068955
620.5392217677189,2468.1172241379318
620.885870480759,2467.4126896551743
621.2324707206981,2510.455758620689
621.5790224778539,2485.6508275862066
621.9255257425439,2512.888396551724
622.2719805050855,2505.0188793103466
622.6183867557961,2494.53726724138
622.9647444849935,2514.523448275861
623.3110536829952,2485.6973534482763
623.6573143401184,2504.9258275862076
624.0035264466808,2508.2690431034484
624.349689993,2516.1252672413793
624.6958049693934,2487.0000775862063
625.0418713661784,2473.574043103448
625.3878891736726,2465.3522586206886
625.7338583821937,2457.210232758621
626.0797789820589,2474.5245000000004
626.4256509635858,2480.3468793103452
626.7714743170919,2509.37901724138
627.117249032895,2465.717818965516
627.462975101312,2462.028982758621
627.808652512661,2461.7897068965526
628.1542812572592,2453.4748706896553
628.499861325424,2440.9660603448274
628.8453927074733,2439.384181034484
629.1908753937244,2453.714146551724
629.5363093744947,2441.4379655172415
629.8816946401017,2423.9508879310342
630.227031180863,2447.898413793104
630.5723189870963,2432.0198017241373
630.9175580491187,2415.0378620689653
631.2627483572479,2426.051198275861
631.6078899018016,2422.840913793104
631.9529826730972,2410.9635258620688
632.2980266614518,2398.315137931034
632.6430218571834,2409.0227327586217
632.9879682506095,2387.461318965516
633.3328658320472,2407.3212155172423
633.6777145918143,2372.9452499999998
634.0225145202284,2371.8086896551727
634.3672656076068,2347.927629310345
634.7119678442671,2387.3084482758622
635.0566212205266,2376.248586206897
635.4012257267033,2351.948793103449
635.7457813531141,2352.7995517241384
636.0902880900769,2351.2907844827596
636.4347459279091,2336.6218448275863
636.7791548569284,2342.7167327586203
637.1235148674518,2345.647862068966
637.4678259497972,2320.410905172412
637.8120880942822,2312.1425948275855
638.1563012912239,2323.0362931034488
638.5004655309402,2290.3751379310343
638.8445808037485,2318.6562155172423
639.1886470999663,2292.628318965518
639.5326644099108,2291.8772586206896
639.8766327238999,2250.3230172413796
640.2205520322509,2272.1037672413777
640.5644223252815,2296.1908706896565
640.9082435933088,2234.078844827586
641.252015826651,2270.70799137931
641.5957390156251,2252.463206896552
641.9394131505485,2267.005862068966
642.283038221739,2254.5635172413786
642.6266142195141,2255.188293103448
642.9701411341911,2236.3453189655174
643.3136189560876,2243.75622413793
643.6570476755212,2244.6933879310336
644.0004272828095,2262.7121896551726
644.3437577682696,2242.8456465517247
644.6870391222192,2257.6475172413793
645.030271334976,2253.579827586207
645.3734543968574,2246.5610689655177
645.7165882981807,2232.0317068965533
646.0596730292636,2217.8878448275864
646.4027085804239,2261.9212500000003
646.7456949419784,2234.4444051724136
647.0886321042451,2236.219034482759
647.4315200575415,2245.716956896552
647.7743587921849,2255.1151810344827
648.1171482984928,2226.142862068964
648.459888566783,2227.053439655173
648.8025795873729,2231.35375862069
649.1452213505797,2239.4293189655173
649.4878138467211,2243.7362844827594
649.8303570661149,2210.191137931035
650.172850999078,2220.300543103448
650.5152956359285,2231.5730948275864
650.8576909669837,2216.6648793103445
651.2000369825611,2214.305353448277
651.542333672978,2214.07272413793
651.8845810285519,2220.1609655172406
652.2267790396008,2226.3887844827577
652.5689276964417,2224.9797155172428
652.9110269893924,2234.597275862069
653.2530769087704,2230.097560344828
653.5950774448929,2224.222008620689
653.9370285880777,2223.7633965517252
654.2789303286421,2233.6468189655175
654.6207826569039,2259.741181034483
654.9625855631804,2234.7102672413776
655.3043390377888,2285.0246637931045
655.6460430710474,2234.13201724138
655.9876976532731,2260.665051724138
656.3293027747835,2243.3773706896554
656.6708584258962,2253.7127586206884
657.0123645969287,2229.2866810344813
657.3538212781983,2250.0106293103445
657.6952284600228,2240.6256982758623
658.0365861327195,2246.8734568965515
658.3778942866063,2257.1623189655174
658.719152912,2240.1604396551725
659.0603619992186,2294.9080862068977
659.4015215385796,2264.294068965518
659.7426315204004,2263.097689655173
660.0836919349985,2310.208448275862
660.4247027726914,2316.037474137931
660.7656640237967,2302.844068965517
661.1065756786317,2299.4875603448277
661.4474377275141,2312.1758275862076
661.7882501607614,2297.0948017241376
662.1290129686911,2301.282129310345
662.4697261416204,2331.6435775862064
662.8103896698674,2310.1486293103435
663.1510035437491,2336.7614224137933
663.4915677535832,2322.01272413793
663.8320822896872,2327.024224137931
664.1725471423786,2343.5874310344825
664.5129623019748,2345.7542068965518
664.8533277587933,2345.3354741379308
665.193643503152,2338.476232758622
665.5339095253681,2359.5723879310344
665.8741258157589,2340.14451724138
666.2142923646422,2364.4908362068973
666.5544091623356,2370.831646551724
666.8944761991562,2371.9349741379297
667.2344934654218,2384.676413793104
667.57446095145,2386.0256637931047
667.9143786475581,2369.0437241379304
668.2542465440636,2390.8111810344817
668.594064631284,2408.17197413793
668.9338328995372,2402.3562413793097
669.27355133914,2395.204551724139
669.6132199404104,2397.9961034482753
669.9528386936657,2395.65651724138
670.2924075892238,2414.811879310344
670.6319266174016,2400.78100862069
670.971395768517,2423.246353448275
671.3108150328875,2419.0922586206893
671.6501844008304,2406.782844827586
671.9895038626635,2445.8047500000002
672.328773408704,2419.6572155172425
672.6679930292696,2418.5405948275857
673.0071627146776,2443.37875862069
673.3462824552458,2442.4681810344828
673.6853522412916,2472.5571206896557
674.0243720631324,2436.0808448275866
674.3633419110857,2432.139439655173
674.7022617754692,2422.9073793103444
675.0411316466003,2454.9371120689652
675.3799515147962,2423.1732413793097
675.718721370375,2442.2023189655183
676.0574412036539,2445.9642672413793
676.3961110049503,2461.8960517241376
676.7347307645817,2479.429655172414
677.0733004728659,2436.8319051724143
677.4118201201202,2450.3376982758614
677.750289696662,2437.802301724137
678.088709192809,2453.6609741379316
678.4270785988788,2442.5678793103457
678.7653979051886,2455.628353448276
679.103667102056,2450.982413793104
679.4418861797986,2422.4554137931036
679.780055128734,2444.448853448276
680.1181739391793,2442.388422413793
680.4562426014525,2453.215655172414
680.794261105871,2443.451870689655
681.132229442752,2452.610818965517
681.470147602413,2429.0022672413793
681.808015575172,2430.7170775862064
682.1458333513463,2413.582267241381
682.4836009212529,2423.79801724138
682.82131827521,2402.0837327586214
683.158985403535,2376.9265344827586
683.4966022965449,2373.4370948275855
683.8341689445576,2419.0523793103457
684.1716853378906,2398.5677068965524
684.5091514668615,2380.402681034483
684.8465673217872,2361.0479224137935
685.1839328929861,2410.5780258620684
685.5212481707752,2346.11976724138
685.858513145472,2392.718741379311
686.1957278073941,2360.1905172413794
686.532892146859,2360.549431034483
686.8700061541842,2342.357818965518
687.207069819687,2332.2882931034474
687.5440831336854,2319.4139224137925
687.8810460864966,2327.542655172414
688.2179586684379,2315.8447241379313
688.554820869827,2325.900956896552
688.8916326809817,2270.162974137931
689.228394092219,2300.138922413794
689.5651050938567,2285.05125
689.9017656762122,2257.713982758621
690.2383758296032,2264.633043103449
690.574935544347,2253.0746896551727
690.911444810761,2249.3858534482756
691.2479036191631,2255.261405172413
691.5843119598705,2248.1097155172406
691.9206698232007,2195.9409310344827
692.2569771994715,2212.19175
692.593234079,2193.9602586206893
692.9294404521039,2212.3246810344817
693.2655963091007,2209.4932500000004
693.6017016403081,2140.6349741379317
693.9377564360432,2161.3123965517234
694.2737606866239,2134.2077586206883
694.6097143823674,2131.2101637931046
694.9456175135914,2117.0795948275872
695.2814700706133,2162.196387931034
695.6172720437506,2166.1444396551724
695.953023423321,2102.8028017241386
696.2887241996418,2102.576818965517
696.6243743630305,2106.0263793103445
696.9599739038048,2091.5368965517246
697.295522812282,2082.8631465517246
697.6310210787797,2051.85698275862
697.9664686936152,2073.1458879310344
698.3018656471065,2064.2993275862063
698.6372119295706,2038.9759655172406
698.9725075313253,2056.2569999999996
699.3077524426881,2046.180827586207
699.6429466539763,2032.728206896552
699.9780901555074,2018.0526206896552
700.3131829375992,2013.2272241379326
700.648224990569,2002.3800517241375
700.9832163047344,1998.0597931034476
701.3181568704127,1986.4615603448271
701.6530466779217,1962.1551206896545
701.9878857175788,1984.6204655172426
702.3226739797014,1947.5127672413787
702.657411454607,1945.1931206896547
702.9920981326133,1962.4209827586208
703.3267340040376,1951.8130862068967
703.6613190591974,1928.8891293103443
703.9958532884106,1904.1639568965525
704.3303366819943,1908.9228879310338
704.664769230266,1927.9719051724128
704.9991509235432,1933.3888448275864
705.3334817521437,1886.1252155172426
705.6677617063847,1890.7711551724142
706.001990776584,1874.201301724137
706.3361689530589,1883.1143275862078
706.670296226127,1747.5180258620694
707.0043725861057,1851.7293103448264
707.3383980233124,1856.6145258620693
707.6723725280649,1858.7414224137933
708.0062960906805,1842.9824482758622
708.3401687014768,1842.8893965517238
708.6739903507713,1849.3033189655168
709.0077610288816,1824.3388706896556
709.341480726125,1820.876017241379
709.675149432819,1822.743698275862
710.0087671392814,1830.6065689655172
710.3423338358294,1813.6445689655177
710.6758495127806,1820.2047155172418
711.0093141604527,1778.8565172413792
711.3427277691629,1782.00698275862
711.6760903292287,1805.7484655172411
712.0094018309679,1783.1634827586217
712.3426622646979,1797.1943534482755
712.675871620736,1788.361086206896
713.0090298893998,1788.3544396551724
713.3421370610071,1815.0935172413797
713.6751931258752,1776.6897413793104
714.0081980743214,1728.2496724137925
714.3411518966633,1780.3719310344818
714.6740545832188,1806.3466551724143
715.0069061243048,1755.753103448276
715.3397065102391,1728.5221810344826
715.6724557313395,1755.0618620689656
716.005153777923,1785.370137931034
716.3378006403074,1732.8756724137932
716.6703963088099,1725.817034482759
717.0029407737486,1780.7840172413794
717.3354340254403,1759.9138448275867
717.6678760542031,1719.3565862068967
718.0002668503543,1721.1976810344831
718.3326064042111,1709.9317758620691
718.6648947060913,1710.264103448275
718.9971317463124,1718.2200258620685
719.3293175151921,1740.9113534482753
719.6614520030474,1708.7353965517239
719.9935352001961,1680.5872500000003
720.3255670969559,1730.8285344827596
720.657547683644,1697.668887931035
720.9894769505778,1734.151810344828
721.3213548880752,1740.479327586207
721.6531814864536,1690.6301896551722
721.9849567360303,1733.493801724138
722.3166806271229,1711.3674310344834
722.6483531500489,1706.9541206896556
722.9799742951261,1678.3407155172408
723.3115440526715,1683.7576551724137
723.6430624130029,1666.9485258620684
723.9745293664379,1673.1896379310342
724.3059449032936,1693.740775862069
724.6373090138878,1705.6447500000002
724.9686216885382,1716.6913189655174
725.2998829175622,1673.4222672413798
725.6310926912768,1714.4181982758628
725.962251,1706.621793103449
726.2933578340493,1704.1293362068964
726.624413183742,1698.8320344827594
726.9554170393957,1695.6815689655175
727.2863693913281,1712.1118448275868
727.6172702298564,1690.444086206897
727.9481195452983,1688.948612068967
728.278917327971,1694.2725000000003
728.6096635681926,1674.2863189655175
728.94035825628,1644.955086206896
729.2710013825509,1671.6144051724139
729.6015929373231,1664.5225344827586
729.9321329109138,1622.5163275862064
730.2626212936404,1659.3049913793102
730.5930580758207,1686.4295689655178
730.9234432477722,1675.1104913793101
731.253776799812,1702.7867327586207
731.5840587222582,1684.5286551724132
731.9142890054278,1675.5624568965522
732.2444676396386,1680.4077931034485
732.574594615208,1677.5497758620688
732.9046699224534,1650.4584310344826
733.2346935516928,1694.3589051724134
733.564665493243,1694.9504482758616
733.8945857374217,1679.2512931034482
734.2244542745469,1690.5238448275868
734.5542710949358,1640.9538620689664
734.8840361889054,1694.0199310344824
735.2137495467739,1651.9671982758618
735.5434111588587,1662.7877844827585
735.873021015477,1674.4657758620692
736.2025791069465,1678.6065775862073
736.5320854235848,1660.1690431034476
736.8615399557093,1659.7170775862073
737.1909426936373,1697.1172241379302
737.5202936276866,1704.0828103448268
737.8495927481747,1665.1539568965522
738.178840045419,1678.3938879310342
738.5080355097368,1709.9716551724136
738.8371791314461,1680.9594568965517
739.166270900864,1693.554672413793
739.4953108083082,1674.2464396551734
739.8242988440961,1679.2379999999996
740.1532349985453,1669.3811637931035
740.4821192619731,1670.3316206896552
740.8109516246973,1699.4501637931025
741.1397320770353,1684.9673275862067
741.4684606093047,1675.1237844827583
741.7971372118227,1680.08875862069
742.1257618749069,1659.756956896551
742.4543345888751,1686.1437672413788
742.7828553440444,1693.4815603448274
743.1113241307326,1673.774534482759
743.4397409392571,1690.5770172413795
743.7681057599356,1680.0222931034482
744.0964185830851,1687.2072155172411
744.4246793990236,1693.3087500000004
744.7528881980685,1672.8639568965518
745.081044970537,1698.5395862068963
745.4091497067471,1664.323137931035
745.737202397016,1671.9201465517237
746.0652030316613,1681.1455603448283
746.3931516010002,1687.8054051724146
746.7210480953507,1678.2476637931027
747.0488925050303,1675.2833017241385
747.3766848203559,1672.917129310345
747.7044250316454,1670.3648534482759
748.0321131292166,1669.786603448275
748.3597491033865,1675.2367758620687
748.6873329444727,1668.7763275862067
749.014864642793,1678.8059741379304
749.3423441886647,1678.9189655172404
749.6697715724052,1674.5987068965524
749.9971467843322,1666.4699741379316
750.3244698147632,1647.746637931035
750.6517406540157,1683.9304655172425
750.9789592924069,1659.052422413793
751.3061257202547,1665.0542586206902
751.6332399278766,1691.348017241379
751.9603019055899,1660.6675344827588
752.287311643712,1659.9098275862063
752.6142691325607,1666.5763189655177
752.9411743624535,1689.0350172413791
753.2680273237074,1650.1925689655175
753.5948280066407,1648.7635603448268
753.9215764015704,1645.0348448275859
754.248272498814,1669.5340344827584
754.5749162886892,1644.5097672413797
754.9015077615135,1640.628181034482
755.2280469076043,1653.1037586206896
755.554533717279,1625.3876379310348
755.8809681808553,1654.652405172413
756.2073502886508,1628.551396551725
756.5336800309826,1632.865008620689
756.8599573981685,1660.7207068965513
757.1861823805261,1632.4063965517255
757.5123549683728,1624.3840086206899
757.8384751520258,1626.424500000001
758.1645429218031,1613.0449913793107
758.4905582680221,1618.9870086206893
758.816521181,1617.4649482758623
759.1424316510545,1627.1024482758635
759.4682896685033,1616.8601120689661
759.7940952236635,1612.5730862068974
760.1198483068528,1614.141672413793
760.4455489083888,1596.8207586206893
760.7711970185891,1580.66299137931
761.0967926277708,1569.8556982758614
761.4223357262517,1602.1047672413788
761.7478263043492,1582.0388275862063
762.073264352381,1556.6689396551724
762.3986498606644,1590.9717931034488
762.7239828195169,1552.042939655172
763.0492632192563,1553.1462672413786
763.3744910501996,1555.2399310344824
763.6996663026646,1553.465301724138
764.0247889669689,1536.1643275862073
764.3498590334299,1523.063974137931
764.674876492365,1535.8452931034478
764.9998413340919,1511.133413793103
765.324753548928,1548.9456465517246
765.6496131271908,1502.572655172414
765.9744200591978,1510.5418706896553
766.2991743352666,1507.537629310345
766.6238759457146,1526.633172413793
766.9485248808593,1485.2650344827587
767.2731211310183,1513.4065344827586
767.5976646865092,1480.253534482758
767.9221555376491,1470.6027413793097
768.2465936747559,1466.1362586206892
768.5709790881469,1458.3332068965515
768.8953117681399,1442.992965517241
769.2195917050519,1440.5138017241381
769.5438188892008,1457.276405172414
769.8679933109041,1426.881724137931
770.1921149604792,1417.882293103448
770.5161838282434,1428.6962327586205
770.8401999045146,1399.6508017241367
771.16416317961,1382.2767155172419
771.4880736438472,1372.373353448277
771.811931287544,1395.583112068965
772.1357361010175,1363.1279999999995
772.4594880745854,1358.8077413793092
772.7831871985649,1383.3999827586206
773.106833463274,1382.5824568965522
773.4304268590299,1345.2687155172418
773.7539673761501,1347.2693275862068
774.0774550049523,1339.712198275862
774.4008897357538,1360.8083534482764
774.7242715588721,1339.8384827586206
775.047600464625,1342.317646551724
775.3708764433297,1330.8922241379307
775.6940994853038,1311.7833879310347
776.0172695808648,1301.135612068966
776.3403867203302,1303.0963448275872
776.6634508940177,1260.0333362068964
776.9864620922444,1283.3959655172414
777.3094203053281,1280.5645344827594
777.6323255235864,1263.084103448276
777.9551777373364,1272.0569482758622
778.2779769368959,1254.0315000000005
778.6007231125826,1235.314810344827
778.9234162547136,1222.8458793103455
779.2460563536066,1212.0518793103447
779.568643399579,1213.115327586207
779.8911773829484,1206.5751206896548
780.2136582940323,1195.62825
780.5360861231482,1184.7544913793108
780.8584608606136,1203.331603448276
781.1807824967461,1181.5242672413801
781.503051021863,1181.7568965517246
781.8252664262819,1180.3744137931035
782.1474287003205,1172.7707586206893
782.4695378342959,1151.9936379310336
782.7915938185259,1148.6637155172416
783.1135966433282,1131.9808706896551
783.4355462990198,1137.8098965517238
783.7574427759185,1152.2594999999994
784.0792860643418,1135.024991379311
784.4010761546072,1130.4056379310346
784.722813037032,1110.465982758621
785.0444967019339,1129.9270862068965
785.3661271396305,1126.6038103448275
785.6877043404394,1106.2985948275864
786.0092282946775,1113.6762672413802
786.3306989926629,1128.3053275862078
786.6521164247129,1114.2744568965527
786.9734805811449,1096.4550517241373
787.2947914522766,1094.4743793103446
787.6160490284254,1105.2883189655172
787.9372532999091,1106.1191379310342
788.2584042570446,1087.5021465517236
788.5795018901498,1069.9685431034477
788.9005461895424,1096.654448275863
789.2215371455394,1079.021146551724
789.5424747484585,1088.113629310345
789.8633589886175,1105.813396551724
790.1841898563337,1115.2315603448278
790.5049673419245,1101.1076379310337
790.8256914357073,1131.0902327586195
791.146362128,1106.0460258620685
791.4669794091199,1098.3692586206905
791.7875432693843,1097.6580775862076
792.1080536991111,1133.4497586206894
792.4285106886177,1093.2447672413798
792.7489142282213,1097.2991637931027
793.0692643082398,1117.2454655172414
793.3895609189905,1120.980827586206
793.7098040507909,1126.9361379310342
794.0299936939585,1096.7076206896545
794.350129838811,1106.1058448275867
794.6702124756658,1118.5348965517237
794.9902415948401,1118.016465517242
795.3102171866518,1114.766301724138
795.6301392414183,1114.1481724137927
795.9500077494572,1119.8974396551723
796.2698227010857,1120.2231206896554
796.5895840866215,1114.7995344827589
796.9092918963823,1126.7566810344829
797.2289461206852,1112.300431034482
797.5485467498479,1123.1276637931044
797.8680937741881,1117.6176724137931
798.187587184023,1121.9046982758623
798.5070269696703,1137.2316465517247
798.8264131214474,1112.4865344827592
799.145745629672,1127.1089482758623
799.4650244846613,1136.4606465517243
799.7842496767328,1115.9360948275857
800.1034211962044,1129.2823706896556
800.4225390333933,1134.4600344827581
800.741603178617,1133.7754396551725
801.0606136221932,1113.7626724137936
801.3795703544392,1134.5132068965515
801.6984733656726,1135.5434224137935
802.0173226462109,1131.7017155172416
802.3361181863717,1119.910732758621
802.6548599764723,1141.6516034482756
802.9735480068302,1107.156
803.2921822677633,1089.4163534482757
803.6107627495887,1142.0038706896553
803.929289442624,1114.0817068965519
804.2477623371868,1126.4575862068968
804.5661814235946,1109.9608448275867
804.8845466921647,1100.3698706896555
805.2028581332147,1116.3083017241377
805.5211157370624,1100.609146551723
805.8393194940251,1091.955336206896
806.15746939442,1088.412724137931
806.475565428565,1089.5758706896559
806.7936075867775,1091.2042758620685
807.111595859375,1073.8767155172409
807.429530236675,1067.795120689655
807.7474107089951,1085.5081810344823
808.0652372666526,1093.8097241379305
808.383009899965,1075.093034482759
808.70072859925,1088.412724137931
809.0183933548252,1078.1836810344832
809.3360041570078,1100.8018965517244
809.6535609961155,1081.4404913793092
809.9710638624657,1051.850043103449
810.2885127463761,1061.5673017241384
810.6059076381638,1039.7998448275866
810.9232485281467,1046.5593879310345
811.2405354066423,1045.555758620689
811.5577682639678,1006.8528879310347
811.8749470904407,999.3289913793114
812.1920718763791,1021.933913793104
812.5091426121,1029.3514655172414
812.8261592879209,1034.708586206897
813.1431218941593,1038.0385086206907
813.4600304211331,1019.3151724137924
813.7768848591593,1018.1852586206899
814.0936851985556,1013.8384137931032
814.4104314296397,985.1053706896553
814.7271235427289,991.7718620689654
815.0437615281405,1004.4601293103449
815.3603453761925,1016.3574568965516
815.6768750772022,995.693327586207
815.9933506214869,979.9077672413794
816.3097719993643,978.5119913793108
816.626139201152,986.281810344828
816.9424522171673,967.0333965517245
817.2587110377277,987.8769827586207
817.5749156531509,1011.4655948275865
817.8910660537543,983.0515862068967
818.2071622298554,977.1693879310349
818.5232041717716,985.7434396551732
818.8391918698208,974.5107672413792
819.15512531432,971.9518448275862
819.4710044955867,963.3379137931038
819.786829403939,959.8085948275866
820.1026000296939,987.1192758620691
820.4183163631691,954.9699051724126
820.733978394682,946.070172413793
821.0495861145503,944.7142758620691
821.3651395130912,960.5131293103448
821.6806385806223,922.7407758620691
821.9960833074613,920.4809482758624
822.3114736839257,939.0048879310345
822.6268097003326,948.4363448275863
822.942091347,910.4446551724141
823.2573186142452,935.0036637931037
823.5724914923858,923.9371551724137
823.8876099717388,927.2338448275866
824.2026740426224,942.2085258620687
824.5176836953539,922.9734051724135
824.8326389202506,945.1795344827592
825.1475397076301,899.6905344827587
825.4623860478102,901.4651637931029
825.777177931108,870.2994827586215
826.0919153478409,916.4863706896549
826.406598288327,884.3635862068977
826.7212267428835,908.4307500000002
827.0358007018276,900.0029224137922
827.3503201554771,895.4234482758623
827.6647850941497,911.9334827586206
827.9791955081625,893.0373362068965
828.2935513878332,880.9937844827589
828.6078527234795,864.1580689655177
828.9220995054185,887.4741724137932
829.236291723968,890.8838534482757
829.5504293694454,882.8415258620694
829.8645124321683,884.536396551724
830.178540902454,892.199870689655
830.4925147706201,884.8620775862069
830.8064340269843,875.7695948275866
831.120298661864,877.7037413793105
831.4341086655764,889.5478965517254
831.7478640284395,875.5635517241376
832.0615647407706,869.0831637931037
832.3752107928871,850.0009137931029
832.6888021751064,852.892163793103
833.0023388777464,872.7852931034472
833.3158208911243,842.609948275862
833.6292482055577,853.709689655173
833.9426208113641,863.1677327586208
834.2559386988611,865.9592844827591
834.569201858366,830.546456896552
834.8824102801964,841.2008793103444
835.19556395467,842.0449913793107
835.5086628721041,846.8836810344824
835.821707022816,840.6159827586212
836.1346963971237,838.8081206896547
836.4476309853444,853.9024396551727
836.7605107777956,838.2232241379311
837.0733357647947,830.7923793103444
837.3861059366598,835.0129396551722
837.6988212837077,836.7277500000007
838.0114817962561,846.7374568965522
838.3240874646227,809.55
838.6366382791251,813.5379310344829
838.9491342300803,843.8063275862066
839.2615753078062,826.5452327586206
839.5739615026203,820.516810344827
839.88629280484,820.5234568965511
840.1985692047826,840.0975517241377
840.510790692766,841.4800344827588
840.8229572591076,822.0588103448272
841.1350688941246,820.6962672413788
841.4471255881351,816.9675517241374
841.7591273314559,825.7409999999995
842.0710741144052,794.2429913793105
842.3829659272999,808.9983362068967
842.6948027604578,826.6249913793104
843.0065846041965,815.1530431034482
843.3183114488334,811.8098275862071
843.6299832846859,818.7687672413788
843.9416001020717,796.1372586206896
844.253161891308,802.4049568965513
844.5646686427127,798.968689655172
844.876120346603,815.5252499999999
845.1875169932966,810.3077068965517
845.4988585731109,802.2387931034482
845.8101450763634,785.4163706896545
846.1213764933716,786.340241379311
846.4325528144531,796.7221551724144
846.7436740299254,800.058724137931
847.0547401301059,794.1366465517235
847.3657511053123,793.5783362068967
847.6767069458617,781.3353879310343
847.987607642072,783.063491379311
848.2984531842606,783.6483879310349
848.6092435627448,773.990948275863
848.9199787678427,795.4393706896551
849.2306587898711,783.9009568965516
849.5412836191479,784.5456724137935
849.8518532459905,799.8859137931031
850.1623676607164,797.8985948275863
850.4728268536431,755.88574137931
850.783230815088,762.1135603448267
851.093579535369,766.5601034482754
851.4038730048032,760.9304741379315
851.7141112137083,762.1733793103458
852.0242941524017,768.3081465517246
852.3344218112011,764.2869827586201
852.6444941804235,752.2434310344829
852.9545112503871,760.1993534482763
853.264473011409,744.599896551724
853.5743794538067,747.1189396551717
853.8842305678979,761.5286637931029
854.194026344,748.1225689655173
854.5037667724305,768.9993879310346
854.8134518435068,748.0826896551732
855.1230815475466,747.4911465517246
855.4326558748674,750.143120689655
855.7421748157863,748.9135086206898
856.0516383606214,723.862655172414
856.3610464996898,739.5352241379308
856.6703992233095,741.5026034482767
856.9796965217972,735.8796206896557
857.2889383854709,728.5418275862078
857.5981248046484,747.3582155172408
857.9072557696466,725.9696120689655
858.2163312707833,746.846431034483
858.5253512983759,721.0711034482756
858.8343158427422,719.5955689655175
859.1432248941993,730.0306551724134
859.4520784430649,706.5151551724141
859.7608764796566,718.8112758620687
860.0696189942919,709.3266465517245
860.378305977288,719.1967758620688
860.6869374189627,700.8522931034486
860.9955133096336,705.6643965517242
861.3040336396177,707.5387241379308
861.612498399233,705.471646551724
861.9209075787969,697.602129310344
862.2292611686267,690.5036120689651
862.5375591590403,703.5308534482763
862.8458015403547,707.2396293103457
863.1539883028879,701.4305431034486
863.462119436957,696.9707068965517
863.7701949328797,670.9428103448281
864.0782147809736,688.7356293103442
864.386178971556,662.1095431034489
864.6940874949445,666.4098620689656
865.0019403414566,675.0969051724135
865.3097375014099,678.3869482758628
865.6174789651217,662.7874913793103
865.9251647229097,678.3935948275853
866.2327947650913,669.5204482758622
866.5403690819841,655.5161637931039
866.8478876639055,655.9083103448279
867.1553505011728,644.9747327586213
867.4627575841041,655.895017241379
867.7701089030164,657.2775000000004
868.0774044482273,644.1106810344827
868.3846442100546,647.9258017241389
868.6918281788154,638.8731982758625
868.9989563448274,623.5063706896549
869.3060286984081,638.6339224137932
869.6130452298751,628.4713448275866
869.9200059295456,637.6169999999997
870.2269107877374,635.4768103448273
870.5337597947679,596.7672931034488
870.8405529409546,625.1281293103448
871.1472902166151,590.605939655172
871.4539716120669,580.3768965517238
871.7605971176272,584.5775172413792
872.0671667236139,585.0228362068965
872.3736804203443,586.5050172413789
872.6801381981361,586.9902155172413
872.9865400473064,583.1618017241378
873.2928859581732,561.6469137931031
873.5991759210535,583.7201120689649
873.9054099262653,585.680844827586
874.2115879641259,561.0886034482751
874.5177100249526,579.4463793103453
874.8237760990634,553.9236206896551
875.1297861767753,578.9877672413797
875.435740248406,579.7055948275856
875.741638304273,550.088560344828
876.0474803346939,580.8022758620691
876.353266329986,565.7345431034482
876.658996280467,566.3792586206896
876.9646701764544,578.3962241379309
877.2702880082657,555.3991551724146
877.5758497662182,565.0765344827582
877.8813554406296,557.4130603448275
878.1868050218173,562.7303017241381
878.4921985000991,560.0517413793107
878.7975358657919,583.9128620689648
879.1028171092139,563.1357413793112
879.4080422206821,553.6776982758624
879.7132111905144,554.2293620689654
880.018324009028,577.4457672413791
880.3233806665403,551.909715517241
880.6283811533692,582.782948275862
880.933325459832,566.6517672413793
881.2382135762464,571.2245948275872
881.5430454929294,561.8662499999998
881.847821200199,572.1019396551721
882.1525406883726,582.9690517241381
882.4572039477674,579.7055948275863
882.7618109687014,584.511051724138
883.0663617414918,562.8034137931033
883.3708562564561,557.5991637931043
883.6752945039119,567.196784482758
883.9796764741768,551.976181034483
884.284002157568,580.5829396551726
884.5882715444033,568.6125000000006
884.8924846250001,554.0499051724141
885.1966413896757,553.2789051724133
885.500741828748,582.1781120689657
885.8047859325343,557.1538448275858
886.1087736913521,559.3073275862075
886.4127050955188,580.6228189655171
886.7165801353522,571.6699137931037
887.0203988011696,561.0420775862071
887.3241610832885,587.222844827586
887.6278669720265,570.6529913793102
887.931516457701,567.063853448276
888.2351095306296,578.8880689655166
888.5386461811297,578.6487931034485
888.8421263995189,575.5647931034475
889.1455501761147,580.2971379310347
889.4489175012345,587.7545689655171
889.7522283651961,582.902586206897
890.0554827583167,588.6983793103452
890.3586806709139,554.9870689655177
890.6618220933051,573.9297413793101
890.964907015808,558.2571724137924
891.26793542874,557.2402500000007
891.5709073224186,560.703103448275
891.8738226871615,573.7901637931034
892.1766815132858,551.4909827586214
892.4794837911094,565.9937586206895
892.7822295109495,555.5719655172411
893.084918663124,561.8928362068971
893.38755123795,554.834198275862
893.6901272257452,546.8317499999996
893.9926466168271,555.0934137931033
894.295109401513,556.4293706896551
894.5975155701208,539.7398793103453
894.8998651129676,560.8892068965522
895.2021580203713,517.5736293103455
895.5043942826492,523.5355862068968
895.8065738901186,541.8933620689656
896.1086968330975,546.5858275862067
896.410763101903,518.683603448276
896.7127726868525,526.1144482758627
897.014725578264,538.5501465517245
897.3166217664545,518.2914568965516
897.618461241742,543.7411034482755
897.9202439944438,501.9077068965512
898.2219700148772,528.1615862068966
898.5236392933599,535.4860862068961
898.8252518202094,495.65994827586246
899.1268075857431,514.3899310344827
899.4283065802786,506.91256034482717
899.7297487941335,500.4388189655167
900.031134217625,499.076275862069
900.3324628410709,482.45324999999957
900.6337346547887,493.8122068965515
900.9349496490956,481.7088362068971
901.2361078143095,490.09013793103486
901.5372091407476,486.4278879310348
901.8382536187277,479.04356896551803
902.1392412385669,464.0888275862078
902.4401719905832,458.52566379310406
902.7410458650936,478.9172844827583
903.0418628524161,474.01212931034456
903.3426229428677,470.74202586206934
903.6433261267663,466.4882327586206
903.9439723944292,447.0670086206894
904.2445617361741,451.44043965517244
904.5450941423185,439.2041379310349
904.8455696031795,457.0168965517246
905.145988109075,436.4125862068968
905.4463496503224,438.5128965517249
905.7466542172392,441.50384482758614
906.046901800143,440.12800862069
906.3470923893511,427.67901724138005
906.6472259751812,430.22464655172416
906.9473025479507,421.6572413793101
907.2473220979772,424.0500000000002
907.5472846155781,424.3291551724135
907.847190091071,428.2373275862069
908.1470385147733,402.4221206896548
908.4468298770025,394.7586465517236
908.7465641680764,406.64932758620716
909.0462413783121,424.38232758620666
909.345861498027,383.81842241379354
909.6454245175394,390.3586293103449
909.944930427166,415.7418103448276
910.2443792172248,385.6927499999997
910.5437708780329,398.97256034482757
910.843105399908,398.4474827586205
911.1423827731678,382.9876034482759
911.4416029881294,381.405724137931
911.7407660351107,384.2039224137932
912.039871904429,383.4794482758625
912.3389205864019,374.8721637931037
912.6379120713467,373.02442241379345
912.9368463495812,377.6238362068966
913.2357234114227,358.74762931034456
913.5345432471886,358.08297413793025
913.8333058471968,365.79962068965483
914.1320112017644,368.0993275862072
914.4306593012092,343.09500000000025
914.7292501358485,361.74522413793125
915.027783696,334.47442241379304
915.326259971981,344.2515000000001
915.6246789541092,356.9663534482761
915.9230406327019,335.0991982758617
916.2213449980769,324.41154310344814
916.5195920405514,326.6780172413794
916.817781750443,340.250275862069
917.1159141180693,324.384956896552
917.4139891337477,348.44547413793134
917.7120067877958,323.34809482758624
918.0099670705309,321.7462758620693
918.3078699722709,316.46891379310387
918.6057154833329,329.80189655172444
918.9035035940346,311.8695
919.2012342946937,320.0979310344828
919.4989075756272,320.4967241379304
919.7965234271528,302.91659482758587
920.0940818395884,310.533543103448
920.391582803251,304.1462068965516
920.6890263084584,325.38193965517235
920.986412345528,301.0754999999999
921.2837409047773,291.0923793103452
921.5810119765239,288.9654827586205
921.8782255510852,305.14318965517214
922.1753816187786,299.7528362068965
922.4724801699219,285.46939655172446
922.7695211948325,274.79503448275864
923.0665046838276,287.69599137931027
923.3634306272252,290.7600517241376
923.6602990153425,287.63617241379325
923.957109838497,288.054905172414
924.2538630870064,276.13099137931044
924.550558751188,265.7357844827584
924.8471968213594,267.5569396551725
925.143777287838,288.5866293103452
925.4403001409416,265.1176551724136
925.7367653709874,287.9618534482763
926.033172968293,254.7158017241377
926.3295229231761,268.6868534482753
926.6258152259538,256.4970775862073
926.922049866944,254.77562068965517
927.2182268364639,264.24695689655164
927.5143461248313,253.49948275862084
927.8104077223635,257.0819741379314
928.1064116193779,226.37490517241395
928.4023578061923,260.96356034482733
928.6982462731241,260.5714137931036
928.9940770104909,236.2250948275862
929.2898500086097,227.9368448275859
929.5855652577987,240.71151724137962
929.881222748375,233.18097413793112
930.1768224706561,236.38461206896568
930.4723644149599,244.51334482758625
930.7678485716033,239.91393103448308
931.0632749309043,258.86325000000056
931.3586434831801,246.76652586206887
931.6539542187485,255.16776724137958
931.9492071279267,251.2330086206896
932.2444022010322,250.47530172413803
932.539539428383,227.93019827586227
932.834618800296,239.4819051724137
933.1296403070891,228.23593965517261
933.4246039390796,227.29212931034454
933.719509686585,215.7138362068963
934.0143575399229,209.7585258620686
934.3091474894109,222.87217241379312
934.6038795253663,218.51203448275874
934.8985536381067,230.56223275862044
935.1931698179496,224.69332758620703
935.4877280552125,218.33922413793107
935.7822283402131,226.64741379310362
936.0766706632685,192.13187068965567
936.3710550146964,195.4352068965518
936.6653813848145,200.0080344827586
936.9596497639401,207.3325344827581
937.2538601423907,201.051543103448
937.5480125104838,197.85455172413822
937.8421068585369,214.98271551724133
938.1361431768677,209.35973275862057
938.4301214557936,210.25037068965594
938.724041685632,180.54028448275835
939.0179038567005,190.01826724137982
939.3117079593167,209.1337500000002
939.6054539837977,182.60736206896513
939.8991419204615,205.85035344827634
940.1927717596254,193.42130172413795
940.4863434916068,189.03457758620698
940.7798571067235,167.99824137931046
941.0733125952926,183.5179396551723
941.3667099476321,190.40376724137946
941.660049154059,202.8926379310342
941.9533302048911,196.61164655172456
942.2465530904459,189.69923275862106
942.5397178010408,189.45331034482797
942.8328243269934,185.1862241379315
943.1258726586211,184.5946810344833
943.4188627862416,191.2545258620696
943.7117947001722,165.39943965517273
944.0046683907303,178.6393706896547
944.2974838482338,176.4593017241382
944.5902410629999,164.52209482758576
944.8829400253463,184.38199137931042
945.1755807255904,168.66289655172386
945.4681631540498,164.7680172413793
945.7606873010416,185.6315431034477
946.0531531568838,165.64536206896514
946.3455607118939,157.98188793103463
946.637909956389,161.0326551724138
946.9302008806869,175.17651724137932
947.222433475105,158.29427586206884
947.5146077299611,162.94021551724154
947.8067236355722,152.25920689655186
948.0987811822561,159.15832758620695
948.3907803603304,159.005456896552
948.6827211601122,166.0973275862068
948.9746035719196,158.90575862068954
949.2664275860697,141.2392241379314
949.5581931928801,162.39519827586287
949.8499003826682,149.48759482758624
950.1415491457516,153.36918103448215
950.433139472448,163.90396551724098
950.7246713530745,148.1316982758617
951.0161447779491,161.82359482758625
951.3075597373888,158.7728275862071
951.5989162217114,163.98372413793095
951.8902142212344,149.68034482758594
952.1814537262751,141.93711206896523
952.4726347271514,152.0664568965517
952.7637572141804,125.9056293103447
953.0548211776797,140.5546293103448
953.345826607967,128.3582068965518
953.6367734953598,148.58366379310337
953.9276618301752,140.08272413793065
954.218491602731,150.15889655172418
954.5092628033449,145.39331896551653
954.7999754223339,138.16187068965564
955.0906294500162,124.76906896551759
955.3812248767088,137.19147413793098
955.6717616927293,148.84287931034464
955.9622398883953,141.35886206896612
956.252659454024,130.9636551724136
956.5430203799333,130.0530775862071
956.8333226564404,124.02465517241421
957.123566273863,139.27849137931025
957.4137512225187,135.290560344828
957.7038774927249,121.75153448275864
957.9939450747991,120.15636206896579
958.2839539590585,131.46214655172435
958.573904135821,115.48383620689651
958.8637955954039,124.23069827586232
959.1536283281249,125.49354310344825
959.4434023243015,127.75337068965496
959.7331175742511,130.36546551724177
960.0227740682911,132.49900862068966
960.3123717967391,113.21736206896549
960.6019107499126,104.74965517241412
960.8913909181291,132.87121551724204
961.1808122917063,116.03549999999996
961.4701748609615,105.73334482758628
961.7594786162123,112.10738793103451
962.0487235477761,114.26087068965558
962.3379096459703,114.73277586206905
962.6270369011127,107.2421120689653
962.9161053035206,119.67116379310323
963.2051148435118,126.47058620689677
963.4940655114033,115.07839655172415
963.7829572975131,100.21670689655184
964.0717901921586,124.23734482758618
964.3605641856568,111.8814051724139
964.6492792683258,96.49463793103428
964.9379354304829,124.49656034482746
965.2265326624457,107.66084482758583
965.5150709545317,122.52253448275906
965.8035502970582,108.94362931034448
966.0919706803429,100.78831034482778
966.380332094703,102.29707758620657
966.6686345304566,116.11525862069016
966.9568779779205,129.24884482758648
967.2450624274128,110.37263793103443
967.5331878692509,85.36831034482793
967.821254293752,95.0323965517241
968.1092616912339,91.27709482758564
968.3972100520137,91.11093103448252
968.6850993664095,89.45593965517241
968.9729296247382,107.57443965517245
969.2607008173178,86.7840258620688
969.5484129344657,97.12606034482747
969.8360659664992,96.96654310344866
970.123659903736,115.61676724137988
970.4111947364933,90.63902586206927
970.698670455089,110.12671551724134
970.9860870498403,112.08744827586224
971.273444511065,96.30188793103434
971.5607428290805,82.80274137931042
971.8479819942042,82.21119827586222
972.1351619967537,107.66749137931038
972.4222828270463,93.83601724137975
972.7093444753998,85.36166379310339
972.9963469321315,77.13323275862012
973.2832901875591,93.34417241379265
973.570174232,99.5586982758623
973.8569990557718,84.1453448275854
974.1437646491918,98.38890517241407
974.4304710025773,91.98162931034472
974.7171181062464,84.88975862068946
975.0037059505163,95.47771551724122
975.2902345257045,87.62149137931056
975.5767038221287,80.78218965517249
975.8631138301062,86.75079310344813
976.1494645399545,89.30971551724156
976.4357559419909,70.36039655172453
976.7219880265335,76.71450000000004
977.0081607838993,74.25527586206908
977.294274204406,90.69884482758584
977.5803282783712,83.44081034482792
977.8663229961121,72.79303448275846
978.1522583479466,82.3574224137933
978.4381343241918,73.57732758620728
978.7239509151655,78.05710344827594
979.0097081111849,85.07586206896531
979.2954059025678,82.23113793103471
979.5810442796319,59.79237931034481
979.8666232326942,60.72954310344858
980.1521427520727,76.18942241379273
980.4376028280842,81.50001724137996
980.7230034510469,70.46674137931063
981.0083446112778,67.41597413793079
981.293626299095,87.00336206896554
981.5788485048156,78.28308620689654
981.8640112187571,66.66491379310355
982.1491144312372,63.6673189655171
982.4341581325729,89.94778448275883
982.7191423130824,83.24806034482754
983.0040669630827,80.11088793103454
983.2889320728916,78.31631896551767
983.5737376328267,61.97244827586201
983.8584836332051,76.53504310344829
984.1431700643446,70.36704310344794
984.4277969165624,73.08548275862086
984.7123641801765,54.07634482758613
984.9968718455038,75.36525000000006
985.2813199028625,57.49931896551743
985.5657083425697,64.09269827586195
985.8500371549429,60.722896551724034
986.1343063302998,66.99724137931048
986.4185158589573,70.25405172413753
986.7026657312338,61.44737068965492
986.9867559374461,54.64794827586206
987.2707864679121,60.65643103448292
987.5547573129493,65.26913793103404
987.838668462875,59.805672413792536
988.1225199080069,59.93195689655181
988.4063116386621,62.10537931034469
988.6900436451588,59.73256034482756
988.9737159178138,64.59118965517268
989.257328446945,62.41112068965481
989.5408812228701,50.67995689655186
989.824374235906,64.10599137930967
990.1078074763708,79.21360344827553
990.3911809345815,77.87764655172418
990.6744946008561,68.87821551724164
990.9577484655115,59.09449137931006
991.2409425188658,59.313827586207026
991.5240767512364,54.41531896551783
991.8071511529406,66.98394827586208
992.090165714296,53.444922413793165
992.3731204256198,83.79972413793098
992.6560152772302,38.82250862068986
992.9388502594439,52.43464655172397
993.2216253625792,45.47570689655208
993.504340576953,69.23048275862038
993.786995892883,70.91206034482752
994.069591300687,63.45462931034467
994.3521267906818,47.67571551724109
994.6346023531856,51.90292241379325
994.9170179785156,35.937905172413366
995.1993736569893,51.88962931034507
995.4816693789244,72.1616120689655
995.7639051346382,49.62315517241359
996.0460809144483,64.91022413793121
996.328196708672,48.73251724137913
996.610252507627,38.024922413792865
996.8922483016308,45.3427758620694
997.174184081001,39.89260344827608
997.4560598360551,38.77598275862033
997.7378755571104,32.82067241379286
998.0196312344846,44.50531034482742
998.3013268584948,42.69744827586237
998.582962419459,50.62678448275892
998.8645379076945,39.97900862068991
999.146053313519,41.03581034482727
999.4275086272497,47.57601724137908
999.7089038392044,38.224318965517114
999.9902389397004,49.90895689655167
1000.2715139190549,46.718612068965285
1000.5527287675861,37.54637068965462
1000.8338834756111,46.91136206896522
1001.1149780334474,46.92465517241408
1001.3960124314128,37.52643103448327
1001.6769866598245,54.41531896551692
1001.9579007090001,32.20918965517285
1002.2387545692569,51.151862068965556
1002.5195482309128,51.90292241379257
1002.8002816842849,44.605008620690114
1003.0809549196912,45.12343965517243
1003.3615679274488,34.77475862068968
1003.6421206978755,48.273905172413606
1003.9226132212885,32.22248275862012
1004.2030454880053,45.050327586207004
1004.4834174883438,36.436396551723874
1004.7637292126209,35.944551724138364
1005.0439806511547,43.08294827586178
1005.3241717942625,51.12527586206875
1005.6043026322618,34.934275862068716
1005.88437315547,26.459922413793038
1006.1643833542047,33.571732758620556
1006.4443332187833,43.87388793103446
1006.7242227395233,38.12462068965533
1007.0040519067426,55.20625862068914
1007.2838207107583,40.80982758620712
1007.5635291418881,43.90712068965513
1007.8431771904494,44.39231896551746
1008.1227648467594,37.11434482758591
1008.4022921011363,44.35243965517202
1008.6817589438969,24.81157758620634
1008.9611653653593,34.49560344827569
1009.2405113558408,28.62669827586228
1009.5197969056588,39.68656034482774
1009.7990220051308,33.24605172413817
1010.0781866445743,25.51611206896564
1010.357290814307,34.16992241379262
1010.6363345046461,33.02006896551757
1010.9153177059095,28.939086206896718
1011.1942404084145,35.77174137931024
1011.4731026024787,28.772922413792912
1011.7519042784193,14.403077586206791
1012.0306454265539,7.570422413792585
1012.3093260372002,8.720275862069457
1012.5879461006755,41.45454310344758
1012.8665056072978,53.631025862068554
1013.145004547384,44.75123275862097
1013.423442911252,38.60981896551698
1013.701820689219,36.13730172413739
1013.9801378716024,36.74878448275831
1014.2583944487204,37.925224137930854
1014.5365904108897,31.87686206896501
1014.8147257484286,21.64781896551699
1015.0928004516539,19.461103448276162
1015.3708145108835,22.63815517241369
1015.6487679164347,23.316103448275726
1015.926660658625,4.247146551723972
1016.204492727772,23.69495689655173
1016.4822641141933,13.479206896551887
1016.7599748082064,14.589181034482863
1017.0376248001287,37.16751724137907
1017.3152140802778,14.914862068965249
1017.592742638971,42.45152586206905
1017.8702104665258,35.11373275862093
1018.1476175532599,48.67934482758619
1018.4249638894908,20.797060344827514
1018.7022494655358,29.636974137930792
1018.9794742717129,29.16506896551755
1019.2566382983392,28.08168103448361
1019.5337415357322,20.11246551724139
1019.8107839742094,17.380732758620297
1020.0877656040884,16.84236206896594
1020.3646864156866,19.793431034483092
1020.6415463993217,29.922775862069102
1020.9183455453111,26.293758620688777
1021.1950838439726,33.09318103448231
1021.4717612856232,20.77047413793116
1021.7483778605803,29.736672413793485
1022.0249335591622,33.55179310344829
1022.3014283716853,16.03148275862077
1022.5778622884684,34.34273275862097
1022.8542352998282,18.17167241379343
1023.1305473960822,1.7347499999996217
1023.4067985675482,14.48948275862108
1023.6829888045435,13.585551724138213
1023.9591180973856,18.882853448276137
1024.2351864363918,2.3595258620691766
1024.5111938118805,17.99221551724122
1024.7871402141682,10.488258620689749
1025.063025633573,10.19581034482735
1025.3388500604121,5.908784482758165
1025.6146134850028,11.79098275862043
1025.8903158976632,15.778913793103584
1026.1659572887106,1.9673793103449952
1026.4415376484621,23.994051724137762
1026.717056967236,21.12938793103399
1026.9925152353492,2.366172413793265
1027.2679124431193,12.768025862068498
1027.5432485808635,5.955310344827694
1027.8185236389,15.446586206895745
1028.0937376075456,2.5855086206897795
1028.3688904771186,25.961431034482757
1028.643982237936,20.105818965516846
1028.9190128803152,15.758974137930863
1029.193982394574,8.095499999999674
1029.4688907710297,30.91311206896512
1029.7437379999997,9.87677586206928
1030.0185240718022,20.438146551723776
1030.293248976754,9.351698275861963
1030.5679127051728,9.670732758620261
1030.842515247376,6.872534482758738
1031.1170565936816,10.56137068965495
1031.3915367344061,7.736586206896163
1031.665955659868,28.32760344827625
1031.9403133603844,18.5970517241376
1032.2146098262729,20.48467241379285
1032.488845047851,10.229043103447793
1032.7630190154362,12.768025862068498
1033.0371317193458,10.641129310344922
1033.3111831498973,16.51003448275833
1033.5851732974086,-2.778258620689712
1033.859102152197,32.0696120689654
1034.13296970458,10.395206896552054
1034.4067759448753,4.287025862069413
1034.6805208633998,21.255672413793036
1034.9542044504717,13.173465517241084
1035.227826696408,12.156543103448257
1035.5013875915265,14.004284482758976
1035.7748871261447,7.291267241379501
1036.0483252905797,14.768637931034391
1036.32170207515,16.357163793102927
1036.595017470172,10.60789655172448
1036.8682714659637,11.87074137931063
1037.1414640528424,9.604267241379375
1037.4145952211256,4.851982758620807
1037.6876649611315,7.84293103448249
1037.960673263177,5.4966982758624
1038.2336201175794,6.7728362068965
1038.5065055146567,8.188551724137596
1038.7793294447265,3.5891379310351113
1039.0520918981051,1.5752327586205865
1039.3247928651115,12.648387931034677
1039.5974323360626,20.67077586206915
1039.8700103012757,16.177706896551626
1040.142526751069,6.088241379309693
1040.414981675759,11.558353448275966
1040.6873750656641,-2.047137931034513
1040.9597069111012,-12.595215517241286
1041.231977202388,13.100353448275882
1041.5041859298422,11.325724137931047
1041.776333083781,1.3824827586206538
1042.0484186545225,3.4429137931037985
1042.3204426323834,12.661681034482854
1042.5924050076817,-5.171017241379332
