371.46153840273,11.192793103448366
371.8391998916188,3.0175344827587196
372.21681955928005,-21.116094827586267
372.59439739603135,-7.304560344827678
372.97193339219024,-6.00848275862063
373.3494275380741,-6.447155172413659
373.72687982400055,6.447155172413886
374.104290240287,6.919060344827358
374.481658777251,14.143862068965518
374.85898542521005,3.296689655172031
375.2362701744817,-0.059818965517251854
375.61351301538343,22.133017241379093
375.9907139382327,14.482836206896081
376.36787293334714,-6.174646551724436
376.7449899910441,18.331189655172693
377.12206510164117,9.378284482758318
377.49909825545586,3.941405172413397
377.8760894428056,11.146267241379064
378.25303865400804,-0.9770431034487501
378.62994587938056,-1.9939655172408948
379.0068111092407,-11.824215517241782
379.38363433390595,-12.289474137930938
379.76041554369385,-4.55288793103432
380.13715472892187,23.262931034483245
380.51385187990763,34.44243103448275
380.89050698696843,42.98989655172409
381.26712004042196,34.05028448275834
381.64369103058567,46.652146551723945
382.02021994777704,49.50351724137931
382.3967067823135,46.80501724137912
382.77315152451274,30.361448275862358
383.14955416469223,48.825568965516595
383.52591469316934,35.70527586206936
383.90223310026164,42.01949999999988
384.27850937628665,39.87931034482767
384.65474351156195,41.07568965517248
385.0309354964049,52.58751724137892
385.4070853211331,63.707198275861856
385.783192976064,39.62009482758663
386.15925845151514,46.9711810344827
386.5352817378041,46.33311206896565
386.9112628252483,50.134939655172275
387.2872017041652,39.49381034482758
387.6630983648723,49.151249999999436
388.03895279768733,65.04315517241389
388.4147649929276,57.067293103448264
388.79053494091056,56.21653448275879
389.16626263195394,57.585724137931265
389.541948056375,32.435172413793225
389.91759120449143,57.97787068965522
390.2931920666206,70.30057758620774
390.66875063308015,44.71799999999962
391.04426689418744,49.05819827586197
391.41974084026015,55.75792241379304
391.79517246161566,49.41711206896548
392.17056174857146,60.58331896551658
392.54590869144516,62.869732758620785
392.9212132805541,72.04862068965531
393.296475506216,70.36704310344771
393.6716953587482,58.901741379310124
394.04687282846834,68.73199137930987
394.4220079056938,75.65105172413769
394.79710058074215,56.09689655172451
395.1721508439309,71.45043103448279
395.5471586855775,74.84017241379274
395.92212409599955,70.5597931034481
396.29704706551445,61.88604310344863
396.67192758443974,65.12291379310318
397.04676564309307,64.39179310344775
397.4215612317917,66.36581896551752
397.7963143408533,81.56648275862017
398.1710249605953,74.02264655172416
398.54569308133523,67.57549137930982
398.92031869339064,64.23227586206872
399.29490178707897,63.15553448275841
399.6694423527178,75.69757758620699
400.0439403806246,82.75621551724089
400.41839586111684,82.76950862068975
400.792808784512,84.55743103448276
401.1671791411277,75.97008620689621
401.5415069212814,67.82806034482724
401.91579211529057,71.11810344827586
402.2900347134728,79.2468362068962
402.6642347061454,109.0433275862058
403.0383920836261,95.11215517241385
403.41250683623224,76.64803448275893
403.7865789542815,87.10970689655142
404.1606084280912,95.84992241379337
404.53459524797904,83.38099137931044
404.9085394042624,97.97681896551717
405.2824408872587,99.21972413793128
405.65629968728564,101.14057758620675
406.0301157946606,84.23839655172401
406.4038891997011,94.79312068965532
406.7776198927248,106.41129310344854
407.15130786404893,93.70308620689639
407.5249531039912,110.87777586206835
407.8985556028691,105.68681896551743
408.272115351,105.09527586206877
408.64563233870155,116.44758620689618
409.01910655629126,113.35029310344794
409.39253799408647,121.51890517241395
409.7659266424049,115.1382155172414
410.13927249156393,107.80042241379329
410.51257553188105,120.79443103448261
410.8858357536738,127.7001982758618
411.25905314725975,117.88324137931045
411.63222770295624,121.83793965517248
412.00535941108103,131.69477586206858
412.3784482619514,143.59874999999965
412.75149424588494,147.36734482758675
413.1244973531991,142.94738793103465
413.4974575742115,127.77331034482768
413.87037489923966,120.92071551724166
414.2432493186009,127.7998965517238
414.6160808226129,122.63552586206879
414.9888694015931,147.40722413793083
415.3616150458589,145.7189999999996
415.734317745728,140.2090086206897
416.1069774915178,148.5039051724134
416.47959427354584,150.92325000000028
416.8521680821296,130.46516379310287
417.2246989075866,155.12387068965518
417.5971867402344,149.2616120689654
417.9696315703904,138.460965517241
418.34203338837216,141.80418103448278
418.71439218449717,144.5292672413791
419.08670794908295,163.6979224137931
419.458980672447,155.47613793103415
419.8312103449069,169.19462068965527
420.20339695678,190.955431034482
420.5755404983839,185.07987931034495
420.9476409600361,188.17717241379341
421.3196983320541,196.8309827586204
421.6917126047555,202.39414655172368
422.0636837684576,183.2188448275865
422.4356118134781,188.6424310344819
422.8074967301344,220.11385344827636
423.179338508744,197.9010775862073
423.5511371396245,231.99788793103426
423.92289261309327,210.82197413793097
424.29460491946793,207.98389655172446
424.666274049066,223.86915517241414
425.0378999922049,224.73985344827588
425.4094827392022,211.1742413793104
425.7810222803753,245.251112068966
426.1525186060418,239.93387068965512
426.5239717065192,239.16287068965494
426.895381572125,233.81239655172453
427.2667481931767,245.66984482758585
427.63807155999183,250.2493189655172
428.00935166288787,266.9188706896555
428.3805884921823,263.1502758620693
428.7517820381926,259.6209568965521
429.1229322912364,262.2529913793103
429.4940392416312,260.0131034482765
429.8651028796943,284.95761206896555
430.23612319574346,278.1714827586202
430.60710018009604,282.4319224137935
430.97803382306955,294.20961206896504
431.3489241149815,289.822887931035
431.71977104614945,277.0016896551731
432.0905746068909,299.4205086206896
432.4613347875234,284.0071551724129
432.8320515783643,300.4839568965522
433.20272496973126,304.9238534482761
433.5733549519417,295.3860517241376
433.94394151531304,309.13112068965484
434.31448465016297,292.3485775862073
434.68498434680896,318.6689224137933
435.0554405955685,325.63450862069
435.425853386759,313.57101724137965
435.79622271069803,344.2182672413794
436.1665485577032,334.2883189655172
436.53683091809177,324.1523275862073
436.9070697821815,331.0248620689656
437.2772651402898,312.91965517241397
437.6474169827341,308.2271896551729
438.017525299832,319.93841379310334
438.387590081901,325.40187931034507
438.7576113192586,323.5009655172412
439.12758900222224,339.7850172413796
439.4975231211095,329.9148879310342
439.8674136662379,346.3783965517241
440.2372606279249,335.072612068966
440.60706399648797,334.9995000000008
440.9768237622447,332.0750172413791
441.34653991551255,334.6405862068966
441.716212446609,367.2219827586209
442.08584134585163,350.70530172413805
442.4554266035579,358.8805603448277
442.8249682100453,342.47687068965433
443.1944661556314,360.46908620689646
443.56392043063363,360.9276982758622
443.93333102536957,357.83705172413784
444.3026979301566,360.1766379310343
444.67202113531243,395.729043103448
445.04130063115434,365.12831896551734
445.41053640800004,385.8855000000001
445.7797284561669,383.16041379310354
446.1488767659724,377.2981551724142
446.5179813277342,415.6421120689656
446.88704213176965,417.9816982758616
447.2560591683964,418.8523965517238
447.62503242793184,425.93097413793134
447.99396190069353,430.09171551724125
448.36284757699894,458.45255172413795
448.73168944716554,456.33894827586255
449.10048750151105,446.8410258620695
449.4692417303527,466.46164655172424
449.83795212400815,465.2785603448274
450.20661867279483,470.4163448275858
450.57524136703034,502.41284482758556
450.94382019703215,531.3186982758618
451.3123551531177,539.9658620689654
451.6808462256046,556.3894913793101
452.0492934048102,547.7622672413788
452.41769668105223,550.5604655172417
452.786056044648,575.1128275862072
453.15437148591514,577.3726551724139
453.5226429951711,618.5148103448278
453.8908705627333,608.2458879310348
454.2590541789195,630.930568965518
454.62719383404686,597.7908620689652
454.9952895184332,626.1251120689656
455.36334122239583,623.9782758620686
455.73134893625235,632.3861637931034
456.09931265032026,685.6051034482757
456.467232354917,639.3451034482755
456.8351080403602,633.4296724137928
457.2029396969672,689.7791379310343
457.5707273150556,693.5543793103443
457.93847088494294,686.1966465517246
458.30617039694664,677.5827155172412
458.6738258413843,705.3187758620695
459.0414372085733,697.9411034482755
459.4090044888313,704.3816120689648
459.77652767247565,737.9334051724136
460.144006749824,727.4850258620688
460.5114417111938,727.2523965517246
460.8788325469025,720.9115862068968
461.24617924726766,769.9564913793101
461.61348180260677,724.1285172413795
461.98074020323736,740.2464051724137
462.34795443947695,770.4084568965518
462.715124501643,745.1980862068963
463.08225038005304,793.9771293103452
463.4493320650245,789.5106465517244
463.816369546875,782.491887931034
464.183362815922,808.9584568965518
464.550311862483,816.322836206896
464.9172166768755,812.6805258620682
465.28407724941707,821.075120689655
465.6508935704251,807.3965172413796
466.01766563021727,827.1367758620688
466.3843934191109,834.1422413793105
466.75107692742347,833.5772844827591
467.11771614547274,845.8667586206896
467.484311063576,838.0238275862066
467.8508616720508,870.9441982758622
468.21736796121473,875.4505603448279
468.58382992138525,874.5399827586207
468.9502475428798,912.245870689655
469.31662081601587,914.5721637931033
469.6829497311111,913.55524137931
470.0492342784829,938.6991465517237
470.41547444844883,963.8297586206893
470.78167023132636,923.5715948275861
471.147821617433,980.63224137931
471.5139285970863,979.8745344827585
471.8799911606036,977.1295086206901
472.2460092983026,1004.7459310344818
472.6119830005008,1033.1200603448272
472.97791225751564,1021.7411637931029
473.3437970596646,1051.3515517241376
473.70963739726517,1057.8120000000008
474.075433260635,1081.8924568965524
474.44118464009136,1089.6091034482768
474.80689152595204,1105.088922413793
475.17255390853427,1138.8334655172418
475.53817177815574,1160.5743362068963
475.903745125134,1162.9538017241384
476.26927393978633,1211.8790689655175
476.6347582124304,1219.609008620689
477.0001979333836,1238.751077586208
477.36559309296365,1263.2170344827582
477.7309436814879,1315.2661810344835
478.09624968927386,1282.0799482758623
478.461511106639,1316.4559137931035
478.826727923901,1336.555086206897
479.1919001313771,1347.5617758620692
479.557027719385,1392.8979051724143
479.9221106782422,1468.681887931034
480.2871489982661,1471.1078793103445
480.6521426697744,1470.257120689655
481.01709168308435,1496.2717241379307
481.38199602851364,1535.7455948275863
481.74685569637967,1564.804318965517
482.111670677,1591.8092586206894
482.4764409606922,1618.322353448275
482.84116653777363,1654.1937931034493
483.2058473985619,1676.9981120689652
483.57048353337444,1712.2447758620688
483.93507493252883,1724.3282068965523
484.29962158634265,1737.9071120689669
484.6641234851332,1772.602112068966
485.02858061921813,1806.393181034483
485.3929929789149,1813.5714568965527
485.757360554541,1861.7257241379311
486.121683336414,1884.3173534482755
486.4859613148513,1899.3385603448278
486.8501944801706,1947.3399568965517
487.2143828226892,1933.182801724137
487.57852633272466,1960.1678017241377
487.94262500059455,2009.8374827586206
488.3066788166163,2031.186206896552
488.67068777110745,2056.675732758621
489.0346518543855,2083.5145086206903
489.39857105676805,2135.829517241378
489.7624453685724,2077.1138793103446
490.12627478011626,2137.3050517241377
490.49005928171704,2147.7268448275863
490.85379886369225,2167.36075862069
491.2174935163594,2206.5421810344824
491.581143230036,2210.197784482758
491.94474799503956,2218.0074827586204
492.30830780168753,2207.891431034484
492.67182264029753,2253.021517241379
493.035292501187,2250.721810344828
493.3987173746735,2267.7901551724144
493.7620972510744,2263.0179310344824
494.1254321207073,2271.685034482758
494.48872197388977,2285.789017241379
494.8519668009391,2299.4742672413795
495.21516659217303,2294.2500775862054
495.5783213379091,2299.042241379311
495.9414310284645,2313.0664655172413
496.30449565415705,2293.2863275862082
496.66751520530397,2314.867681034483
497.03048967222315,2336.48226724138
497.39341904523167,2382.549517241379
497.75630331464737,2364.337965517242
498.11914247078755,2352.713146551724
498.4819365039699,2376.2352931034484
498.8446854045118,2408.617293103448
499.20738916273064,2393.802129310345
499.5700477689442,2394.6462413793106
499.93266121346977,2427.360568965518
500.29522948662503,2391.5555948275864
500.6577525787273,2409.095844827586
501.02023048009426,2411.096456896552
501.38266318104326,2387.8534655172407
501.7450506718919,2401.2795000000006
502.1073929429577,2432.591405172413
502.469689984558,2449.1014396551727
502.8319417870105,2457.5159741379325
503.1941483406327,2442.1690862068963
503.5563096357421,2454.3389224137927
503.91842566265603,2459.4900000000007
504.28049641169207,2464.169172413793
504.64252187316794,2524.951887931035
505.0045020374009,2534.1839482758637
505.36643689470856,2524.9585344827583
505.72832643540835,2554.143543103449
506.0901706498178,2591.3575862068965
506.45196952825466,2576.8215775862072
506.813723061036,2625.986120689656
507.1754312384797,2613.191508620689
507.537094050903,2682.3422327586204
507.8987114886236,2623.6664741379313
508.26028354195887,2678.965784482759
508.62181020122637,2728.549060344828
508.9832914567437,2712.271655172414
509.3447272988281,2741.177508620689
509.7061177177974,2764.96551724138
510.0674627039689,2742.307422413793
510.42876224766013,2729.745439655172
510.7900163391887,2815.472663793103
511.151224968872,2775.998793103447
511.51238812702763,2757.59449137931
511.87350580397293,2820.318
512.2345779900257,2932.1196465517232
512.5956046755031,2943.9837413793093
512.9565858507228,2920.2821379310362
513.3175215060025,2927.4737068965524
513.6784116316593,3044.9315689655177
514.0392562180111,3014.8891551724146
514.4000552553752,3075.3395431034487
514.7608087340691,3019.0366034482754
515.1215166444102,3124.776594827586
515.4821789767162,3114.494379310344
515.8427957213047,3200.833086206897
516.2033668684929,3209.274206896552
516.5638924085987,3221.503862068966
516.924372331939,3225.0797068965535
517.284806628832,3260.326370689656
517.6451952895948,3270.688344827587
518.0055383045449,3342.9297155172417
518.365835664,3371.3836034482774
518.7260873582774,3394.1679827586204
519.0862933776949,3443.153068965518
519.4464537125696,3461.3779137931037
519.8065683532194,3482.806396551724
520.1666372899614,3515.9128706896536
520.5266605131134,3560.4115344827574
520.8866380129929,3587.9349051724134
521.2465697799173,3608.8449568965507
521.6064558042042,3624.849853448277
521.966296076171,3628.8577241379326
522.3260905861354,3702.116017241379
522.6858393244146,3704.721465517242
523.0455422813262,3760.63225862069
523.405199447188,3813.9442499999996
523.7648108123171,3826.7920344827567
524.1243763670313,3860.509991379309
524.4838961016479,3852.7335258620687
524.8433700064846,3876.076215517242
525.2027980718589,3897.637629310344
525.5621802880879,3980.71952586207
525.9215166454898,4011.93173275862
526.2808071343813,4010.9081637931035
526.6400517450808,4037.2617413793096
526.999250467905,4066.7192586206893
527.3584032931719,4090.4408017241367
527.7175102111987,4081.906629310346
528.0765712123032,4095.345956896552
528.4355862868027,4140.376344827586
528.7945554250149,4168.7172413793105
529.153478617257,4159.272491379312
529.5123558538468,4236.173094827586
529.8711871251016,4243.7634568965495
530.229972421339,4260.8583879310345
530.5887117328764,4263.337551724137
530.9474050500316,4247.372534482758
531.3060523631218,4243.424482758621
531.6646536624647,4294.729215517242
532.0232089383777,4330.952922413793
532.3817181811784,4294.523172413794
532.740181381184,4342.757198275862
533.0985985287124,4298.125603448274
533.4569696140809,4316.177637931035
533.815294627607,4379.825017241379
534.1735735596084,4369.895068965517
534.5318064004024,4361.5868793103455
534.8899931403066,4381.5265344827585
535.2481337696383,4364.192327586206
535.6062282787153,4370.101112068966
535.9642766578552,4357.592301724139
536.322278897375,4382.084844827588
536.6802349875926,4356.16993965517
537.0381449188254,4407.953224137931
537.396008681391,4440.39504310345
537.7538262656067,4407.11575862069
538.1115976617901,4434.8185862068985
538.4693228602589,4392.227482758621
538.8270018513302,4484.388568965517
539.184634625322,4438.680232758623
539.5422211725514,4437.616784482758
539.8997614833361,4438.753344827587
540.2572555479934,4486.522112068966
540.6147033568411,4497.841189655174
540.9721049001965,4498.625482758619
541.3294601683773,4483.291887931033
541.6867691517009,4510.502870689656
542.0440318404848,4484.634491379309
542.4012482250464,4500.333646551724
542.7584182957032,4545.942284482759
543.1155420427729,4624.617517241379
543.472619456573,4623.115396551724
543.8296505274208,4596.901396551724
544.1866352456341,4634.082206896553
544.54357360153,4674.39354310345
544.9004655854266,4696.7525431034455
545.2573111876407,4641.632689655171
545.6141103984902,4674.154267241379
545.9708632082926,4669.122827586207
546.3275696073654,4671.78144827586
546.684229586026,4761.4301379310355
547.040843134592,4681.359129310345
547.397410243381,4810.647853448277
547.7539309027102,4744.228862068967
548.1104051028973,4784.626603448276
548.46683283426,4720.101879310345
548.8232140871154,4769.784853448275
549.1795488517813,4892.619775862071
549.5358371185752,4811.511905172412
549.8920788778144,4835.884810344827
550.2482741198164,4950.723931034484
550.604422834899,4935.184293103449
550.9605250133797,4880.835439655173
551.3165806455755,4981.165137931036
551.6725897218045,4893.171439655172
552.0285522323837,5018.16649137931
552.3844681676312,5012.4836896551715
552.740337517864,5070.129232758622
553.0961602733997,5136.17601724138
553.451936424556,5182.881336206897
553.8076659616502,5131.250922413794
554.1633488749999,5179.14597413793
554.5189851549228,5218.746129310345
554.8745747917361,5216.247025862069
555.2301177757573,5256.199448275862
555.5856140973041,5310.30902586207
555.9410637466939,5332.176181034483
556.2964667142442,5355.0270258620685
556.6518229902725,5420.1167068965515
557.0071325650965,5455.0842155172395
557.3623954290335,5415.9692586206875
557.717611572401,5435.124620689655
558.0727809855165,5470.33805172414
558.4279036586978,5498.127284482758
558.7829795822619,5566.713051724138
559.1380087465267,5552.316620689655
559.4929911418096,5580.557818965515
559.8479267584282,5610.846155172414
560.2028155866997,5666.245163793102
560.5576576169418,5699.96976724138
560.9124528394722,5719.590387931034
561.267201244608,5769.2068965517265
561.6219028226669,5770.509620689655
561.9765575639667,5779.615396551724
562.3311654588246,5867.987948275864
562.6857264975578,5895.6043706896535
563.0402406704843,5869.922094827586
563.3947079679216,5906.724051724137
563.7491283801869,5936.447431034485
564.1035018975979,6036.2786379310355
564.4578285104722,5974.9442586206915
564.812108209127,6069.724086206896
565.1663409838801,6068.820155172414
565.5205268250488,6112.095853448277
565.8746657229508,6093.684905172414
566.2287576679033,6173.782500000001
566.582802650224,6199.438189655171
566.9368006602307,6163.480344827587
567.2907516882406,6156.920198275861
567.6446557245708,6258.286758620691
567.9985127595396,6243.5380603448275
568.3523227834639,6296.550956896552
568.7060857866617,6260.247491379309
569.05980175945,6314.882146551725
569.4134706921468,6340.903396551725
569.7670925750693,6274.790146551724
570.1206673985349,6369.443689655176
570.4741951528614,6325.230827586208
570.8276758283661,6373.936758620691
571.1811094153666,6395.106025862067
571.5344959041804,6376.13676724138
571.887835285125,6436.753318965514
572.241127548518,6401.819043103447
572.5943726846766,6479.803034482759
572.9475706839186,6501.8496465517255
573.3007215365616,6503.577750000002
573.6538252329226,6496.758387931037
574.0068817633196,6536.890267241381
574.35989111807,6534.0920689655195
574.7128532874912,6488.230862068964
575.0657682619006,6562.539310344828
575.418636031616,6548.780948275864
575.7714565869547,6482.388543103449
576.1242299182344,6595.905000000001
576.4769560157722,6540.771853448275
576.8296348698861,6554.144715517241
577.1822664708935,6558.75742241379
577.5348508091115,6636.309387931033
577.887387874858,6625.342577586207
578.2398776584505,6543.623224137931
578.5923201502063,6574.223948275861
578.9447153404429,6596.66270689655
579.2970632194782,6609.384206896553
579.6493637776293,6602.332215517241
580.0016170052138,6596.17750862069
580.3538228925493,6643.7801120689655
580.7059814299532,6583.12368103448
581.058092607743,6596.0711637931045
581.4101564162362,6667.003163793104
581.7621728457506,6695.370646551724
582.1141418866034,6655.1723017241375
582.466063529112,6678.19595689655
582.8179377635942,6762.959431034481
583.1697645803674,6766.548568965517
583.5215439697491,6756.758198275865
583.8732759220567,6795.055629310344
584.2249604276079,6778.3661379310315
584.57659747672,6857.466750000001
584.9281870597107,6868.765887931033
585.2797291668975,6914.042198275862
585.6312237885977,6929.807818965518
585.982670915129,6957.13843965517
586.3340705368088,7047.74423275862
586.6854226439547,7007.087275862066
587.0367272268841,7042.500103448276
587.3879842759146,7123.953594827586
587.7391937813636,7107.077999999999
588.0903557335488,7235.190284482758
588.4414701227875,7274.763853448278
588.7925369393971,7335.413637931035
589.1435561736955,7349.690431034483
589.494527816,7358.284422413797
589.8454518566281,7426.630913793106
590.1963282858972,7519.483241379308
590.547157094125,7584.101017241381
590.8979382716288,7550.17701724138
591.2486718087263,7613.020163793102
591.5993576957351,7664.889853448276
591.9499959229723,7771.726525862067
592.3005864807558,7792.018448275863
592.6511293594028,7797.55502586207
593.0016245492311,7912.194750000002
593.3520720405579,7980.395017241379
593.7024718237009,7955.197939655172
594.0528238889776,8023.1256982758605
594.4031282267056,8035.76079310345
594.7533848272021,8205.54695689655
595.1035936807849,8195.796465517242
595.4537547777715,8222.196568965519
595.803868108479,8303.417431034482
596.1539336632253,8404.617827586204
596.5039514323281,8367.682939655173
596.8539214061043,8398.529586206894
597.2038435748719,8498.932396551727
597.5537179289481,8561.861948275862
597.9035444586507,8724.04445689655
598.2533231542969,8803.856249999999
598.6030540062044,8818.678060344826
598.9527370046907,8754.711646551723
599.3023721400731,8757.80229310345
599.6519594026695,8935.983051724139
600.001498782797,8972.419448275863
600.3509902707734,9067.205922413794
600.700433856916,9120.145706896552
601.0498295315423,9241.970353448278
601.39917728497,9148.460017241377
601.7484771075166,9334.98219827586
602.0977289894995,9304.08902586207
602.4469329212361,9438.94756034483
602.796088893044,9366.12793965517
603.1451968952409,9471.356146551725
603.494256918144,9592.343327586206
603.8432689520711,9627.457060344826
604.1922329873393,9675.644560344826
604.5411490142665,9694.434362068965
604.89001702317,9772.185724137928
605.2388370043674,9832.702577586204
605.5876089481761,9806.628155172417
605.9363328449137,9831.692301724137
606.2850086848979,9939.220215517242
606.6336364584456,10006.563077586208
606.982216155875,10060.539724137932
607.3307477675032,10091.924741379305
607.6792312836478,10161.248275862066
608.0276666946264,10278.466862068966
608.3760539907562,10228.611077586205
608.7243931623551,10369.93670689655
609.0726841997404,10324.826560344827
609.4209270932297,10421.0553362069
609.7691218331404,10462.396887931038
610.11726840979,10595.241517241378
610.4653668134961,10596.57747413793
610.813417034576,10614.795672413795
611.1614190633476,10729.541741379307
611.5093728901279,10688.446112068967
611.857278505235,10760.082646551724
612.2051358989859,10760.115879310342
612.5529450616983,10821.031525862069
612.9007059836897,10849.186318965514
613.2484186552775,10889.763517241376
613.5960830667797,10960.28343103448
613.943699208513,10967.35536206897
614.2912670707955,11002.296284482762
614.6387866439445,11044.827568965518
614.9862579182775,11069.207120689654
615.333680884112,11006.696301724134
615.6810555317657,11159.447353448275
616.0283818515558,11202.669879310344
616.3756598338,11068.33642241379
616.7228894688157,11228.11952586207
617.0700707469207,11254.280353448277
617.4172036584321,11210.193775862072
617.7642881936675,11310.17120689655
618.1113243429445,11296.844870689656
618.4583120965808,11244.563094827588
618.8052514448935,11265.566198275865
619.1521423782003,11352.390103448275
619.4989848868188,11301.823137931035
619.8457789610666,11482.622637931032
620.1925245912607,11396.815655172413
620.5392217677189,11325.444982758616
620.885870480759,11259.006051724135
621.2324707206981,11401.348603448278
621.5790224778539,11243.14737931034
621.9255257425439,11319.90175862069
622.2719805050855,11340.280086206896
622.6183867557961,11352.862008620688
622.9647444849935,11377.966034482757
623.3110536829952,11315.043129310347
623.6573143401184,11272.126344827588
624.0035264466808,11371.711629310345
624.349689993,11307.452767241379
624.6958049693934,11197.904301724138
625.0418713661784,11134.16387068966
625.3878891736726,11165.289672413794
625.7338583821937,11089.419284482758
626.0797789820589,11146.413465517246
626.4256509635858,11125.383775862067
626.7714743170919,11205.660827586209
627.117249032895,11065.757560344826
627.462975101312,11053.029413793105
627.808652512661,11045.611862068967
628.1542812572592,10957.471939655174
628.499861325424,10911.53097413793
628.8453927074733,10999.67754310345
629.1908753937244,10951.264060344827
629.5363093744947,10958.329344827585
629.8816946401017,10822.600112068965
630.227031180863,10870.741086206897
630.5723189870963,10823.690146551726
630.9175580491187,10798.134155172413
631.2627483572479,10747.666887931027
631.6078899018016,10756.287465517242
631.9529826730972,10677.7451637931
632.2980266614518,10694.14220689655
632.6430218571834,10675.53850862069
632.9879682506095,10637.693043103447
633.3328658320472,10644.259836206895
633.6777145918143,10640.723870689655
634.0225145202284,10557.10360344828
634.3672656076068,10462.835560344829
634.7119678442671,10572.736293103448
635.0566212205266,10513.289534482761
635.4012257267033,10424.784051724142
635.7457813531141,10412.27524137931
636.0902880900769,10394.881215517242
636.4347459279091,10335.148655172416
636.7791548569284,10349.152939655172
637.1235148674518,10361.72156896552
637.4678259497972,10309.632543103451
637.8120880942822,10288.20406034483
638.1563012912239,10275.96775862069
638.5004655309402,10221.77177586207
638.8445808037485,10282.687422413794
639.1886470999663,10159.354008620689
639.5326644099108,10118.258379310342
639.8766327238999,10059.356637931034
640.2205520322509,10072.363939655172
640.5644223252815,10145.502594827585
640.9082435933088,9990.139448275857
641.252015826651,10094.962215517238
641.5957390156251,10074.05881034483
641.9394131505485,10000.268793103449
642.283038221739,9971.143603448272
642.6266142195141,10016.36674137931
642.9701411341911,9926.73799137931
643.3136189560876,10008.590275862072
643.6570476755212,10039.104594827584
644.0004272828095,10000.2289137931
644.3437577682696,9914.561508620687
644.6870391222192,9999.550965517246
645.030271334976,9959.658362068967
645.3734543968574,9954.700034482757
645.7165882981807,10002.714724137932
646.0596730292636,9863.41629310345
646.4027085804239,10022.767370689653
646.7456949419784,9864.552853448276
647.0886321042451,9912.321620689654
647.4315200575415,9954.919370689655
647.7743587921849,9981.465698275862
648.1171482984928,9891.743896551725
648.459888566783,9889.929387931032
648.8025795873729,9815.268672413791
649.1452213505797,9886.220612068966
649.4878138467211,10001.458525862068
649.8303570661149,9893.006741379311
650.172850999078,9868.687008620685
650.5152956359285,9832.569646551725
650.8576909669837,9888.912465517242
651.2000369825611,9911.145181034477
651.542333672978,9834.477206896552
651.8845810285519,9932.287862068959
652.2267790396008,10040.141456896552
652.5689276964417,9850.701439655171
652.9110269893924,9970.518827586207
653.2530769087704,9984.297129310347
653.5950774448929,9911.424336206896
653.9370285880777,9970.651758620688
654.2789303286421,9916.130094827588
654.6207826569039,10062.992301724138
654.9625855631804,9998.613801724137
655.3043390377888,10105.357422413794
655.6460430710474,9995.642793103447
655.9876976532731,10057.668413793104
656.3293027747835,10050.88228448276
656.6708584258962,10011.767327586207
657.0123645969287,10015.92142241379
657.3538212781983,10016.772181034485
657.6952284600228,9947.36888793104
658.0365861327195,10122.704922413794
658.3778942866063,10052.570508620689
658.719152912,9996.42043965517
659.0603619992186,10116.37075862069
659.4015215385796,10182.597
659.7426315204004,10047.804931034481
660.0836919349985,10291.321293103447
660.4247027726914,10120.88376724138
660.7656640237967,10209.050275862075
661.1065756786317,10194.594025862069
661.4474377275141,10309.572724137932
661.7882501607614,10247.83290517241
662.1290129686911,10287.778681034482
662.4697261416204,10279.124870689659
662.8103896698674,10295.847594827586
663.1510035437491,10362.406163793103
663.4915677535832,10436.654793103451
663.8320822896872,10400.324741379314
664.1725471423786,10418.616051724135
664.5129623019748,10475.417482758621
664.8533277587933,10473.802370689658
665.193643503152,10532.943387931035
665.5339095253681,10554.97006034483
665.8741258157589,10470.00718965517
666.2142923646422,10510.371698275863
666.5544091623356,10566.362250000002
666.8944761991562,10550.516870689658
667.2344934654218,10552.490896551722
667.57446095145,10662.046008620684
667.9143786475581,10596.2119137931
668.2542465440636,10644.100318965515
668.594064631284,10704.53076724138
668.9338328995372,10639.760120689656
669.27355133914,10662.25205172414
669.6132199404104,10755.37024137931
669.9528386936657,10763.731603448272
670.2924075892238,10750.053000000002
670.6319266174016,10763.206525862068
670.971395768517,10799.363767241377
671.3108150328875,10809.898551724138
671.6501844008304,10829.29318965517
671.9895038626635,10829.831560344828
672.328773408704,10860.31264655172
672.6679930292696,10806.289474137935
673.0071627146776,10851.00082758621
673.3462824552458,10847.16576724138
673.6853522412916,10920.723155172413
674.0243720631324,10878.132051724135
674.3633419110857,10902.770818965522
674.7022617754692,10889.68375862069
675.0411316466003,10891.139353448274
675.3799515147962,10852.463068965517
675.718721370375,10995.782663793105
676.0574412036539,10899.77987068966
676.3961110049503,10956.056224137934
676.7347307645817,11056.405862068965
677.0733004728659,10907.729146551728
677.4118201201202,10963.10821551724
677.750289696662,10889.291612068966
678.088709192809,10940.443474137932
678.4270785988788,10996.281155172415
678.7653979051886,10886.114560344828
679.103667102056,10887.716379310346
679.4418861797986,10761.883862068962
679.780055128734,10969.980750000002
680.1181739391793,10959.412732758621
680.4562426014525,10981.20677586207
680.794261105871,10913.684456896553
681.132229442752,10827.465387931032
681.470147602413,10928.213818965516
681.808015575172,10805.771043103448
682.1458333513463,10767.034939655172
682.4836009212529,10816.066551724138
682.82131827521,10768.297784482758
683.158985403535,10605.955758620688
683.4966022965449,10715.391232758622
683.8341689445576,10740.933931034486
684.1716853378906,10641.355293103446
684.5091514668615,10669.11793965517
684.8465673217872,10557.110250000002
685.1839328929861,10713.915698275861
685.5212481707752,10582.460198275858
685.858513145472,10681.899258620691
686.1957278073941,10482.609051724141
686.532892146859,10359.674431034484
686.8700061541842,10407.217215517241
687.207069819687,10374.748810344829
687.5440831336854,10312.95581896552
687.8810460864966,10380.77058620689
688.2179586684379,10339.960758620686
688.554820869827,10258.892767241385
688.8916326809817,10135.891681034484
689.228394092219,10283.24573275862
689.5651050938567,10213.45693965517
689.9017656762122,10151.092344827588
690.2383758296032,10126.639681034483
690.574935544347,10028.875551724137
690.911444810761,10033.361974137928
691.2479036191631,9979.950284482757
691.5843119598705,10024.575232758621
691.9206698232007,9855.825931034478
692.2569771994715,9938.20993965517
692.593234079,9861.090000000004
692.9294404521039,9843.828905172415
693.2655963091007,9784.701181034487
693.6017016403081,9678.954543103453
693.9377564360432,9664.604637931036
694.2737606866239,9555.88034482759
694.6097143823674,9586.049043103452
694.9456175135914,9459.591750000003
695.2814700706133,9571.838715517242
695.6172720437506,9533.647629310344
695.953023423321,9379.77995689655
696.2887241996418,9387.463370689655
696.6243743630305,9327.039568965518
696.9599739038048,9305.03948275862
697.295522812282,9294.172370689656
697.6310210787797,9239.637413793102
697.9664686936152,9197.45175
698.3018656471065,9140.417689655173
698.6372119295706,9090.435620689652
698.9725075313253,9091.166741379307
699.3077524426881,9106.015137931034
699.6429466539763,9068.169672413791
699.9780901555074,8977.258137931036
700.3131829375992,9005.33317241379
700.648224990569,8885.283155172414
700.9832163047344,8855.77246551724
701.3181568704127,8826.427939655176
701.6530466779217,8702.356758620686
701.9878857175788,8798.000637931036
702.3226739797014,8719.817249999998
702.657411454607,8703.473379310346
702.9920981326133,8636.75529310345
703.3267340040376,8745.851793103446
703.6613190591974,8579.761112068967
703.9958532884106,8577.434818965517
704.3303366819943,8538.19357758621
704.664769230266,8558.106646551725
704.9991509235432,8572.097637931034
705.3334817521437,8467.141939655174
705.6677617063847,8400.204517241378
706.001990776584,8370.075698275861
706.3361689530589,8368.221310344828
706.670296226127,8227.108370689655
707.0043725861057,8308.056724137929
707.3383980233124,8324.041681034483
707.6723725280649,8323.310560344828
708.0062960906805,8234.373051724137
708.3401687014768,8244.715086206897
708.6739903507713,8237.570043103447
709.0077610288816,8112.840853448276
709.341480726125,8151.051879310346
709.675149432819,8188.478612068964
710.0087671392814,8124.292862068966
710.3423338358294,8034.883448275865
710.6758495127806,8083.516267241378
711.0093141604527,7928.046775862071
711.3427277691629,7995.137068965517
711.6760903292287,8034.099155172415
712.0094018309679,7926.57124137931
712.3426622646979,7921.52650862069
712.675871620736,7941.206948275863
713.0090298893998,7971.10978448276
713.3421370610071,8003.897224137931
713.6751931258752,7850.441637931035
714.0081980743214,7724.103982758624
714.3411518966633,7923.513827586208
714.6740545832188,8032.038724137931
715.0069061243048,7820.598620689653
715.3397065102391,7768.974853448278
715.6724557313395,7848.620482758621
716.005153777923,7845.230741379312
716.3378006403074,7782.8993793103455
716.6703963088099,7769.260655172413
717.0029407737486,7855.599362068964
717.3354340254403,7876.403068965517
717.6678760542031,7745.053913793105
718.0002668503543,7752.212250000002
718.3326064042111,7651.749620689656
718.6648947060913,7752.11255172414
718.9971317463124,7716.068301724141
719.3293175151921,7711.442301724137
719.6614520030474,7631.278241379309
719.9935352001961,7538.459146551725
720.3255670969559,7709.93353448276
720.657547683644,7621.2751810344835
720.9894769505778,7789.758620689656
721.3213548880752,7739.656913793103
721.6531814864536,7624.937431034483
721.9849567360303,7670.4596637931045
722.3166806271229,7694.061568965518
722.6483531500489,7627.104206896553
722.9799742951261,7636.11028448276
723.3115440526715,7531.6597241379295
723.6430624130029,7602.2527500000015
723.9745293664379,7538.439206896552
724.3059449032936,7665.999827586206
724.6373090138878,7597.812853448274
724.9686216885382,7690.877870689652
725.2998829175622,7523.185370689653
725.6310926912768,7618.151301724141
725.962251,7620.058862068966
726.2933578340493,7656.781060344828
726.624413183742,7588.009189655173
726.9554170393957,7594.496224137931
727.2863693913281,7654.793741379311
727.6172702298564,7616.044344827585
727.9481195452983,7628.174301724137
728.278917327971,7587.902844827586
728.6096635681926,7600.351836206895
728.94035825628,7451.648534482759
729.2710013825509,7535.468198275861
729.6015929373231,7589.989862068964
729.9321329109138,7471.016586206895
730.2626212936404,7535.189043103445
730.5930580758207,7656.096465517242
730.9234432477722,7487.320577586208
731.253776799812,7706.949232758621
731.5840587222582,7587.597103448274
731.9142890054278,7543.537112068965
732.2444676396386,7568.986758620689
732.574594615208,7561.343224137932
732.9046699224534,7504.60825862069
733.2346935516928,7608.593560344825
733.564665493243,7569.239327586205
733.8945857374217,7545.298448275861
734.2244542745469,7627.356775862067
734.5542710949358,7516.106793103449
734.8840361889054,7647.53570689655
735.2137495467739,7524.594439655173
735.5434111588587,7532.158215517243
735.873021015477,7594.815258620689
736.2025791069465,7638.370112068963
736.5320854235848,7589.2255086206915
736.8615399557093,7587.045439655172
737.1909426936373,7677.086275862071
737.5202936276866,7687.109275862066
737.8495927481747,7605.443094827588
738.178840045419,7601.202594827584
738.5080355097368,7702.170362068966
738.8371791314461,7688.378767241381
739.166270900864,7726.164413793105
739.4953108083082,7606.892043103449
739.8242988440961,7683.732827586207
740.1532349985453,7658.323060344826
740.4821192619731,7638.536275862069
740.8109516246973,7695.503870689656
741.1397320770353,7642.803362068967
741.4684606093047,7645.455336206896
741.7971372118227,7619.380913793103
742.1257618749069,7634.608163793102
742.4543345888751,7659.59919827586
742.7828553440444,7749.686560344829
743.1113241307326,7647.562293103449
743.4397409392571,7757.084172413792
743.7681057599356,7705.45375862069
744.0964185830851,7711.774629310342
744.4246793990236,7731.767456896552
744.7528881980685,7657.020336206895
745.081044970537,7756.605620689656
745.4091497067471,7654.527879310346
745.737202397016,7708.251956896548
746.0652030316613,7728.975905172413
746.3931516010002,7652.886181034483
746.7210480953507,7690.05369827586
747.0488925050303,7696.859767241382
747.3766848203559,7691.103853448276
747.7044250316454,7681.1074396551685
748.0321131292166,7655.33875862069
748.3597491033865,7665.1091896551725
748.6873329444727,7696.268224137929
749.014864642793,7677.584767241378
749.3423441886647,7646.990689655173
749.6697715724052,7672.978706896554
749.9971467843322,7683.260922413793
750.3244698147632,7651.709741379309
750.6517406540157,7722.655034482762
750.9789592924069,7653.178629310343
751.3061257202547,7647.748396551722
751.6332399278766,7717.377672413793
751.9603019055899,7649.675896551722
752.287311643712,7692.519568965517
752.6142691325607,7689.282698275862
752.9411743624535,7681.765448275861
753.2680273237074,7639.134465517238
753.5948280066407,7621.4878706896525
753.9215764015704,7575.686482758619
754.248272498814,7631.956189655175
754.5749162886892,7620.557353448275
754.9015077615135,7537.980594827585
755.2280469076043,7555.308155172416
755.554533717279,7546.867034482759
755.8809681808553,7578.59102586207
756.2073502886508,7534.544327586205
756.5336800309826,7511.141818965516
756.8599573981685,7516.000448275862
757.1861823805261,7514.139413793102
757.5123549683728,7466.570043103446
757.8384751520258,7511.148465517243
758.1645429218031,7465.40025
758.4905582680221,7495.801577586204
758.816521181,7437.119172413792
759.1424316510545,7453.2702931034455
759.4682896685033,7485.83175
759.7940952236635,7421.925155172416
760.1198483068528,7392.321413793103
760.4455489083888,7398.329896551725
760.7711970185891,7335.978594827588
761.0967926277708,7325.104836206898
761.4223357262517,7334.755629310344
761.7478263043492,7279.861758620691
762.073264352381,7271.639974137931
762.3986498606644,7261.145068965518
762.7239828195169,7200.614922413793
763.0492632192563,7298.09325
763.3744910501996,7212.7182931034495
763.6996663026646,7181.43297413793
764.0247889669689,7177.491568965517
764.3498590334299,7100.983112068964
764.674876492365,7144.205637931034
764.9998413340919,7035.481344827587
765.324753548928,7062.127370689657
765.6496131271908,7038.08679310345
765.9744200591978,6990.823163793104
766.2991743352666,6922.217456896549
766.6238759457146,7000.666706896551
766.9485248808593,6886.053568965518
767.2731211310183,6954.672568965516
767.5976646865092,6883.634224137928
767.9221555376491,6816.62368965517
768.2465936747559,6798.997034482757
768.5709790881469,6735.097086206897
768.8953117681399,6702.741672413791
769.2195917050519,6660.050870689653
769.5438188892008,6666.577784482763
769.8679933109041,6587.463879310344
770.1921149604792,6526.953672413793
770.5161838282434,6593.665112068968
770.8401999045146,6545.743474137931
771.16416317961,6477.323870689655
771.4880736438472,6455.456715517243
771.811931287544,6422.370181034481
772.1357361010175,6308.561275862069
772.4594880745854,6330.361965517242
772.7831871985649,6342.724551724139
773.106833463274,6319.508146551724
773.4304268590299,6257.003974137931
773.7539673761501,6226.30355172414
774.0774550049523,6219.942801724138
774.4008897357538,6242.501198275864
774.7242715588721,6158.322620689655
775.047600464625,6077.5204913793095
775.3708764433297,6118.336965517243
775.6940994853038,6002.387870689657
776.0172695808648,5992.205353448275
776.3403867203302,6031.586172413794
776.6634508940177,5941.66497413793
776.9864620922444,5928.205706896554
777.3094203053281,5911.217120689656
777.6323255235864,5808.195568965515
777.9551777373364,5818.962982758622
778.2779769368959,5757.07029310345
778.6007231125826,5734.23274137931
778.9234162547136,5676.899586206897
779.2460563536066,5620.842568965518
779.568643399579,5627.68851724138
779.8911773829484,5616.695120689654
780.2136582940323,5520.074198275863
780.5360861231482,5504.0161293103465
780.8584608606136,5479.988844827587
781.1807824967461,5479.118146551726
781.503051021863,5463.797844827587
781.8252664262819,5404.989155172414
782.1474287003205,5381.4337758620695
782.4695378342959,5332.076482758621
782.7915938185259,5340.710353448276
783.1135966433282,5299.501732758621
783.4355462990198,5285.391103448276
783.7574427759185,5280.632172413792
784.0792860643418,5254.557749999999
784.4010761546072,5227.340120689657
784.722813037032,5183.273482758621
785.0444967019339,5198.414327586208
785.3661271396305,5141.918637931034
785.6877043404394,5152.652818965515
786.0092282946775,5090.507560344828
786.3306989926629,5153.124724137929
786.6521164247129,5131.516784482759
786.9734805811449,5109.443586206896
787.2947914522766,5093.903948275863
787.6160490284254,5115.817629310345
787.9372532999091,5101.760172413791
788.2584042570446,5078.6899913793095
788.5795018901498,5064.74552586207
788.9005461895424,5074.34979310345
789.2215371455394,5097.127525862068
789.5424747484585,5078.503887931034
789.8633589886175,5143.527103448276
790.1841898563337,5154.739836206896
790.5049673419245,5109.709448275864
790.8256914357073,5127.861181034483
791.146362128,5071.711112068964
791.4669794091199,5098.197620689654
791.7875432693843,5128.127043103448
792.1080536991111,5131.749413793103
792.4285106886177,5146.710801724137
792.7489142282213,5145.713818965518
793.0692643082398,5152.832275862069
793.3895609189905,5156.501172413791
793.7098040507909,5196.61975862069
794.0299936939585,5151.436499999999
794.350129838811,5179.910327586207
794.6702124756658,5172.133862068964
794.9902415948401,5204.7817241379325
795.3102171866518,5192.625181034482
795.6301392414183,5150.333172413794
795.9500077494572,5208.723129310344
796.2698227010857,5216.027689655171
796.5895840866215,5214.6585000000005
796.9092918963823,5197.8360775862075
797.2289461206852,5216.080862068966
797.5485467498479,5197.862663793104
797.8680937741881,5149.34948275862
798.187587184023,5170.319353448275
798.5070269696703,5229.314146551726
798.8264131214474,5217.729206896552
799.145745629672,5254.7505
799.4650244846613,5229.540129310343
799.7842496767328,5197.982301724138
800.1034211962044,5250.41030172414
800.4225390333933,5268.681672413793
800.741603178617,5265.006129310345
801.0606136221932,5213.82103448276
801.3795703544392,5181.665017241379
801.6984733656726,5240.9854913793115
802.0173226462109,5186.62999137931
802.3361181863717,5274.936077586205
802.6548599764723,5266.302206896551
802.9735480068302,5224.495396551723
803.2921822677633,5116.16325
803.6107627495887,5224.315939655173
803.929289442624,5157.112655172412
804.2477623371868,5184.376810344828
804.5661814235946,5148.339206896552
804.8845466921647,5149.781508620689
805.2028581332147,5172.366491379309
805.5211157370624,5160.7881982758645
805.8393194940251,5093.644732758619
806.15746939442,5136.295655172413
806.475565428565,5118.316732758622
806.7936075867775,5091.896689655171
807.111595859375,5042.399818965516
807.429530236675,5044.493482758622
807.7474107089951,5071.112922413791
808.0652372666526,5053.958172413792
808.383009899965,5047.803465517244
808.70072859925,5038.591344827584
809.0183933548252,5013.739887931035
809.3360041570078,5082.352241379309
809.6535609961155,4988.881784482757
809.9710638624657,4882.590129310347
810.2885127463761,4957.11126724138
810.6059076381638,4871.138120689655
810.9232485281467,4877.964129310343
811.2405354066423,4902.815586206897
811.5577682639678,4757.701422413795
811.8749470904407,4739.077784482759
812.1920718763791,4792.38977586207
812.5091426121,4835.632241379311
812.8261592879209,4852.421431034483
813.1431218941593,4830.361525862069
813.4600304211331,4786.248362068964
813.7768848591593,4763.849482758622
814.0936851985556,4796.125137931033
814.4104314296397,4678.660629310343
814.7271235427289,4652.891948275864
815.0437615281405,4703.06676724138
815.3603453761925,4720.148405172415
815.6768750772022,4701.345310344828
815.9933506214869,4613.976387931035
816.3097719993643,4612.647077586207
816.626139201152,4597.55275862069
816.9424522171673,4616.854344827587
817.2587110377277,4636.435086206895
817.5749156531509,4699.171887931036
817.8910660537543,4654.673224137931
818.2071622298554,4575.2801637931025
818.5232041717716,4582.126112068964
818.8391918698208,4575.413094827587
819.15512531432,4520.2134827586215
819.4710044955867,4525.956103448276
819.786829403939,4472.378250000002
820.1026000296939,4548.275224137931
820.4183163631691,4444.675422413793
820.733978394682,4437.7031896551725
821.0495861145503,4410.02694827586
821.3651395130912,4439.185370689655
821.6806385806223,4432.120086206896
821.9960833074613,4364.258793103449
822.3114736839257,4360.716181034481
822.6268097003326,4374.401431034483
822.942091347,4287.690517241379
823.2573186142452,4350.733060344826
823.5724914923858,4346.11370689655
823.8876099717388,4327.875568965516
824.2026740426224,4378.54223275862
824.5176836953539,4293.772112068966
824.8326389202506,4316.377034482759
825.1475397076301,4273.014931034482
825.4623860478102,4258.638439655173
825.777177931108,4190.6508620689665
826.0919153478409,4266.149043103449
826.406598288327,4249.91151724138
826.7212267428835,4261.28376724138
827.0358007018276,4237.435939655172
827.3503201554771,4203.678103448275
827.6647850941497,4251.293999999997
827.9791955081625,4229.340439655171
828.2935513878332,4227.13378448276
828.6078527234795,4150.279706896553
828.9220995054185,4146.145551724137
829.236291723968,4241.942301724138
829.5504293694454,4151.283336206899
829.8645124321683,4185.612775862071
830.178540902454,4167.81995689655
830.4925147706201,4155.962508620687
830.8064340269843,4133.643387931036
831.120298661864,4109.190724137932
831.4341086655764,4129.741862068966
831.7478640284395,4093.292172413794
832.0615647407706,4116.920663793102
832.3752107928871,4096.907896551726
832.6888021751064,4049.684146551726
833.0023388777464,4100.88253448276
833.3158208911243,4040.1330517241377
833.6292482055577,4038.803741379312
833.9426208113641,4104.358681034482
834.2559386988611,4072.322301724137
834.569201858366,3983.737060344829
834.8824102801964,4031.412775862069
835.19556395467,4033.0544741379326
835.5086628721041,4049.724025862068
835.821707022816,3984.102620689654
836.1346963971237,3977.509241379309
836.4476309853444,4011.014508620691
836.7605107777956,3947.4801206896545
837.0733357647947,3988.569103448276
837.3861059366598,3965.073543103448
837.6988212837077,3960.3411982758635
838.0114817962561,3983.776939655172
838.3240874646227,3868.3595689655176
838.6366382791251,3892.5530172413787
838.9491342300803,3907.534344827587
839.2615753078062,3919.9833362068985
839.5739615026203,3924.3900000000012
839.88629280484,3920.0099224137916
840.1985692047826,3949.819706896551
840.510790692766,3914.978482758621
840.8229572591076,3887.382
841.1350688941246,3862.0254051724137
841.4471255881351,3907.0823793103436
841.7591273314559,3908.345224137932
842.0710741144052,3863.554112068967
842.3829659272999,3853.318422413793
842.6948027604578,3823.9539568965515
843.0065846041965,3854.4882155172418
843.3183114488334,3856.661637931033
843.6299832846859,3824.27299137931
843.9416001020717,3817.992
844.253161891308,3807.975646551724
844.5646686427127,3801.747827586207
844.876120346603,3827.9418879310333
845.1875169932966,3796.4039999999995
845.4988585731109,3801.0299999999993
845.8101450763634,3772.9084396551707
846.1213764933716,3765.7235172413784
846.4325528144531,3773.1144827586213
846.7436740299254,3789.145965517242
847.0547401301059,3774.7163017241382
847.3657511053123,3743.517387931035
847.6767069458617,3761.7821120689655
847.987607642072,3725.6913362068944
848.2984531842606,3733.0557155172405
848.6092435627448,3738.087155172414
848.9199787678427,3759.269715517241
849.2306587898711,3731.513715517241
849.5412836191479,3723.517913793103
849.8518532459905,3735.667810344828
850.1623676607164,3714.737818965517
850.4728268536431,3661.8246206896547
850.783230815088,3664.596232758621
851.093579535369,3653.6892413793094
851.4038730048032,3682.0234913793097
851.7141112137083,3659.8040689655186
852.0242941524017,3657.697112068965
852.3344218112011,3654.0747413793097
852.6444941804235,3634.6535172413796
852.9545112503871,3627.05650862069
853.264473011409,3582.544551724138
853.5743794538067,3596.296267241378
853.8842305678979,3605.189353448276
854.194026344,3573.50524137931
854.5037667724305,3583.3487844827587
854.8134518435068,3607.628637931034
855.1230815475466,3575.067181034483
855.4326558748674,3586.8249310344822
855.7421748157863,3553.4260086206896
856.0516383606214,3563.203086206897
856.3610464996898,3563.8544482758616
856.6703992233095,3520.9576034482766
856.9796965217972,3473.9266034482735
857.2889383854709,3490.9816551724134
857.5981248046484,3497.900715517242
857.9072557696466,3498.977456896552
858.2163312707833,3501.842120689655
858.5253512983759,3489.492827586206
858.8343158427422,3478.446258620688
859.1432248941993,3473.793672413792
859.4520784430649,3453.6679137931014
859.7608764796566,3455.462482758621
860.0696189942919,3422.3825948275867
860.378305977288,3412.9777241379306
860.6869374189627,3410.784362068966
860.9955133096336,3363.6204310344833
861.3040336396177,3403.4465689655167
861.612498399233,3402.5758706896536
861.9209075787969,3371.8422155172398
862.2292611686267,3375.112318965517
862.5375591590403,3330.7798189655177
862.8458015403547,3340.4040258620685
863.1539883028879,3310.6673534482743
863.462119436957,3333.9236379310355
863.7701949328797,3247.478586206898
864.0782147809736,3262.1475258620694
864.386178971556,3225.5516120689663
864.6940874949445,3217.8881379310337
865.0019403414566,3240.599405172413
865.3097375014099,3239.369793103449
865.6174789651217,3199.909215517243
865.9251647229097,3197.901956896552
866.2327947650913,3176.7326896551735
866.5403690819841,3178.1484051724146
866.8478876639055,3135.0721034482754
867.1553505011728,3106.525163793104
867.4627575841041,3116.7807931034486
867.7701089030164,3119.8913793103457
868.0774044482273,3078.8755086206897
868.3846442100546,3068.334077586208
868.6918281788154,3057.6198362068963
868.9989563448274,3034.0112844827586
869.3060286984081,3022.4861637931044
869.6130452298751,3004.414189655172
869.9200059295456,2981.656396551724
870.2269107877374,2995.7337931034485
870.5337597947679,2895.610137931035
870.8405529409546,2936.998215517241
871.1472902166151,2887.720681034484
871.4539716120669,2880.8149137931036
871.7605971176272,2858.2963965517242
872.0671667236139,2864.3248189655183
872.3736804203443,2817.5530344827584
872.6801381981361,2822.2255603448284
872.9865400473064,2788.4211982758625
873.2928859581732,2795.287086206897
873.5991759210535,2803.535456896552
873.9054099262653,2778.7770517241393
874.2115879641259,2783.3631724137936
874.5177100249526,2762.3733620689663
874.8237760990634,2730.4034482758625
875.1297861767753,2747.3588017241373
875.435740248406,2752.6627499999986
875.741638304273,2724.3750258620685
876.0474803346939,2759.209603448276
876.353266329986,2722.075318965517
876.658996280467,2745.6506379310345
876.9646701764544,2738.459068965517
877.2702880082657,2713.999758620689
877.5758497662182,2709.8523103448274
877.8813554406296,2703.119353448276
878.1868050218173,2734.2916810344823
878.4921985000991,2721.909155172413
878.7975358657919,2759.4621724137937
879.1028171092139,2721.536948275863
879.4080422206821,2706.429336206898
879.7132111905144,2701.331431034484
880.018324009028,2748.408956896551
880.3233806665403,2724.1357500000004
880.6283811533692,2754.9425172413794
880.933325459832,2736.08625
881.2382135762464,2733.0155431034477
881.5430454929294,2740.40650862069
881.847821200199,2728.1768534482753
882.1525406883726,2744.1618103448272
882.4572039477674,2733.7200775862075
882.7618109687014,2759.7280344827577
883.0663617414918,2718.080741379311
883.3708562564561,2724.242094827587
883.6752945039119,2761.0905775862075
883.9796764741768,2719.2837672413784
884.284002157568,2766.0356120689653
884.5882715444033,2776.9293103448285
884.8924846250001,2755.9860258620697
885.1966413896757,2763.98847413793
885.500741828748,2821.069060344826
885.8047859325343,2739.7485000000006
886.1087736913521,2734.7237068965514
886.4127050955188,2746.401698275863
886.7165801353522,2759.5153448275855
887.0203988011696,2764.373974137931
887.3241610832885,2753.599913793103
887.6278669720265,2758.6313534482747
887.931516457701,2782.027215517241
888.2351095306296,2776.5703965517237
888.5386461811297,2766.8265517241366
888.8421263995189,2763.742551724139
889.1455501761147,2784.5595517241377
889.4489175012345,2797.400689655171
889.7522283651961,2749.9443103448275
890.0554827583167,2758.8639827586203
890.3586806709139,2742.5666379310333
890.6618220933051,2752.337068965516
890.964907015808,2740.519500000001
891.26793542874,2749.6053362068956
891.5709073224186,2751.539482758619
891.8738226871615,2722.4209396551732
892.1766815132858,2722.3212413793103
892.4794837911094,2736.691086206896
892.7822295109495,2719.6892068965512
893.084918663124,2684.934387931035
893.38755123795,2701.5374741379314
893.6901272257452,2670.803818965518
893.9926466168271,2675.808672413793
894.295109401513,2673.7548879310343
894.5975155701208,2652.1469482758625
894.8998651129676,2635.3444655172425
895.2021580203713,2626.0592327586205
895.5043942826492,2617.0664482758625
895.8065738901186,2625.6537931034477
896.1086968330975,2616.787293103448
896.410763101903,2570.2747241379316
896.7127726868525,2568.400396551724
897.014725578264,2570.135146551725
897.3166217664545,2524.3536982758615
897.618461241742,2537.6401551724143
897.9202439944438,2520.9971896551715
898.2219700148772,2500.3928793103455
898.5236392933599,2505.9228103448263
898.8252518202094,2467.558913793104
899.1268075857431,2489.41277586207
899.4283065802786,2450.2978189655178
899.7297487941335,2437.2439913793105
900.031134217625,2411.4221379310343
900.3324628410709,2402.043853448275
900.6337346547887,2405.493413793103
900.9349496490956,2369.263060344829
901.2361078143095,2348.864793103448
901.5372091407476,2345.2690086206894
901.8382536187277,2315.6187413793104
902.1392412385669,2312.4948620689656
902.4401719905832,2283.668767241379
902.7410458650936,2296.0845258620684
903.0418628524161,2290.315318965517
903.3426229428677,2273.2868534482755
903.6433261267663,2249.226336206897
903.9439723944292,2230.802094827586
904.2445617361741,2200.2146637931037
904.5450941423185,2176.0810344827587
904.8455696031795,2185.186810344828
905.145988109075,2189.1082758620696
905.4463496503224,2160.8338448275863
905.7466542172392,2136.1751379310344
906.046901800143,2138.9201637931046
906.3470923893511,2094.833586206897
906.6472259751812,2070.925939655172
906.9473025479507,2049.1983620689643
907.2473220979772,2047.8690517241375
907.5472846155781,2037.713120689655
907.847190091071,2046.5397413793112
908.1470385147733,2016.7366034482754
908.4468298770025,2015.2544224137928
908.7465641680764,1976.6313103448274
909.0462413783121,1989.312931034482
909.345861498027,1927.0812672413788
909.6454245175394,1931.8933706896555
909.944930427166,1930.291551724138
910.2443792172248,1889.009818965517
910.5437708780329,1908.5373879310332
910.843105399908,1894.7192068965524
911.1423827731678,1874.7396724137939
911.4416029881294,1846.1063275862064
911.7407660351107,1826.7715086206895
912.039871904429,1801.388327586207
912.3389205864019,1803.2161293103445
912.6379120713467,1774.0510603448279
912.9368463495812,1768.7471120689654
913.2357234114227,1727.870818965518
913.5345432471886,1728.8013362068964
913.8333058471968,1734.5904827586207
914.1320112017644,1730.708896551725
914.4306593012092,1694.804224137932
914.7292501358485,1687.9316896551727
915.027783696,1633.808818965517
915.326259971981,1680.607189655173
915.6246789541092,1662.9473017241378
915.9230406327019,1634.632991379311
916.2213449980769,1640.2293879310341
916.5195920405514,1610.4594827586202
916.817781750443,1630.4788965517234
917.1159141180693,1585.5681465517239
917.4139891337477,1594.275129310345
917.7120067877958,1571.9028362068957
918.0099670705309,1571.298000000001
918.3078699722709,1554.6550344827592
918.6057154833329,1535.7522413793101
918.9035035940346,1514.6295000000005
919.2012342946937,1520.265775862069
919.4989075756272,1516.543706896551
919.7965234271528,1477.2293534482762
920.0940818395884,1477.668025862069
920.391582803251,1478.990689655172
920.6890263084584,1508.9998706896554
920.986412345528,1468.475844827587
921.2837409047773,1438.154275862069
921.5810119765239,1457.6286724137938
921.8782255510852,1457.5223275862077
922.1753816187786,1407.334215517242
922.4724801699219,1388.7969827586207
922.7695211948325,1391.2827931034487
923.0665046838276,1380.8543534482762
923.3634306272252,1384.915396551724
923.6602990153425,1355.8699655172418
923.957109838497,1329.5030948275873
924.2538630870064,1327.6154741379307
924.550558751188,1297.945267241379
924.8471968213594,1325.9538362068963
925.143777287838,1299.3277499999997
925.4403001409416,1311.0190344827583
925.7367653709874,1292.1228879310347
926.033172968293,1289.2515775862066
926.3295229231761,1279.295043103449
926.6258152259538,1265.7759568965514
926.922049866944,1235.8066551724137
927.2182268364639,1259.23575
927.5143461248313,1272.2164655172419
927.8104077223635,1257.5209396551725
928.1064116193779,1211.7261982758623
928.4023578061923,1216.2059741379303
928.6982462731241,1230.3033103448265
928.9940770104909,1191.0687155172411
929.2898500086097,1178.8590000000004
929.5855652577987,1160.5942758620686
929.881222748375,1161.3054568965517
930.1768224706561,1161.7175431034475
930.4723644149599,1173.1030862068967
930.7678485716033,1175.2831551724134
931.0632749309043,1168.1779913793105
931.3586434831801,1170.5707499999996
931.6539542187485,1140.2225948275873
931.9492071279267,1129.3754224137933
932.2444022010322,1120.4424568965517
932.539539428383,1106.1390775862078
932.834618800296,1099.7450948275864
933.1296403070891,1092.7529224137927
933.4246039390796,1090.479801724137
933.719509686585,1080.6960775862065
934.0143575399229,1070.2211120689656
934.3091474894109,1062.9298448275867
934.6038795253663,1062.092379310345
934.8985536381067,1067.230163793103
935.1931698179496,1033.2463448275862
935.4877280552125,1030.3484482758622
935.7822283402131,1045.2367241379309
936.0766706632685,988.4552327586214
936.3710550146964,1008.5078793103444
936.6653813848145,1006.1682931034477
936.9596497639401,990.6286551724138
937.2538601423907,977.036456896552
937.5480125104838,988.8606724137924
937.8421068585369,994.6232327586208
938.1361431768677,995.9126637931033
938.4301214557936,969.8847672413788
938.724041685632,934.8574396551726
939.0179038567005,952.1783534482761
939.3117079593167,957.0037499999999
939.6054539837977,908.0784827586203
939.8991419204615,936.9045775862071
940.1927717596254,906.9286293103451
940.4863434916068,928.6628534482761
940.7798571067235,908.357637931035
941.0733125952926,904.9346637931033
941.3667099476321,910.0259224137926
941.660049154059,912.8108275862073
941.9533302048911,915.3697499999996
942.2465530904459,888.9164741379313
942.5397178010408,895.715896551724
942.8328243269934,876.4276034482759
943.1258726586211,893.6488189655174
943.4188627862416,860.4293534482765
943.7117947001722,842.0848706896556
944.0046683907303,865.1616982758615
944.2974838482338,856.2021465517246
944.5902410629999,832.5670086206896
944.8829400253463,850.1670775862067
945.1755807255904,831.1911724137931
945.4681631540498,825.3687931034488
945.7606873010416,840.1174913793106
946.0531531568838,803.847258620689
946.3455607118939,819.1143879310346
946.637909956389,797.9052413793108
946.9302008806869,808.5928965517242
947.222433475105,797.0278965517241
947.5146077299611,800.7433189655176
947.8067236355722,762.8779137931033
948.0987811822561,781.2091034482762
948.3907803603304,786.6393362068966
948.6827211601122,769.4712931034485
948.9746035719196,761.0168793103437
949.2664275860697,738.4983620689661
949.5581931928801,745.0319224137934
949.8499003826682,745.8826810344824
950.1415491457516,734.4771982758621
950.433139472448,746.5406896551715
950.7246713530745,731.5660086206892
951.0161447779491,728.7744568965518
951.3075597373888,712.2976551724144
951.5989162217114,733.9255344827588
951.8902142212344,712.5768103448281
952.1814537262751,688.5495258620688
952.4726347271514,694.4250775862074
952.7637572141804,677.8352844827587
953.0548211776797,707.3060948275856
953.345826607967,692.9827758620697
953.6367734953598,684.6945258620692
953.9276618301752,671.2751379310339
954.218491602731,664.4690689655165
954.5092628033449,665.2865948275862
954.7999754223339,670.4177327586212
955.0906294500162,659.9494137931038
955.3812248767088,659.2781120689654
955.6717616927293,658.5669310344829
955.9622398883953,644.9016206896554
956.252659454024,645.1408965517239
956.5430203799333,632.4659224137936
956.8333226564404,650.1656896551722
957.123566273863,647.0750431034478
957.4137512225187,639.7638362068963
957.7038774927249,619.113000000001
957.9939450747991,617.9166206896552
958.2839539590585,606.4247327586211
958.573904135821,619.4918534482752
958.8637955954039,605.241646551724
959.1536283281249,611.0241465517245
959.4434023243015,618.4018189655167
959.7331175742511,605.2615862068965
960.0227740682911,602.6096120689654
960.3123717967391,590.7721034482759
960.6019107499126,577.4524137931037
960.8913909181291,593.8760431034484
961.1808122917063,577.3726551724135
961.4701748609615,565.4088620689654
961.7594786162123,571.3841120689656
962.0487235477761,579.7188879310347
962.3379096459703,558.4565689655176
962.6270369011127,567.4493534482763
962.9161053035206,557.5459913793102
963.2051148435118,563.9466206896548
963.4940655114033,545.7084827586211
963.7829572975131,534.1700689655172
964.0717901921586,551.4776896551725
964.3605641856568,544.9042499999998
964.6492792683258,529.98274137931
964.9379354304829,529.7368189655167
965.2265326624457,538.0250689655179
965.5150709545317,529.9561551724139
965.8035502970582,511.99052586206903
966.0919706803429,518.8564137931035
966.380332094703,515.7790603448273
966.6686345304566,531.4582758620693
966.9568779779205,534.1567758620695
967.2450624274128,510.4950517241375
967.5331878692509,481.2369310344834
967.821254293752,476.8767931034481
968.1092616912339,499.30890517241414
968.3972100520137,479.0701551724137
968.6850993664095,481.2701637931034
968.9729296247382,496.2647844827586
969.2607008173178,481.9215258620684
969.5484129344657,469.8646810344828
969.8360659664992,468.4423189655174
970.123659903736,496.397715517242
970.4111947364933,467.3655775862071
970.698670455089,466.5148189655172
970.9860870498403,468.47555172413786
971.273444511065,455.21568103448226
971.5607428290805,437.79506896551766
971.8479819942042,446.0434396551725
972.1351619967537,471.89852586206916
972.4222828270463,444.7074827586209
972.7093444753998,437.3630431034485
972.9963469321315,423.81737068965526
973.2832901875591,426.203482758621
973.570174232,423.6445603448278
973.8569990557718,432.8899137931037
974.1437646491918,426.3962327586212
974.4304710025773,430.822836206896
974.7171181062464,439.8820862068967
975.0037059505163,421.491077586207
975.2902345257045,404.2632155172407
975.5767038221287,414.04029310344845
975.8631138301062,412.2988965517243
976.1494645399545,407.61307758620774
976.4357559419909,391.9205689655171
976.7219880265335,406.64932758620716
977.0081607838993,387.2413965517246
977.294274204406,401.7574655172416
977.5803282783712,388.0522758620689
977.8663229961121,390.5646724137928
978.1522583479466,393.2831120689657
978.4381343241918,388.49094827586237
978.7239509151655,372.43287931034524
979.0097081111849,381.97732758620646
979.2954059025678,374.6794137931038
979.5810442796319,359.4189310344825
979.8666232326942,381.49212931034504
980.1521427520727,386.58338793103394
980.4376028280842,381.06010344827655
980.7230034510469,353.74277586206904
981.0083446112778,349.62856034482684
981.293626299095,374.59965517241426
981.5788485048156,356.1754137931032
981.8640112187571,349.07689655172453
982.1491144312372,336.5747327586207
982.4341581325729,365.58028448275877
982.7191423130824,351.50288793103414
983.0040669630827,338.66175000000044
983.2889320728916,345.7070948275864
983.5737376328267,336.4750344827585
983.8584836332051,343.79288793103456
984.1431700643446,330.44661206896535
984.4277969165624,333.23151724137915
984.7123641801765,324.7239310344826
984.9968718455038,334.97956034482763
985.2813199028625,334.7269913793107
985.5657083425697,317.2598534482754
985.8500371549429,311.0320344827587
986.1343063302998,309.7957758620689
986.4185158589573,307.0042241379315
986.7026657312338,313.88340517241363
986.9867559374461,301.3014827586203
987.2707864679121,305.5818620689661
987.5547573129493,303.9468103448271
987.838668462875,295.9576551724133
988.1225199080069,305.05678448275853
988.4063116386621,301.64710344827586
988.6900436451588,292.162474137931
988.9737159178138,292.03618965517285
989.257328446945,298.03137931034485
989.5408812228701,274.33642241379334
989.824374235906,281.64762931034466
990.1078074763708,287.6494655172419
990.3911809345815,283.3890258620693
990.6744946008561,285.3564051724145
990.9577484655115,284.34612931034485
991.2409425188658,260.63787931034494
991.5240767512364,267.8360948275865
991.8071511529406,272.69472413793073
992.090165714296,297.63923275862066
992.3731204256198,268.4409310344827
992.6560152772302,252.77500862068973
992.9388502594439,272.8343017241373
993.2216253625792,249.65777586206923
993.504340576953,267.8294482758622
993.786995892883,271.70438793103494
994.069591300687,267.83609482758607
994.3521267906818,250.39554310344852
994.6346023531856,248.57438793103483
994.9170179785156,231.34652586206926
995.1993736569893,247.16531896551737
995.4816693789244,253.9448017241375
995.7639051346382,238.38522413793112
996.0460809144483,256.4638448275864
996.328196708672,235.63355172413821
996.610252507627,233.69940517241366
996.8922483016308,242.41303448275903
997.174184081001,215.09570689655175
997.4560598360551,230.52900000000022
997.7378755571104,211.01472413793113
998.0196312344846,242.97134482758588
998.3013268584948,208.1965862068971
998.582962419459,219.91445689655188
998.8645379076945,230.13685344827582
999.146053313519,201.6829655172412
999.4275086272497,237.9332586206899
999.7089038392044,217.48181896551682
999.9902389397004,222.71930172413795
1000.2715139190549,208.96093965517275
1000.5527287675861,200.3204224137935
1000.8338834756111,206.29567241379277
1001.1149780334474,214.21836206896546
1001.3960124314128,199.63582758620691
1001.6769866598245,195.65454310344808
1001.9579007090001,192.98927586206923
1002.2387545692569,217.71444827586197
1002.5195482309128,198.39292241379303
1002.8002816842849,199.7355258620696
1003.0809549196912,180.51369827586268
1003.3615679274488,184.98682758620703
1003.6421206978755,198.4859741379305
1003.9226132212885,179.1112758620684
1004.2030454880053,174.12636206896582
1004.4834174883438,183.19225862068947
1004.7637292126209,177.31670689655175
1005.0439806511547,182.92639655172434
1005.3241717942625,189.77234482758672
1005.6043026322618,171.7867758620689
1005.88437315547,172.94992241379327
1006.1643833542047,187.04061206896563
1006.4443332187833,172.8169913793106
1006.7242227395233,160.2882413793102
1007.0040519067426,180.16143103448235
1007.2838207107583,170.0852586206895
1007.5635291418881,159.2247931034483
1007.8431771904494,156.7855086206896
1008.1227648467594,182.27503448275843
1008.4022921011363,161.2652844827585
1008.6817589438969,157.80907758620697
1008.9611653653593,154.93112068965547
1009.2405113558408,151.85376724137905
1009.5197969056588,168.16440517241404
1009.7990220051308,148.7631206896549
1010.0781866445743,152.66464655172422
1010.357290814307,150.28518103448232
1010.6363345046461,140.0960172413795
1010.9153177059095,144.9214137931035
1011.1942404084145,150.8900172413796
1011.4731026024787,148.87611206896554
1011.7519042784193,126.46393965517268
1012.0306454265539,132.7914568965516
1012.3093260372002,122.77510344827624
1012.5879461006755,152.0531637931026
1012.8665056072978,147.54680172413805
1013.145004547384,135.4101982758625
1013.423442911252,134.4530948275858
1013.701820689219,120.61497413793063
1013.9801378716024,128.60412931034534
1014.2583944487204,141.8108275862062
1014.5365904108897,141.47850000000017
1014.8147257484286,135.76911206896534
1015.0928004516539,119.75756896551752
1015.3708145108835,112.16720689655176
1015.6487679164347,115.43731034482789
1015.926660658625,109.99378448275934
1016.204492727772,125.32073275862035
1016.4822641141933,100.28317241379227
1016.7599748082064,99.2662499999999
1017.0376248001287,124.17087931034484
1017.3152140802778,94.87287931034484
1017.592742638971,141.01988793103465
1017.8702104665258,120.78778448275852
1018.1476175532599,137.94253448275867
1018.4249638894908,99.95749137931057
1018.7022494655358,121.62525000000028
1018.9794742717129,117.231879310345
1019.2566382983392,105.04875000000061
1019.5337415357322,107.51462068965498
1019.8107839742094,109.83426724137871
1020.0877656040884,104.17805172413773
1020.3646864156866,92.30731034482778
1020.6415463993217,109.94725862068935
1020.9183455453111,115.82281034482708
1021.1950838439726,97.16593965517268
1021.4717612856232,108.63788793103458
1021.7483778605803,99.32606896551738
1022.0249335591622,106.86325862068975
1022.3014283716853,90.33993103448279
1022.5778622884684,110.578681034483
1022.8542352998282,100.58891379310398
1023.1305473960822,79.63233620689653
1023.4067985675482,87.86741379310388
1023.6829888045435,86.09943103448245
1023.9591180973856,88.33931896551735
1024.2351864363918,82.2510775862072
1024.5111938118805,91.96833620689654
1024.7871402141682,85.92662068965501
1025.063025633573,86.76408620689654
1025.3388500604121,81.9453362068964
1025.6146134850028,88.35925862068916
1025.8903158976632,83.37434482758613
1026.1659572887106,87.84082758620684
1026.4415376484621,88.5985344827584
1026.717056967236,70.04800862068896
1026.9925152353492,57.86487931034503
1027.2679124431193,67.33621551724104
1027.5432485808635,61.055224137930736
1027.8185236389,73.40451724137938
1028.0937376075456,73.17188793103469
1028.3688904771186,76.0099655172412
1028.643982237936,82.71633620689681
1028.9190128803152,56.568801724137984
1029.193982394574,64.92351724137961
1029.4688907710297,105.28802586206916
1029.7437379999997,63.11565517241365
1030.0185240718022,75.40512931034436
1030.293248976754,53.48480172413838
1030.5679127051728,72.28125000000023
1030.842515247376,66.9573620689655
1031.1170565936816,64.86369827586259
1031.3915367344061,76.92718965517224
1031.665955659868,80.83536206896542
1031.9403133603844,56.08360344827565
1032.2146098262729,77.9108793103444
1032.488845047851,58.35007758620645
1032.7630190154362,72.85285344827525
1033.0371317193458,58.82862931034515
1033.3111831498973,63.76701724137956
1033.5851732974086,57.24010344827593
1033.859102152197,82.98219827586172
1034.13296970458,65.36218965517264
1034.4067759448753,47.22375000000011
1034.6805208633998,67.51567241379348
1034.9542044504717,52.38812068965535
1035.227826696408,61.274560344827705
1035.5013875915265,69.56945689655163
1035.7748871261447,34.874456896551465
1036.0483252905797,49.6630344827588
1036.32170207515,63.01595689655164
1036.595017470172,66.77125862068965
1036.8682714659637,63.24858620689611
1037.1414640528424,50.28116379310336
1037.4145952211256,56.0304310344834
1037.6876649611315,54.16939655172382
1037.960673263177,56.27635344827604
1038.2336201175794,49.44369827586229
1038.5065055146567,54.64794827586229
1038.7793294447265,53.37181034482796
1039.0520918981051,46.50592241379309
1039.3247928651115,59.04131896551712
1039.5974323360626,57.89146551724116
1039.8700103012757,46.95124137931066
1040.142526751069,48.09444827586208
1040.414981675759,65.66128448275845
1040.6873750656641,49.729499999999234
1040.9597069111012,48.220732758621125
1041.231977202388,48.194146551724316
1041.5041859298422,61.839517241379326
1041.776333083781,31.624293103448736
1042.0484186545225,45.382655172414616
1042.3204426323834,30.07564655172405
1042.5924050076817,27.264155172413894
