371.46153840273,2.153482758620612
371.8391998916188,-0.23927586206900742
372.21681955928005,-9.816956896552028
372.59439739603135,-4.579474137931356
372.97193339219024,3.097293103448237
373.3494275380741,-15.685862068965662
373.72687982400055,-6.447155172413886
374.104290240287,4.4598362068961706
374.481658777251,23.581965517241542
374.85898542521005,6.354103448275509
375.2362701744817,4.061043103447901
375.61351301538343,12.163189655172573
375.9907139382327,13.153525862069273
376.36787293334714,-2.319646551724645
376.7449899910441,17.799465517241742
377.12206510164117,10.175870689654857
377.49909825545586,3.409681034482446
377.8760894428056,2.9045431034478497
378.25303865400804,1.2827844827581885
378.62994587938056,5.649568965517346
379.0068111092407,-3.516025862069
379.38363433390595,-10.96016379310322
379.76041554369385,6.015129310344264
380.13715472892187,44.66482758620714
380.51385187990763,68.07398275862079
380.89050698696843,53.823775862068715
381.26712004042196,63.49450862068966
381.64369103058567,61.87275000000045
382.02021994777704,81.53989655172427
382.3967067823135,68.14044827586213
382.77315152451274,42.79049999999984
383.14955416469223,64.9102241379303
383.52591469316934,46.406224137931304
383.90223310026164,59.965189655172026
384.27850937628665,55.03344827586193
384.65474351156195,55.631637931034675
385.0309354964049,68.1404482758619
385.4070853211331,69.48969827586166
385.783192976064,58.89509482758649
386.15925845151514,52.62075000000027
386.5352817378041,57.233456896551616
386.9112628252483,54.853991379310855
387.2872017041652,69.5362241379305
387.6630983648723,56.26306034482718
388.03895279768733,72.62022413793147
388.4147649929276,65.24255172413723
388.79053494091056,63.39481034482742
389.16626263195394,72.4739999999997
389.541948056375,42.33853448275863
389.91759120449143,72.60028448275852
390.2931920666206,71.29756034482807
390.66875063308015,51.763344827586025
391.04426689418744,56.635267241379324
391.41974084026015,59.280594827586356
391.79517246161566,57.19357758620663
392.17056174857146,83.7797844827578
392.54590869144516,78.95438793103426
392.9212132805541,74.30844827586202
393.296475506216,71.09816379310337
393.6716953587482,59.765793103448004
394.04687282846834,75.64440517241337
394.4220079056938,75.518120689655
394.79710058074215,78.89456896551678
395.1721508439309,82.35077586206876
395.5471586855775,77.0335344827588
395.92212409599955,62.38453448275868
396.29704706551445,54.3089741379315
396.67192758443974,60.935586206896915
397.04676564309307,52.09567241379273
397.4215612317917,70.28728448275865
397.7963143408533,68.00751724137922
398.1710249605953,75.75074999999993
398.54569308133523,65.51506034482759
398.92031869339064,69.35012068965511
399.29490178707897,63.75372413793116
399.6694423527178,73.50421551724116
400.0439403806246,57.23345689655139
400.41839586111684,72.79968103448277
400.792808784512,70.40027586206884
401.1671791411277,62.942844827585986
401.5415069212814,66.49874999999975
401.91579211529057,61.74646551724095
402.2900347134728,63.095715517241615
402.6642347061454,100.00401724137896
403.0383920836261,75.43836206896572
403.41250683623224,61.49389655172399
403.7865789542815,68.36643103448273
404.1606084280912,70.06130172413873
404.53459524797904,64.63771551724199
404.9085394042624,79.49940517241384
405.2824408872587,66.1198965517242
405.65629968728564,75.48488793103479
406.0301157946606,63.10236206896525
406.4038891997011,56.30958620689648
406.7776198927248,72.51387931034492
407.15130786404893,81.6728275862065
407.5249531039912,80.23717241379313
407.8985556028691,80.16406034482748
408.272115351,76.71450000000004
408.64563233870155,66.4655172413793
409.01910655629126,75.39848275862028
409.39253799408647,76.65468103448279
409.7659266424049,85.62752586206875
410.13927249156393,63.33499137931062
410.51257553188105,89.48917241379309
410.8858357536738,70.074594827586
411.25905314725975,64.17910344827555
411.63222770295624,67.26974999999993
412.00535941108103,78.655293103448
412.3784482619514,98.33573275862045
412.75149424588494,92.59975862068973
413.1244973531991,87.44868103448266
413.4974575742115,74.46796551724196
413.87037489923966,73.53080172413775
414.2432493186009,87.9205862068959
414.6160808226129,92.92543965517257
414.9888694015931,116.63368965517225
415.3616150458589,111.35632758620682
415.734317745728,109.96719827586139
416.1069774915178,101.1804568965515
416.47959427354584,92.43359482758638
416.8521680821296,98.56171551724128
417.2246989075866,99.95749137931034
417.5971867402344,98.8142844827587
417.9696315703904,99.24631034482763
418.34203338837216,106.71038793103457
418.71439218449717,108.90374999999995
419.08670794908295,109.99378448275843
419.458980672447,99.04691379310293
419.8312103449069,119.67781034482732
420.20339695678,124.55637931034448
420.5755404983839,119.81074137931068
420.9476409600361,152.88398275862096
421.3196983320541,141.33227586206863
421.6917126047555,142.37578448275872
422.0636837684576,141.81082758620732
422.4356118134781,151.62113793103435
422.8074967301344,169.06833620689645
423.179338508744,158.61995689655146
423.5511371396245,173.64116379310258
423.92289261309327,173.26895689655203
424.29460491946793,182.52760344827607
424.666274049066,192.23156896551768
425.0378999922049,204.86666379310373
425.4094827392022,187.97777586206917
425.7810222803753,218.39904310344878
426.1525186060418,230.42930172413776
426.5239717065192,226.0691637931036
426.895381572125,213.40748275862074
427.2667481931767,237.8933793103447
427.63807155999183,236.42449137931067
428.00935166288787,253.89162931034502
428.3805884921823,260.49165517241386
428.7517820381926,268.6602672413792
429.1229322912364,266.17445689655165
429.4940392416312,257.81974137931184
429.8651028796943,290.8065775862067
430.23612319574346,302.4313965517242
430.60710018009604,314.33537068965575
430.97803382306955,310.2278017241381
431.3489241149815,321.3940086206901
431.71977104614945,307.0441034482765
432.0905746068909,336.77412931034496
432.4613347875234,340.0375862068968
432.8320515783643,363.5597327586206
433.20272496973126,381.95738793103465
433.5733549519417,369.09631034482777
433.94394151531304,388.2915517241381
434.31448465016297,366.2582327586206
434.68498434680896,390.5181465517237
435.0554405955685,402.800974137931
435.425853386759,388.61058620689664
435.79622271069803,436.8047327586205
436.1665485577032,434.45185344827587
436.53683091809177,440.201120689655
436.9070697821815,453.5208103448276
437.2772651402898,421.3913793103445
437.6474169827341,443.15218965517306
438.017525299832,460.11418965517237
438.387590081901,484.3209310344828
438.7576113192586,489.06656896551726
439.12758900222224,507.2781206896552
439.4975231211095,499.40195689655206
439.8674136662379,515.1343448275863
440.2372606279249,519.7138189655172
440.60706399648797,522.4322586206893
440.9768237622447,539.1151034482757
441.34653991551255,527.3241206896557
441.716212446609,571.0717241379309
442.08584134585163,566.9840948275864
442.4554266035579,578.083836206896
442.8249682100453,563.8735086206896
443.1944661556314,604.8627931034484
443.56392043063363,624.39700862069
443.93333102536957,603.5600689655168
444.3026979301566,636.4073275862065
444.67202113531243,674.2195603448276
445.04130063115434,674.7911637931024
445.41053640800004,682.9198965517246
445.7797284561669,692.6238620689655
446.1488767659724,692.2117758620689
446.5179813277342,726.567801724138
446.88704213176965,740.2065258620689
447.2560591683964,763.1437758620682
447.62503242793184,788.1015775862074
447.99396190069353,813.8636120689657
448.36284757699894,854.1882413793105
448.73168944716554,869.9538620689657
449.10048750151105,872.6855948275863
449.4692417303527,896.4270775862071
449.83795212400815,907.8059741379304
450.20661867279483,925.5057413793106
450.57524136703034,983.157931034483
450.94382019703215,1039.7799051724141
451.3123551531177,1068.9649137931033
451.6808462256046,1095.4248362068965
452.0492934048102,1077.0936465517232
452.41769668105223,1092.4538275862071
452.786056044648,1156.0214482758613
453.15437148591514,1162.0033448275863
453.5226429951711,1274.8617931034482
453.8908705627333,1224.3147672413797
454.2590541789195,1330.2142758620698
454.62719383404686,1270.488362068966
454.9952895184332,1307.9948534482758
455.36334122239583,1302.1259482758624
455.73134893625235,1317.313318965518
456.09931265032026,1424.7016551724146
456.467232354917,1370.0669999999996
456.8351080403602,1368.4718275862067
457.2029396969672,1499.4620689655171
457.5707273150556,1493.0016206896544
457.93847088494294,1549.384318965517
458.30617039694664,1504.0814224137941
458.6738258413843,1600.343431034483
459.0414372085733,1542.5184310344835
459.4090044888313,1533.5389396551732
459.77652767247565,1635.0184913793105
460.144006749824,1662.7877844827588
460.5114417111938,1621.3465344827594
460.8788325469025,1624.7761551724136
461.24617924726766,1734.7699396551725
461.61348180260677,1661.624637931035
461.98074020323736,1709.4465775862063
462.34795443947695,1770.5150948275855
462.715124501643,1712.6701551724136
463.08225038005304,1824.92376724138
463.4493320650245,1831.0917672413786
463.816369546875,1826.133439655172
464.183362815922,1884.9022499999994
464.550311862483,1901.8376637931035
464.9172166768755,1887.0291465517241
465.28407724941707,1928.3906379310336
465.6508935704251,1912.3192758620698
466.01766563021727,1917.902379310344
466.3843934191109,1960.0681034482757
466.75107692742347,1952.7901293103448
467.11771614547274,2028.8864999999994
467.484311063576,2024.6327068965516
467.8508616720508,2084.2722155172423
468.21736796121473,2075.551939655173
468.58382992138525,2128.6113620689657
468.9502475428798,2161.465267241379
469.31662081601587,2206.8612155172414
469.6829497311111,2217.941017241378
470.0492342784829,2251.4595775862063
470.41547444844883,2299.254931034483
470.78167023132636,2299.07547413793
471.147821617433,2371.2237931034488
471.5139285970863,2414.9979827586217
471.8799911606036,2431.527956896552
472.2460092983026,2474.630844827585
472.6119830005008,2537.3011810344824
472.97791225751564,2528.3815086206905
473.3437970596646,2588.7654310344824
473.70963739726517,2631.781913793103
474.075433260635,2678.327715517241
474.44118464009136,2737.9539310344826
474.80689152595204,2790.5879741379304
475.17255390853427,2870.127258620688
475.53817177815574,2909.149163793102
475.903745125134,2925.486387931035
476.26927393978633,3063.80777586207
476.6347582124304,3096.329353448276
477.0001979333836,3165.586422413794
477.36559309296365,3218.9648793103447
477.7309436814879,3271.612215517242
478.09624968927386,3300.1059827586196
478.461511106639,3355.2856551724126
478.826727923901,3424.23698275862
479.1919001313771,3512.9418620689657
479.557027719385,3560.604284482758
479.9221106782422,3742.4007672413773
480.2871489982661,3765.497534482759
480.6521426697744,3816.822206896551
481.01709168308435,3891.755431034482
481.38199602851364,3940.46800862069
481.74685569637967,4043.635784482759
482.111670677,4135.112275862069
482.4764409606922,4191.069594827586
482.84116653777363,4299.8537068965525
483.2058473985619,4397.298801724138
483.57048353337444,4454.412620689656
483.93507493252883,4498.465965517241
484.29962158634265,4557.839612068967
484.6641234851332,4650.691939655173
485.02858061921813,4714.857749999999
485.3929929789149,4798.338439655174
485.757360554541,4894.946068965517
486.121683336414,4971.640629310345
486.4859613148513,5005.205715517242
486.8501944801706,5103.787370689656
487.2143828226892,5164.73625
487.57852633272466,5155.431077586206
487.94262500059455,5298.218948275861
488.3066788166163,5347.7490517241395
488.67068777110745,5429.335474137932
489.0346518543855,5494.990112068965
489.39857105676805,5545.178224137928
489.7624453685724,5533.586637931035
490.12627478011626,5626.74470689655
490.49005928171704,5667.607706896551
490.85379886369225,5688.504465517242
491.2174935163594,5811.166577586209
491.581143230036,5821.202870689655
491.94474799503956,5857.459810344826
492.30830780168753,5878.781948275861
492.67182264029753,5945.31393103448
493.035292501187,5922.808706896552
493.3987173746735,6000.427137931036
493.7620972510744,5976.246982758619
494.1254321207073,6042.074431034481
494.48872197388977,6066.081775862069
494.8519668009391,6103.42875
495.21516659217303,6093.55197413793
495.5783213379091,6129.7823275862065
495.9414310284645,6119.014913793103
496.30449565415705,6107.941758620689
496.66751520530397,6157.17276724138
497.03048967222315,6197.331232758619
497.39341904523167,6242.733827586208
497.75630331464737,6238.878827586205
498.11914247078755,6227.785732758622
498.4819365039699,6238.347103448274
498.8446854045118,6295.985999999997
499.20738916273064,6303.0379913793095
499.5700477689442,6310.329258620692
499.93266121346977,6353.678068965519
500.29522948662503,6298.132836206896
500.6577525787273,6312.349810344829
501.02023048009426,6369.250939655176
501.38266318104326,6275.687431034483
501.7450506718919,6370.267862068967
502.1073929429577,6412.945370689656
502.469689984558,6425.401008620689
502.8319417870105,6459.7370948275875
503.1941483406327,6379.652793103448
503.5563096357421,6425.121853448274
503.91842566265603,6423.493448275863
504.28049641169207,6442.063913793103
504.64252187316794,6590.913439655171
505.0045020374009,6589.44455172414
505.36643689470856,6553.965258620689
505.72832643540835,6647.28949137931
506.0901706498178,6696.0020689655175
506.45196952825466,6687.44795689655
506.813723061036,6704.4431896551705
507.1754312384797,6692.1138362069
507.537094050903,6839.095681034484
507.8987114886236,6703.319922413795
508.26028354195887,6840.438284482759
508.62181020122637,6899.526129310347
508.9832914567437,6857.6595
509.3447272988281,6945.719663793102
509.7061177177974,6912.280862068967
510.0674627039689,6829.338543103449
510.42876224766013,6813.320353448276
510.7900163391887,6937.132318965518
511.151224968872,6878.782241379307
511.51238812702763,6840.704146551725
511.87350580397293,6882.623948275862
512.2345779900257,7117.5197327586175
512.5956046755031,7078.471241379308
512.9565858507228,7043.337568965516
513.3175215060025,6940.927499999999
513.6784116316593,7186.530879310348
514.0392562180111,7104.778293103448
514.4000552553752,7156.521698275861
514.7608087340691,7030.363500000001
515.1215166444102,7188.61125
515.4821789767162,7159.319896551723
515.8427957213047,7213.156965517243
516.2033668684929,7167.561620689656
516.5638924085987,7146.425586206895
516.924372331939,7059.541862068967
517.284806628832,7114.927577586211
517.6451952895948,7049.120068965518
518.0055383045449,7099.560750000002
518.365835664,7147.090241379312
518.7260873582774,7096.696086206897
519.0862933776949,7115.372896551726
519.4464537125696,7066.0023103448275
519.8065683532194,7035.587689655174
520.1666372899614,6990.264853448275
520.5266605131134,7002.128948275862
520.8866380129929,7038.425767241377
521.2465697799173,7001.776681034484
521.6064558042042,6958.16200862069
521.966296076171,6907.269362068965
522.3260905861354,6898.575672413794
522.6858393244146,6838.3712068965515
523.0455422813262,6922.729241379309
523.405199447188,6848.427439655171
523.7648108123171,6845.389965517241
524.1243763670313,6852.388784482759
524.4838961016479,6763.723784482757
524.8433700064846,6800.293112068965
525.2027980718589,6699.823836206898
525.5621802880879,6766.8875431034485
525.9215166454898,6737.217336206897
526.2808071343813,6682.888422413793
526.6400517450808,6702.927775862068
526.999250467905,6589.949689655172
527.3584032931719,6617.659163793104
527.7175102111987,6568.381629310343
528.0765712123032,6524.461215517242
528.4355862868027,6533.134965517242
528.7945554250149,6516.8775000000005
529.153478617257,6475.595767241381
529.5123558538468,6485.632060344827
529.8711871251016,6519.542767241379
530.229972421339,6470.305112068966
530.5887117328764,6426.05901724138
530.9474050500316,6380.716241379309
531.3060523631218,6329.976465517242
531.6646536624647,6359.0152499999995
532.0232089383777,6361.873267241377
532.3817181811784,6359.739724137929
532.740181381184,6357.127629310343
533.0985985287124,6275.275344827585
533.4569696140809,6291.865137931034
533.815294627607,6298.750965517242
534.1735735596084,6308.494810344828
534.5318064004024,6306.16851724138
534.8899931403066,6321.18972413793
535.2481337696383,6236.791810344828
535.6062282787153,6286.301974137931
535.9642766578552,6293.86575
536.322278897375,6271.034844827587
536.6802349875926,6301.748560344826
537.0381449188254,6329.537793103448
537.396008681391,6337.320905172413
537.7538262656067,6373.498086206897
538.1115976617901,6416.42151724138
538.4693228602589,6426.205241379311
538.8270018513302,6501.550551724139
539.184634625322,6472.65799137931
539.5422211725514,6528.090232758619
539.8997614833361,6575.619724137928
540.2572555479934,6668.784439655172
540.6147033568411,6720.913344827584
540.9721049001965,6757.389620689656
541.3294601683773,6823.476284482758
541.6867691517009,6886.37925
542.0440318404848,6914.281474137932
542.4012482250464,6967.134853448277
542.7584182957032,7086.520215517241
543.1155420427729,7233.854327586207
543.472619456573,7272.630310344829
543.8296505274208,7329.498206896552
544.1866352456341,7418.854448275859
544.54357360153,7549.492422413794
544.9004655854266,7654.733922413796
545.2573111876407,7615.69872413793
545.6141103984902,7766.196594827586
545.9708632082926,7800.379810344825
546.3275696073654,7891.7034310344825
546.684229586026,8115.213672413793
547.040843134592,8020.3208534482765
547.397410243381,8231.82742241379
547.7539309027102,8179.632051724138
548.1104051028973,8325.24470689655
548.46683283426,8279.662655172415
548.8232140871154,8481.817525862069
549.1795488517813,8695.377879310345
549.5358371185752,8597.653629310342
549.8920788778144,8705.241362068968
550.2482741198164,8919.114103448275
550.604422834899,8937.671275862069
550.9605250133797,8926.591474137935
551.3165806455755,9105.882206896551
551.6725897218045,8982.462387931037
552.0285522323837,9238.726836206897
552.3844681676312,9251.654379310341
552.740337517864,9350.907336206896
553.0961602733997,9459.159724137935
553.451936424556,9577.381939655172
553.8076659616502,9454.367560344826
554.1633488749999,9582.220629310343
554.5189851549228,9679.71225
554.8745747917361,9613.472715517244
555.2301177757573,9677.086862068967
555.5856140973041,9768.749456896556
555.9410637466939,9804.042646551725
556.2964667142442,9830.083836206897
556.6518229902725,9896.502827586202
557.0071325650965,9910.134905172414
557.3623954290335,9823.497103448277
557.717611572401,9811.014879310344
558.0727809855165,9802.959258620693
558.4279036586978,9800.772543103449
558.7829795822619,9857.261586206896
559.1380087465267,9821.263862068967
559.4929911418096,9750.737301724137
559.8479267584282,9759.690206896548
560.2028155866997,9760.321629310347
560.5576576169418,9748.716749999998
560.9124528394722,9691.43676724138
561.267201244608,9710.744999999999
561.6219028226669,9569.213327586205
561.9765575639667,9528.602896551722
562.3311654588246,9520.99924137931
562.6857264975578,9485.805750000003
563.0402406704843,9320.944681034483
563.3947079679216,9306.767586206895
563.7491283801869,9221.37268965517
564.1035018975979,9207.614327586205
564.4578285104722,9104.340206896552
564.812108209127,9093.971586206895
565.1663409838801,8949.900931034485
565.5205268250488,8871.278870689657
565.8746657229508,8815.913094827582
566.2287576679033,8842.50594827586
566.582802650224,8761.949741379316
566.9368006602307,8603.761810344828
567.2907516882406,8513.322181034484
567.6446557245708,8569.691586206898
567.9985127595396,8473.522629310344
568.3523227834639,8498.952336206898
568.7060857866617,8403.959818965517
569.05980175945,8385.216543103446
569.4134706921468,8402.132017241378
569.7670925750693,8289.692301724137
570.1206673985349,8374.774810344825
570.4741951528614,8308.960655172415
570.8276758283661,8362.319172413792
571.1811094153666,8418.316370689654
571.5344959041804,8392.30176724138
571.887835285125,8495.323318965515
572.241127548518,8508.377146551726
572.5943726846766,8662.796482758618
572.9475706839186,8765.066974137933
573.3007215365616,8841.037060344826
573.6538252329226,8944.61692241379
574.0068817633196,9106.580094827585
574.35989111807,9242.761293103447
574.7128532874912,9330.49577586207
575.0657682619006,9537.270000000002
575.418636031616,9693.862758620691
575.7714565869547,9764.588715517242
576.1242299182344,10114.12422413793
576.4769560157722,10256.194267241379
576.8296348698861,10538.353681034483
577.1822664708935,10753.263284482762
577.5348508091115,11106.84654310345
577.887387874858,11383.808353448278
578.2398776584505,11541.697189655171
578.5923201502063,11889.33843103448
578.9447153404429,12168.599948275867
579.2970632194782,12487.99334482759
579.6493637776293,12747.601008620688
580.0016170052138,13127.544491379314
580.3538228925493,13549.613818965518
580.7059814299532,13701.97937068966
581.058092607743,14143.430043103446
581.4101564162362,14585.10669827586
581.7621728457506,14920.478405172413
582.1141418866034,15157.574198275863
582.466063529112,15588.762594827587
582.8179377635942,16029.515379310345
583.1697645803674,16335.389689655174
583.5215439697491,16725.987594827584
583.8732759220567,17049.754422413796
584.2249604276079,17387.924327586206
584.57659747672,17894.59761206897
584.9281870597107,18158.665112068964
585.2797291668975,18488.28090517242
585.6312237885977,18774.029456896555
585.982670915129,19099.258525862067
586.3340705368088,19483.70837068965
586.6854226439547,19800.96822413793
587.0367272268841,20130.02570689655
587.3879842759146,20527.921525862064
587.7391937813636,20777.97144827586
588.0903557335488,21086.86993965518
588.4414701227875,21485.955491379304
588.7925369393971,21847.228810344826
589.1435561736955,22036.97456896552
589.494527816,22273.345887931027
589.8454518566281,22526.79884482759
590.1963282858972,22907.114534482756
590.547157094125,23306.120327586203
590.8979382716288,23321.24787931035
591.2486718087263,23529.517577586208
591.5993576957351,23891.51537068966
591.9499959229723,24296.18402586207
592.3005864807558,24539.3348275862
592.6511293594028,24632.67235344828
593.0016245492311,24989.77828448276
593.3520720405579,25244.41432758622
593.7024718237009,25334.601387931027
594.0528238889776,25513.19423275862
594.4031282267056,25598.409672413796
594.7533848272021,26168.783508620698
595.1035936807849,26347.39629310344
595.4537547777715,26571.996568965504
595.803868108479,26811.737689655165
596.1539336632253,27154.606706896546
596.5039514323281,27161.539060344825
596.8539214061043,27133.56372413794
597.2038435748719,27483.41162068966
597.5537179289481,27700.740568965517
597.9035444586507,28417.378422413803
598.2533231542969,28552.95478448277
598.6030540062044,28627.927887931037
598.9527370046907,28554.855698275867
599.3023721400731,28644.617379310348
599.6519594026695,29197.92951724138
600.001498782797,29223.46556896552
600.3509902707734,29546.627560344823
600.700433856916,29741.870017241385
601.0498295315423,30080.63811206897
601.39917728497,29980.747086206895
601.7484771075166,30368.393922413794
602.0977289894995,30437.066094827587
602.4469329212361,30823.696008620682
602.796088893044,30677.564922413785
603.1451968952409,31001.265284482757
603.494256918144,31348.634017241373
603.8432689520711,31520.799646551728
604.1922329873393,31727.773267241384
604.5411490142665,31796.146344827583
604.89001702317,32100.27925862069
605.2388370043674,32342.57930172414
605.5876089481761,32046.521948275855
605.9363328449137,32219.272474137935
606.2850086848979,32552.118491379308
606.6336364584456,32772.66437068965
606.982216155875,33014.47256896551
607.3307477675032,33123.48931034483
607.6792312836478,33489.31551724138
608.0276666946264,33680.3108275862
608.3760539907562,33573.09530172413
608.7243931623551,33936.88101724138
609.0726841997404,33957.239405172426
609.4209270932297,34211.72257758621
609.7691218331404,34208.06697413793
610.11726840979,34637.946
610.4653668134961,34512.199887931034
610.813417034576,34627.19187931037
611.1614190633476,34972.30743103449
611.5093728901279,34826.92740517241
611.857278505235,35222.31747413793
612.2051358989859,35285.02768965517
612.5529450616983,35371.731956896554
612.9007059836897,35442.9564051724
613.2484186552775,35585.0929137931
613.5960830667797,35573.59437931034
613.943699208513,35785.18070689656
614.2912670707955,35947.00430172414
614.6387866439445,36048.75636206896
614.9862579182775,36112.08470689654
615.333680884112,35941.89975
615.6810555317657,36286.071491379305
616.0283818515558,36344.91341379309
616.3756598338,36060.168491379314
616.7228894688157,36551.54806034482
617.0700707469207,36685.914749999996
617.4172036584321,36412.98739655173
617.7642881936675,36612.5301724138
618.1113243429445,36789.62754310344
618.4583120965808,36663.76843965516
618.8052514448935,36542.00361206898
619.1521423782003,36877.74087931035
619.4989848868188,36539.24529310345
619.8457789610666,37164.433241379316
620.1925245912607,36809.70677586206
620.5392217677189,36644.48679310344
620.885870480759,36377.98665517241
621.2324707206981,36958.53636206897
621.5790224778539,36433.97720689654
621.9255257425439,36702.684
622.2719805050855,36708.63931034483
622.6183867557961,36644.387094827594
622.9647444849935,36733.36448275861
623.3110536829952,36430.567525862076
623.6573143401184,36399.94686206896
624.0035264466808,36548.84956034483
624.349689993,36466.71147413794
624.6958049693934,36262.18378448277
625.0418713661784,35988.412318965515
625.3878891736726,36048.517086206884
625.7338583821937,35833.99962931034
626.0797789820589,35868.19613793102
626.4256509635858,35791.335413793095
626.7714743170919,36159.67401724138
627.117249032895,35685.11687068967
627.462975101312,35545.373120689655
627.808652512661,35582.753327586215
628.1542812572592,35282.58840517243
628.499861325424,35117.40830172414
628.8453927074733,35375.44073275863
629.1908753937244,35149.36492241379
629.5363093744947,35083.84986206897
629.8816946401017,34777.70304310345
630.227031180863,34885.928844827584
630.5723189870963,34673.31230172414
630.9175580491187,34683.182431034475
631.2627483572479,34501.645163793095
631.6078899018016,34543.4985
631.9529826730972,34341.662663793104
632.2980266614518,34158.6631551724
632.6430218571834,34265.94514655173
632.9879682506095,34097.029681034495
633.3328658320472,34088.57526724139
633.6777145918143,33953.90283620691
634.0225145202284,33746.2579137931
634.3672656076068,33552.88978448276
634.7119678442671,33751.45551724138
635.0566212205266,33728.49832758621
635.4012257267033,33236.61362068965
635.7457813531141,33237.79670689655
636.0902880900769,33144.89785344827
636.4347459279091,32971.841586206894
636.7791548569284,33000.80061206897
637.1235148674518,33032.04605172413
637.4678259497972,32780.959267241386
637.8120880942822,32653.2524224138
638.1563012912239,32667.137068965505
638.5004655309402,32547.27315517241
638.8445808037485,32696.654405172412
639.1886470999663,32303.47099137932
639.5326644099108,32106.646655172408
639.8766327238999,31944.65689655171
640.2205520322509,32048.721956896552
640.5644223252815,32174.966560344837
640.9082435933088,31786.3759137931
641.252015826651,32017.54962931034
641.5957390156251,31925.5945862069
641.9394131505485,31678.130172413803
642.283038221739,31620.82360344828
642.6266142195141,31678.409327586214
642.9701411341911,31390.248077586217
643.3136189560876,31711.509155172414
643.6570476755212,31656.41588793104
644.0004272828095,31489.926413793102
644.3437577682696,31301.636249999996
644.6870391222192,31621.381913793095
645.030271334976,31396.249913793108
645.3734543968574,31337.122189655165
645.7165882981807,31512.684206896552
646.0596730292636,31259.862672413798
646.4027085804239,31632.90038793103
646.7456949419784,31096.29768103448
647.0886321042451,31161.081620689652
647.4315200575415,31164.265318965518
647.7743587921849,31431.74914655172
648.1171482984928,31006.509413793105
648.459888566783,31134.236198275874
648.8025795873729,30904.245568965525
649.1452213505797,31021.723370689648
649.4878138467211,31270.88930172414
649.8303570661149,31053.367603448274
650.172850999078,30969.56123275862
650.5152956359285,30913.304818965524
650.8576909669837,31025.345741379315
651.2000369825611,31001.45138793104
651.542333672978,30784.740568965513
651.8845810285519,31126.745534482758
652.2267790396008,31446.291801724146
652.5689276964417,30870.554198275866
652.9110269893924,31132.67425862069
653.2530769087704,31155.15954310346
653.5950774448929,31030.04485344827
653.9370285880777,31217.75012068966
654.2789303286421,31030.563284482752
654.6207826569039,31438.76790517241
654.9625855631804,31198.455181034486
655.3043390377888,31480.33543965518
655.6460430710474,31218.414775862067
655.9876976532731,31385.32298275862
656.3293027747835,31311.406681034478
656.6708584258962,31099.68077586207
657.0123645969287,31112.342456896553
657.3538212781983,31335.520370689665
657.6952284600228,31040.400181034485
658.0365861327195,31538.891560344822
658.3778942866063,31379.29456034483
658.719152912,31268.77569827586
659.0603619992186,31614.243517241383
659.4015215385796,31654.282344827592
659.7426315204004,31316.37165517242
660.0836919349985,31955.557241379305
660.4247027726914,31568.309198275867
660.7656640237967,31746.270620689655
661.1065756786317,31779.204284482756
661.4474377275141,32039.941862068972
661.7882501607614,31903.893594827583
662.1290129686911,32036.226439655184
662.4697261416204,31962.436422413793
662.8103896698674,32081.64897413793
663.1510035437491,32141.893318965525
663.4915677535832,32388.22117241379
663.8320822896872,32410.580172413793
664.1725471423786,32458.78096551723
664.5129623019748,32491.92067241379
664.8533277587933,32477.610646551722
665.193643503152,32419.63942241378
665.5339095253681,32694.63385344827
665.8741258157589,32548.788568965516
666.2142923646422,32444.125318965514
666.5544091623356,32746.23768103448
666.8944761991562,32697.62480172414
667.2344934654218,32686.63805172414
667.57446095145,32866.77954310345
667.9143786475581,32821.68268965517
668.2542465440636,33038.26057758621
668.594064631284,33061.07154310345
668.9338328995372,33004.409689655186
669.27355133914,33022.04963793104
669.6132199404104,33156.908172413794
669.9528386936657,33136.35703448275
670.2924075892238,33148.66644827586
670.6319266174016,33187.27626724138
670.971395768517,33264.64212931035
671.3108150328875,33355.26786206897
671.6501844008304,33367.949482758624
671.9895038626635,33442.530439655166
672.328773408704,33467.029629310346
672.6679930292696,33277.416801724146
673.0071627146776,33499.65755172414
673.3462824552458,33501.20619827585
673.6853522412916,33563.99617241379
674.0243720631324,33446.23256896551
674.3633419110857,33571.96538793104
674.7022617754692,33446.618068965516
675.0411316466003,33460.1039224138
675.3799515147962,33353.4334137931
675.718721370375,33916.1504224138
676.0574412036539,33535.27642241379
676.3961110049503,33707.46863793104
676.7347307645817,33994.187586206885
677.0733004728659,33561.304318965515
677.4118201201202,33619.80726724138
677.750289696662,33317.14988793103
678.088709192809,33627.45080172414
678.4270785988788,33779.929344827586
678.7653979051886,33450.55947413793
679.103667102056,33426.439137931025
679.4418861797986,33048.70231034484
679.780055128734,33473.476784482766
680.1181739391793,33616.11178448276
680.4562426014525,33540.201517241374
680.794261105871,33358.95669827586
681.132229442752,33116.67659482759
681.470147602413,33467.667698275865
681.808015575172,32979.06638793104
682.1458333513463,32941.925456896555
682.4836009212529,33005.18068965518
682.82131827521,32847.345025862065
683.158985403535,32452.706017241384
683.4966022965449,32718.20252586207
683.8341689445576,32763.884275862063
684.1716853378906,32543.20546551723
684.5091514668615,32618.42449137931
684.8465673217872,32311.274043103444
685.1839328929861,32722.908284482757
685.5212481707752,32243.239939655166
685.858513145472,32534.830810344825
686.1957278073941,31908.89844827586
686.532892146859,31659.5464137931
686.8700061541842,31896.648853448278
687.207069819687,31570.80165517242
687.5440831336854,31522.10237068966
687.8810460864966,31630.394637931044
688.2179586684379,31334.224293103438
688.554820869827,31262.727336206888
688.8916326809817,30737.011681034488
689.228394092219,31303.82961206896
689.5651050938567,31001.810301724137
689.9017656762122,30895.31260344827
690.2383758296032,30711.0768362069
690.574935544347,30517.004172413792
690.911444810761,30417.20619827586
691.2479036191631,30301.582784482758
691.5843119598705,30320.020318965515
691.9206698232007,29975.735586206894
692.2569771994715,30163.002181034477
692.593234079,29883.561206896553
692.9294404521039,29667.501749999996
693.2655963091007,29674.507215517246
693.6017016403081,29374.8806637931
693.9377564360432,29249.99860344827
694.2737606866239,28849.95594827586
694.6097143823674,28934.227577586204
694.9456175135914,28776.066232758625
695.2814700706133,28994.19276724138
695.6172720437506,28869.197715517246
695.953023423321,28499.184181034478
696.2887241996418,28368.61931896552
696.6243743630305,28192.811379310348
696.9599739038048,28014.218534482752
697.295522812282,27975.834698275856
697.6310210787797,27909.8676724138
697.9664686936152,27780.013991379306
698.3018656471065,27576.02467241379
698.6372119295706,27380.01786206896
698.9725075313253,27371.111482758624
699.3077524426881,27420.787810344827
699.6429466539763,27309.96320689655
699.9780901555074,26989.280379310345
700.3131829375992,27112.40110344828
700.648224990569,26821.534706896553
700.9832163047344,26723.1657413793
701.3181568704127,26619.911560344823
701.6530466779217,26299.168913793106
701.9878857175788,26482.680206896548
702.3226739797014,26122.350698275855
702.657411454607,26209.69303448275
702.9920981326133,25986.31572413794
703.3267340040376,26203.352224137932
703.6613190591974,25771.73180172414
703.9958532884106,25721.151543103442
704.3303366819943,25654.26064655173
704.664769230266,25652.971215517246
704.9991509235432,25635.39108620689
705.3334817521437,25321.999525862077
705.6677617063847,25149.248999999996
706.001990776584,25094.926732758606
706.3361689530589,25090.812517241386
706.670296226127,24940.72673275863
707.0043725861057,24930.550862068972
707.3383980233124,24870.43280172413
707.6723725280649,24799.18176724138
708.0062960906805,24669.567362068963
708.3401687014768,24647.407758620688
708.6739903507713,24530.52814655173
709.0077610288816,24292.209387931038
709.341480726125,24324.106189655166
709.675149432819,24483.76300862069
710.0087671392814,24361.22053448275
710.3423338358294,24175.436120689657
710.6758495127806,24193.361870689656
711.0093141604527,23629.661172413795
711.3427277691629,23852.878965517244
711.6760903292287,24025.835534482758
712.0094018309679,23726.15581034483
712.3426622646979,23730.88150862069
712.675871620736,23674.92418965517
713.0090298893998,23791.165732758618
713.3421370610071,23768.25506896552
713.6751931258752,23238.00646551724
714.0081980743214,22993.891913793104
714.3411518966633,23568.233741379307
714.6740545832188,23883.33346551725
715.0069061243048,23221.85534482759
715.3397065102391,23031.45157758621
715.6724557313395,23241.90134482758
716.005153777923,23322.125224137926
716.3378006403074,23197.183344827587
716.6703963088099,23158.620051724138
717.0029407737486,23289.025396551726
717.3354340254403,23315.212810344823
717.6678760542031,22955.089344827575
718.0002668503543,23038.350698275863
718.3326064042111,22629.08927586207
718.6648947060913,22832.20789655172
718.9971317463124,22869.541577586206
719.3293175151921,22808.75221551724
719.6614520030474,22649.560655172416
719.9935352001961,22407.19414655173
720.3255670969559,22709.40620689655
720.657547683644,22585.521129310346
720.9894769505778,23145.68586206896
721.3213548880752,22841.420017241373
721.6531814864536,22443.75682758621
721.9849567360303,22704.029146551726
722.3166806271229,22750.162862068963
722.6483531500489,22542.099206896553
722.9799742951261,22459.84812931034
723.3115440526715,22236.291362068972
723.6430624130029,22294.056543103452
723.9745293664379,22222.067741379316
724.3059449032936,22500.571551724137
724.6373090138878,22389.979577586208
724.9686216885382,22605.34114655172
725.2998829175622,22164.475370689655
725.6310926912768,22401.079318965523
725.962251,22577.990586206903
726.2933578340493,22644.62226724138
726.624413183742,22362.030827586215
726.9554170393957,22291.21846551724
727.2863693913281,22502.459172413797
727.6172702298564,22449.220293103448
727.9481195452983,22542.770508620695
728.278917327971,22350.160086206903
728.6096635681926,22385.07442241379
728.94035825628,21937.475689655177
729.2710013825509,22122.190008620688
729.6015929373231,22358.49486206897
729.9321329109138,21946.40865517241
730.2626212936404,22065.614560344828
730.5930580758207,22456.770775862067
730.9234432477722,21962.579715517244
731.253776799812,22657.436818965514
731.5840587222582,22258.131931034484
731.9142890054278,22218.92392241379
732.2444676396386,22165.744862068965
732.574594615208,22145.672275862064
732.9046699224534,22090.798344827588
733.2346935516928,22394.844853448285
733.564665493243,22134.22691379311
733.8945857374217,22164.3225
734.2244542745469,22415.801431034477
734.5542710949358,21922.707051724134
734.8840361889054,22353.36372413793
735.2137495467739,22126.337456896552
735.5434111588587,22080.19709482759
735.873021015477,22302.238448275857
736.2025791069465,22482.313474137936
736.5320854235848,22227.856887931037
736.8615399557093,22265.689060344826
737.1909426936373,22457.3556724138
737.5202936276866,22452.025137931036
737.8495927481747,22271.3253362069
738.178840045419,22155.156905172407
738.5080355097368,22450.935103448282
738.8371791314461,22450.104284482757
739.166270900864,22563.12889655172
739.4953108083082,22311.058422413793
739.8242988440961,22411.76032758621
740.1532349985453,22472.224008620688
740.4821192619731,22377.929379310346
740.8109516246973,22427.386370689663
741.1397320770353,22314.800431034484
741.4684606093047,22329.814991379317
741.7971372118227,22268.77970689654
742.1257618749069,22299.094629310348
742.4543345888751,22301.287991379315
742.7828553440444,22481.967853448274
743.1113241307326,22332.18781034483
743.4397409392571,22556.562103448276
743.7681057599356,22415.13677586207
744.0964185830851,22462.466870689652
744.4246793990236,22526.925129310348
744.7528881980685,22310.207663793102
745.081044970537,22642.355793103452
745.4091497067471,22310.506758620686
745.737202397016,22497.560663793105
746.0652030316613,22462.387112068962
746.3931516010002,22330.067560344833
746.7210480953507,22455.50128448276
747.0488925050303,22436.917525862074
747.3766848203559,22406.436439655165
747.7044250316454,22400.228560344836
748.0321131292166,22395.795310344827
748.3597491033865,22431.287896551727
748.6873329444727,22357.232017241382
749.014864642793,22360.814508620693
749.3423441886647,22344.244655172406
749.6697715724052,22332.812586206906
749.9971467843322,22319.100749999998
750.3244698147632,22264.419568965517
750.6517406540157,22415.189948275864
750.9789592924069,22191.38061206897
751.3061257202547,22217.654431034487
751.6332399278766,22433.906637931028
751.9603019055899,22241.050293103453
752.287311643712,22278.64318965518
752.6142691325607,22228.149336206898
752.9411743624535,22238.378379310343
753.2680273237074,22217.41515517242
753.5948280066407,22111.103560344825
753.9215764015704,21964.34105172414
754.248272498814,22106.81653448276
754.5749162886892,22059.592784482767
754.9015077615135,21969.438956896556
755.2280469076043,21922.361431034486
755.554533717279,21899.69668965517
755.8809681808553,22004.798612068964
756.2073502886508,21911.168637931034
756.5336800309826,21818.243198275868
756.8599573981685,21740.21932758621
757.1861823805261,21866.503810344828
757.5123549683728,21701.489870689653
757.8384751520258,21775.246655172414
758.1645429218031,21657.44981896551
758.4905582680221,21643.385715517237
758.816521181,21517.772534482756
759.1424316510545,21504.545896551725
759.4682896685033,21496.430456896553
759.7940952236635,21336.082396551727
760.1198483068528,21338.116241379306
760.4455489083888,21337.07937931034
760.7711970185891,21132.159543103448
761.0967926277708,21215.400956896545
761.4223357262517,21140.83993965517
761.7478263043492,21018.815896551718
762.073264352381,20863.572387931035
762.3986498606644,21005.74877586207
762.7239828195169,20758.38406034483
763.0492632192563,21012.056353448275
763.3744910501996,20730.674586206896
763.6996663026646,20663.165560344827
764.0247889669689,20540.982
764.3498590334299,20416.684836206903
764.674876492365,20459.04331034483
764.9998413340919,20260.922896551725
765.324753548928,20281.985818965517
765.6496131271908,20242.25937931034
765.9744200591978,20001.913422413803
766.2991743352666,19918.153577586207
766.6238759457146,20065.06231034483
766.9485248808593,19660.460120689655
767.2731211310183,19967.092137931035
767.5976646865092,19763.986810344828
767.9221555376491,19609.241793103454
768.2465936747559,19448.714275862065
768.5709790881469,19348.65708620689
768.8953117681399,19232.289258620684
769.2195917050519,19182.353715517245
769.5438188892008,19144.614594827584
769.8679933109041,18896.944137931034
770.1921149604792,18787.58177586207
770.5161838282434,18836.746318965514
770.8401999045146,18745.489163793103
771.16416317961,18456.271112068964
771.4880736438472,18441.71516379311
771.811931287544,18443.52302586206
772.1357361010175,18151.719465517235
772.4594880745854,18176.178775862067
772.7831871985649,18152.915844827585
773.106833463274,18077.058750000004
773.4304268590299,17858.16121551724
773.7539673761501,17807.787000000004
774.0774550049523,17761.679870689655
774.4008897357538,17814.347146551725
774.7242715588721,17484.44555172414
775.047600464625,17388.888077586205
775.3708764433297,17417.940155172415
775.6940994853038,17160.618905172414
776.0172695808648,17076.46026724138
776.3403867203302,17204.506086206893
776.6634508940177,16898.439025862066
776.9864620922444,16832.538465517242
777.3094203053281,16823.193413793102
777.6323255235864,16685.011603448278
777.9551777373364,16477.50625862069
778.2779769368959,16373.27503448276
778.6007231125826,16316.074810344826
778.9234162547136,16154.856051724135
779.2460563536066,16020.037396551723
779.568643399579,16049.149293103446
779.8911773829484,15994.620982758619
780.2136582940323,15710.766698275856
780.5360861231482,15730.932336206894
780.8584608606136,15579.756517241383
781.1807824967461,15499.791853448276
781.503051021863,15436.350517241379
781.8252664262819,15297.185017241378
782.1474287003205,15228.233689655168
782.4695378342959,15138.86415517242
782.7915938185259,15158.664232758625
783.1135966433282,15051.455353448275
783.4355462990198,14906.939379310345
783.7574427759185,14930.96001724138
784.0792860643418,14866.601456896551
784.4010761546072,14747.594948275862
784.722813037032,14701.66727586207
785.0444967019339,14620.632517241378
785.3661271396305,14564.735017241379
785.6877043404394,14594.943594827586
786.0092282946775,14416.616612068963
786.3306989926629,14465.475413793107
786.6521164247129,14488.000577586206
786.9734805811449,14397.069103448275
787.2947914522766,14343.577655172414
787.6160490284254,14400.119870689661
787.9372532999091,14442.425172413792
788.2584042570446,14288.28499137931
788.5795018901498,14218.908284482755
788.9005461895424,14298.700137931033
789.2215371455394,14359.363215517244
789.5424747484585,14287.035439655174
789.8633589886175,14461.926155172414
790.1841898563337,14462.969663793108
790.5049673419245,14395.739793103447
790.8256914357073,14418.942905172416
791.146362128,14334.943784482757
791.4669794091199,14459.466931034482
791.7875432693843,14525.487129310344
792.1080536991111,14558.620189655174
792.4285106886177,14514.227870689656
792.7489142282213,14499.871318965515
793.0692643082398,14487.183051724138
793.3895609189905,14594.87048275862
793.7098040507909,14643.363724137924
794.0299936939585,14569.866155172414
794.350129838811,14636.158862068969
794.6702124756658,14645.86282758621
794.9902415948401,14612.909224137928
795.3102171866518,14606.468715517245
795.6301392414183,14471.723172413793
795.9500077494572,14764.271146551722
796.2698227010857,14681.24906896552
796.5895840866215,14709.324103448274
796.9092918963823,14633.147974137928
797.2289461206852,14765.912844827591
797.5485467498479,14646.932922413791
797.8680937741881,14574.159827586205
798.187587184023,14523.74573275862
798.5070269696703,14787.321387931031
798.8264131214474,14742.304293103442
799.145745629672,14839.011620689653
799.4650244846613,14743.613663793105
799.7842496767328,14678.490749999994
800.1034211962044,14817.19099137931
800.4225390333933,14798.839862068968
800.741603178617,14870.137422413793
801.0606136221932,14598.020948275866
801.3795703544392,14603.484413793101
801.6984733656726,14800.587905172411
802.0173226462109,14531.81464655172
802.3361181863717,14875.48125
802.6548599764723,14847.904706896548
802.9735480068302,14615.474793103444
803.2921822677633,14372.217646551722
803.6107627495887,14640.884560344826
803.929289442624,14523.16748275862
804.2477623371868,14477.053706896551
804.5661814235946,14425.72903448276
804.8845466921647,14454.089870689653
805.2028581332147,14457.59925
805.5211157370624,14551.036474137936
805.8393194940251,14288.351456896555
806.15746939442,14338.712379310346
806.475565428565,14345.325698275861
806.7936075867775,14281.419103448276
807.111595859375,14162.53223275862
807.429530236675,14125.544172413789
807.7474107089951,14209.855681034478
808.0652372666526,14155.214379310346
808.383009899965,14052.485275862067
808.70072859925,14045.998241379306
809.0183933548252,14035.835663793105
809.3360041570078,14138.278965517238
809.6535609961155,13877.116008620686
809.9710638624657,13671.458405172414
810.2885127463761,13887.351698275863
810.6059076381638,13622.852172413795
810.9232485281467,13629.744646551726
811.2405354066423,13685.569034482758
811.5577682639678,13308.82254310345
811.8749470904407,13202.730284482757
812.1920718763791,13330.68305172414
812.5091426121,13430.554137931033
812.8261592879209,13443.156
813.1431218941593,13420.497905172411
813.4600304211331,13350.396724137934
813.7768848591593,13260.734741379307
814.0936851985556,13408.261603448282
814.4104314296397,12960.064681034482
814.7271235427289,12916.815568965516
815.0437615281405,13028.537456896554
815.3603453761925,13134.08469827586
815.6768750772022,13119.070137931034
815.9933506214869,12864.739836206898
816.3097719993643,12821.869577586205
816.626139201152,12797.802413793104
816.9424522171673,12800.288224137934
817.2587110377277,12822.5275862069
817.5749156531509,12990.014043103452
817.8910660537543,12814.046586206901
818.2071622298554,12693.777232758619
818.5232041717716,12679.221284482759
818.8391918698208,12672.043008620685
819.15512531432,12525.985034482757
819.4710044955867,12532.12644827586
819.786829403939,12389.817129310344
820.1026000296939,12496.81996551724
820.4183163631691,12381.256370689653
820.733978394682,12238.09629310345
821.0495861145503,12182.438068965519
821.3651395130912,12282.648129310348
821.6806385806223,12241.419568965515
821.9960833074613,12000.747931034482
822.3114736839257,12119.236008620688
822.6268097003326,12133.452982758623
822.942091347,11901.913706896547
823.2573186142452,11976.787112068969
823.5724914923858,11975.291637931035
823.8876099717388,11984.437293103449
824.2026740426224,12038.493698275863
824.5176836953539,11805.306077586209
824.8326389202506,11855.361258620691
825.1475397076301,11767.93251724138
825.4623860478102,11753.688956896556
825.777177931108,11544.794482758622
826.0919153478409,11773.030422413793
826.406598288327,11654.435999999998
826.7212267428835,11792.823853448279
827.0358007018276,11686.15999137931
827.3503201554771,11594.377758620687
827.6647850941497,11715.30512068965
827.9791955081625,11619.176043103447
828.2935513878332,11611.120422413795
828.6078527234795,11401.26884482758
828.9220995054185,11420.264689655172
829.236291723968,11608.714370689657
829.5504293694454,11407.922043103448
829.8645124321683,11430.553551724133
830.178540902454,11403.654956896551
830.4925147706201,11290.769922413794
830.8064340269843,11409.158301724137
831.120298661864,11262.741413793103
831.4341086655764,11325.09936206897
831.7478640284395,11232.552775862068
832.0615647407706,11287.287129310345
832.3752107928871,11191.769534482759
832.6888021751064,11066.914060344827
833.0023388777464,11179.593051724138
833.3158208911243,11050.982275862072
833.6292482055577,11101.03081034483
833.9426208113641,11180.07825
834.2559386988611,11224.67661206896
834.569201858366,10915.758181034482
834.8824102801964,11048.842086206898
835.19556395467,10963.214560344828
835.5086628721041,11034.718163793106
835.821707022816,10894.38951724138
836.1346963971237,10831.96510344828
836.4476309853444,10910.932784482757
836.7605107777956,10814.83029310345
837.0733357647947,10811.520310344826
837.3861059366598,10794.338974137929
837.6988212837077,10847.365163793103
838.0114817962561,10854.051594827586
838.3240874646227,10621.455517241378
838.6366382791251,10676.223103448277
838.9491342300803,10702.902362068962
839.2615753078062,10719.73807758621
839.5739615026203,10771.268793103445
839.88629280484,10701.35371551724
840.1985692047826,10688.293241379308
840.510790692766,10649.729948275864
840.8229572591076,10577.867431034487
841.1350688941246,10521.670836206897
841.4471255881351,10585.005827586207
841.7591273314559,10588.262637931035
842.0710741144052,10528.450318965519
842.3829659272999,10553.441353448277
842.6948027604578,10377.719818965517
843.0065846041965,10441.61976724138
843.3183114488334,10437.01370689655
843.6299832846859,10430.014887931035
843.9416001020717,10405.987603448275
844.253161891308,10376.563318965516
844.5646686427127,10304.999896551722
844.876120346603,10394.867922413794
845.1875169932966,10296.930982758624
845.4988585731109,10355.194655172412
845.8101450763634,10268.45050862069
846.1213764933716,10240.12955172414
846.4325528144531,10222.928275862072
846.7436740299254,10245.67277586207
847.0547401301059,10282.55449137931
847.3657511053123,10150.19506034483
847.6767069458617,10218.973577586208
847.987607642072,10137.553318965516
848.2984531842606,10145.582353448275
848.6092435627448,10181.320862068966
848.9199787678427,10145.143681034482
849.2306587898711,10115.061387931035
849.5412836191479,10078.55187931034
849.8518532459905,10081.728931034484
850.1623676607164,9988.41799137931
850.4728268536431,9961.958068965518
850.783230815088,9951.70243965517
851.093579535369,9926.970620689654
851.4038730048032,9934.899956896552
851.7141112137083,9891.012775862067
852.0242941524017,9913.896853448272
852.3344218112011,9844.14129310345
852.6444941804235,9830.23670689655
852.9545112503871,9749.859956896551
853.264473011409,9757.988689655174
853.5743794538067,9753.329456896554
853.8842305678979,9760.693836206896
854.194026344,9651.444465517243
854.5037667724305,9690.26697413793
854.8134518435068,9714.2145
855.1230815475466,9640.909681034484
855.4326558748674,9625.815362068966
855.7421748157863,9579.389198275865
856.0516383606214,9563.64351724138
856.3610464996898,9516.040913793104
856.6703992233095,9496.872258620688
856.9796965217972,9447.913758620689
857.2889383854709,9459.119844827585
857.5981248046484,9455.537353448279
857.9072557696466,9384.631939655173
858.2163312707833,9372.275999999998
858.5253512983759,9345.570155172416
858.8343158427422,9272.577724137931
859.1432248941993,9276.565655172411
859.4520784430649,9263.285844827584
859.7608764796566,9228.192051724138
860.0696189942919,9169.390008620689
860.378305977288,9147.689017241379
860.6869374189627,9183.115137931032
860.9955133096336,9084.108103448276
861.3040336396177,9096.683379310343
861.612498399233,9062.247594827586
861.9209075787969,9052.517043103451
862.2292611686267,8984.735508620694
862.5375591590403,8940.602405172414
862.8458015403547,8982.528853448275
863.1539883028879,8858.078818965518
863.462119436957,8874.356224137931
863.7701949328797,8731.41548275862
864.0782147809736,8728.338129310348
864.386178971556,8662.896181034486
864.6940874949445,8657.226672413793
865.0019403414566,8673.224922413794
865.3097375014099,8668.206775862069
865.6174789651217,8577.63421551724
865.9251647229097,8592.110405172412
866.2327947650913,8454.09475862069
866.5403690819841,8426.863836206896
866.8478876639055,8451.648827586207
867.1553505011728,8351.784387931037
867.4627575841041,8302.553379310342
867.7701089030164,8326.932931034486
868.0774044482273,8236.599646551724
868.3846442100546,8190.831491379307
868.6918281788154,8181.579491379312
868.9989563448274,8108.587060344826
869.3060286984081,8089.086077586207
869.6130452298751,8046.488327586207
869.9200059295456,7985.778724137928
870.2269107877374,7928.937413793103
870.5337597947679,7790.4631551724115
870.8405529409546,7862.824163793103
871.1472902166151,7705.673094827585
871.4539716120669,7676.235517241379
871.7605971176272,7631.05225862069
872.0671667236139,7541.902060344828
872.3736804203443,7455.649758620689
872.6801381981361,7469.02926724138
872.9865400473064,7401.593353448275
873.2928859581732,7401.812689655173
873.5991759210535,7453.396577586209
873.9054099262653,7370.680241379308
874.2115879641259,7337.7798103448295
874.5177100249526,7278.306465517243
874.8237760990634,7316.457672413791
875.1297861767753,7307.225612068965
875.435740248406,7330.541715517242
875.741638304273,7245.891232758618
876.0474803346939,7343.868051724139
876.353266329986,7220.727387931036
876.658996280467,7260.586758620688
876.9646701764544,7270.67622413793
877.2702880082657,7192.313379310345
877.5758497662182,7233.030155172417
877.8813554406296,7180.236594827586
878.1868050218173,7219.51771551724
878.4921985000991,7246.482775862067
878.7975358657919,7301.250362068966
879.1028171092139,7165.753758620691
879.4080422206821,7139.479939655168
879.7132111905144,7140.563327586204
880.018324009028,7200.402232758621
880.3233806665403,7181.911525862067
880.6283811533692,7223.352775862069
880.933325459832,7173.457112068967
881.2382135762464,7211.794422413794
881.5430454929294,7276.212801724138
881.847821200199,7186.15202586207
882.1525406883726,7202.269913793105
882.4572039477674,7221.405336206896
882.7618109687014,7251.135362068966
883.0663617414918,7171.735655172412
883.3708562564561,7218.773301724139
883.6752945039119,7258.5462672413805
883.9796764741768,7235.482732758623
884.284002157568,7292.403801724138
884.5882715444033,7320.777931034483
884.8924846250001,7224.662146551724
885.1966413896757,7250.543818965516
885.500741828748,7357.207681034482
885.8047859325343,7274.026086206897
886.1087736913521,7237.629568965519
886.4127050955188,7273.102215517241
886.7165801353522,7263.21879310345
887.0203988011696,7233.648284482759
887.3241610832885,7268.270172413791
887.6278669720265,7237.676094827586
887.931516457701,7257.283422413793
888.2351095306296,7274.557810344828
888.5386461811297,7245.007241379308
888.8421263995189,7277.083500000004
889.1455501761147,7217.876017241379
889.4489175012345,7287.943965517241
889.7522283651961,7251.387931034484
890.0554827583167,7251.600620689656
890.3586806709139,7241.816896551723
890.6618220933051,7210.777500000002
890.964907015808,7209.328551724138
891.26793542874,7170.226887931032
891.5709073224186,7128.6925862068965
891.8738226871615,7131.876284482758
892.1766815132858,7127.655724137932
892.4794837911094,7174.261344827588
892.7822295109495,7130.872655172414
893.084918663124,7055.042146551723
893.38755123795,7055.826439655171
893.6901272257452,7013.394853448276
893.9926466168271,6979.118586206898
894.295109401513,6987.300491379312
894.5975155701208,6932.6591896551745
894.8998651129676,6943.838689655172
895.2021580203713,6872.075870689656
895.5043942826492,6840.55127586207
895.8065738901186,6809.192844827585
896.1086968330975,6789.691862068967
896.410763101903,6723.7713620689665
896.7127726868525,6737.44996551724
897.014725578264,6652.912474137929
897.3166217664545,6602.810767241381
897.618461241742,6615.6984310344815
897.9202439944438,6562.83175862069
898.2219700148772,6511.387448275864
898.5236392933599,6542.041344827587
898.8252518202094,6439.538224137931
899.1268075857431,6443.911655172415
899.4283065802786,6392.633508620687
899.7297487941335,6366.2865775862065
900.031134217625,6298.126189655171
900.3324628410709,6223.944025862069
900.6337346547887,6255.973758620689
900.9349496490956,6207.979008620689
901.2361078143095,6146.837379310344
901.5372091407476,6129.5496982758605
901.8382536187277,6065.137965517242
902.1392412385669,6071.585120689657
902.4401719905832,5980.148508620691
902.7410458650936,5959.5309051724125
903.0418628524161,5893.876267241381
903.3426229428677,5822.146681034483
903.6433261267663,5846.938318965518
903.9439723944292,5748.3566637931035
904.2445617361741,5715.509405172414
904.5450941423185,5665.387758620689
904.8455696031795,5657.212500000001
905.145988109075,5662.596206896553
905.4463496503224,5548.248931034483
905.7466542172392,5500.327293103448
906.046901800143,5497.88800862069
906.3470923893511,5415.583758620691
906.6472259751812,5329.132060344828
906.9473025479507,5349.743017241381
907.2473220979772,5299.893879310346
907.5472846155781,5225.066999999999
907.847190091071,5277.295603448276
908.1470385147733,5214.924362068967
908.4468298770025,5170.372525862069
908.7465641680764,5093.465275862067
909.0462413783121,5105.48224137931
909.345861498027,4975.721612068966
909.6454245175394,4969.899232758622
909.944930427166,4962.514913793105
910.2443792172248,4867.9943017241385
910.5437708780329,4927.799974137932
910.843105399908,4894.241534482759
911.1423827731678,4813.1801896551715
911.4416029881294,4771.718999999999
911.7407660351107,4736.432456896552
912.039871904429,4704.9344482758615
912.3389205864019,4619.360094827585
912.6379120713467,4571.45175
912.9368463495812,4540.6250431034505
913.2357234114227,4496.026681034483
913.5345432471886,4474.225991379311
913.8333058471968,4452.764275862069
914.1320112017644,4414.320620689656
914.4306593012092,4386.99
914.7292501358485,4364.099275862069
915.027783696,4291.166663793105
915.326259971981,4299.149172413794
915.6246789541092,4257.894025862069
915.9230406327019,4202.461784482759
916.2213449980769,4213.242491379309
916.5195920405514,4112.553879310344
916.817781750443,4154.307517241381
917.1159141180693,4074.5688362068977
917.4139891337477,4060.6775431034494
917.7120067877958,4020.5589568965515
918.0099670705309,4006.860413793105
918.3078699722709,3992.344344827587
918.6057154833329,3913.024396551724
918.9035035940346,3919.8836379310346
919.2012342946937,3888.099827586206
919.4989075756272,3885.9729310344837
919.7965234271528,3777.5344396551727
920.0940818395884,3799.1091465517234
920.391582803251,3815.5194827586192
920.6890263084584,3803.6553879310336
920.986412345528,3725.312482758621
921.2837409047773,3668.936431034483
921.5810119765239,3703.697896551723
921.8782255510852,3681.857327586206
922.1753816187786,3610.9984396551727
922.4724801699219,3592.793534482757
922.7695211948325,3599.1343448275875
923.0665046838276,3581.328232758621
923.3634306272252,3527.564275862068
923.6602990153425,3500.911603448276
923.957109838497,3405.1547327586213
924.2538630870064,3429.8533189655172
924.550558751188,3416.3342327586197
924.8471968213594,3403.53297413793
925.143777287838,3340.350853448277
925.4403001409416,3340.8759310344826
925.7367653709874,3342.8499568965512
926.033172968293,3311.664336206896
926.3295229231761,3258.638146551725
926.6258152259538,3240.665870689656
926.922049866944,3133.928896551725
927.2182268364639,3201.158767241379
927.5143461248313,3238.0006034482753
927.8104077223635,3196.320077586208
928.1064116193779,3097.6187844827587
928.4023578061923,3128.8841637931037
928.6982462731241,3121.446672413794
928.9940770104909,3042.133370689655
929.2898500086097,3053.91770689655
929.5855652577987,2987.9307413793113
929.881222748375,2959.662956896552
930.1768224706561,2964.1294396551725
930.4723644149599,2977.1766206896555
930.7678485716033,2954.4321206896543
931.0632749309043,2946.9281637931035
931.3586434831801,2925.260405172413
931.6539542187485,2859.5525948275877
931.9492071279267,2849.9682672413796
932.2444022010322,2870.346594827586
932.539539428383,2787.6501982758623
932.834618800296,2787.2381120689647
933.1296403070891,2799.720336206896
933.4246039390796,2771.126870689655
933.719509686585,2736.6844396551724
934.0143575399229,2734.8499913793094
934.3091474894109,2697.9815689655175
934.6038795253663,2642.044189655173
934.8985536381067,2663.0007672413813
935.1931698179496,2616.9866896551725
935.4877280552125,2627.116034482758
935.7822283402131,2604.3848275862074
936.0766706632685,2556.6426465517243
936.3710550146964,2531.6981379310346
936.6653813848145,2569.9025172413794
936.9596497639401,2513.220724137932
937.2538601423907,2505.6768879310334
937.5480125104838,2502.2805
937.8421068585369,2510.834612068966
938.1361431768677,2502.4865431034486
938.4301214557936,2460.506922413794
938.724041685632,2416.307353448276
939.0179038567005,2377.8636982758617
939.3117079593167,2403.6257327586213
939.6054539837977,2335.558396551724
939.8991419204615,2343.7137155172422
940.1927717596254,2320.650181034483
940.4863434916068,2297.918974137931
940.7798571067235,2307.523241379311
941.0733125952926,2305.163715517241
941.3667099476321,2267.982905172414
941.660049154059,2274.091086206895
941.9533302048911,2270.3357844827588
942.2465530904459,2243.8825086206894
942.5397178010408,2233.999086206896
942.8328243269934,2215.6413103448276
943.1258726586211,2208.004422413792
943.4188627862416,2159.0326293103453
943.7117947001722,2178.1746982758623
944.0046683907303,2150.9371293103436
944.2974838482338,2126.424646551725
944.5902410629999,2118.076577586206
944.8829400253463,2122.6494051724135
945.1755807255904,2083.9332413793104
945.4681631540498,2093.863189655172
945.7606873010416,2106.0861982758615
946.0531531568838,2039.1088965517247
946.3455607118939,2038.5572327586199
946.637909956389,1993.221103448276
946.9302008806869,2048.174793103449
947.222433475105,2013.147465517242
947.5146077299611,1977.1829741379315
947.8067236355722,1947.1604999999995
948.0987811822561,1966.089879310345
948.3907803603304,1971.25425
948.6827211601122,1913.143448275863
948.9746035719196,1923.6981724137938
949.2664275860697,1881.638793103448
949.5581931928801,1908.5772672413786
949.8499003826682,1889.3554396551724
950.1415491457516,1856.415129310345
950.433139472448,1877.8502586206898
950.7246713530745,1828.0476465517247
951.0161447779491,1808.5067844827581
951.3075597373888,1810.5738620689651
951.5989162217114,1789.5973448275859
951.8902142212344,1802.7442241379317
952.1814537262751,1779.846853448276
952.4726347271514,1757.4745603448268
952.7637572141804,1695.1564913793104
953.0548211776797,1748.9536810344835
953.345826607967,1712.2314827586208
953.6367734953598,1721.8224568965522
953.9276618301752,1684.3425517241376
954.218491602731,1663.9110517241377
954.5092628033449,1668.982370689655
954.7999754223339,1678.8990258620693
955.0906294500162,1673.8808793103453
955.3812248767088,1661.7775086206896
955.6717616927293,1642.9877068965511
955.9622398883953,1634.639637931034
956.252659454024,1605.102362068967
956.5430203799333,1632.5725603448273
956.8333226564404,1589.6557758620688
957.123566273863,1604.045560344827
957.4137512225187,1583.6406465517236
957.7038774927249,1538.6634310344828
957.9939450747991,1542.0531724137936
958.2839539590585,1534.7486120689653
958.573904135821,1520.2325431034485
958.8637955954039,1514.4899224137935
959.1536283281249,1551.9764741379306
959.4434023243015,1523.1969051724136
959.7331175742511,1510.3890000000001
960.0227740682911,1489.3925431034486
960.3123717967391,1481.675896551724
960.6019107499126,1462.3078448275862
960.8913909181291,1470.3568189655175
961.1808122917063,1449.001448275862
961.4701748609615,1423.81101724138
961.7594786162123,1423.0067844827588
962.0487235477761,1435.5288879310356
962.3379096459703,1406.157775862069
962.6270369011127,1405.1142672413798
962.9161053035206,1397.1384051724137
963.2051148435118,1407.0617068965516
963.4940655114033,1383.7057241379314
963.7829572975131,1367.514724137931
964.0717901921586,1351.9883793103447
964.3605641856568,1354.5207155172407
964.6492792683258,1340.3967931034485
964.9379354304829,1345.66750862069
965.2265326624457,1331.4904137931028
965.5150709545317,1322.7568448275865
965.8035502970582,1287.177853448277
966.0919706803429,1296.0377068965522
966.380332094703,1254.343887931034
966.6686345304566,1277.799568965517
966.9568779779205,1276.5766034482767
967.2450624274128,1263.0176379310344
967.5331878692509,1236.4846034482755
967.821254293752,1235.5806724137929
968.1092616912339,1251.897956896552
968.3972100520137,1216.3721379310346
968.6850993664095,1193.913439655172
968.9729296247382,1217.0833189655175
969.2607008173178,1198.8850603448277
969.5484129344657,1178.5864913793112
969.8360659664992,1183.2789568965513
970.123659903736,1203.7237500000003
970.4111947364933,1177.5496293103447
970.698670455089,1168.8559396551723
970.9860870498403,1160.713913793104
971.273444511065,1132.499301724138
971.5607428290805,1117.8702413793112
971.8479819942042,1095.5444741379306
972.1351619967537,1130.4388706896548
972.4222828270463,1096.4018793103444
972.7093444753998,1096.1027844827593
972.9963469321315,1069.995129310344
973.2832901875591,1078.1637413793103
973.570174232,1087.7015431034483
973.8569990557718,1081.79275862069
974.1437646491918,1071.4440775862072
974.4304710025773,1058.9884396551724
974.7171181062464,1055.2198448275853
975.0037059505163,1039.8862499999989
975.2902345257045,1024.984681034483
975.5767038221287,1038.550293103448
975.8631138301062,1022.0535517241374
976.1494645399545,1005.7362672413788
976.4357559419909,990.5754827586209
976.7219880265335,1008.0957931034488
977.0081607838993,972.0050172413794
977.294274204406,988.8473793103449
977.5803282783712,988.3688275862064
977.8663229961121,966.2889827586205
978.1522583479466,966.9469913793096
978.4381343241918,958.6321551724145
978.7239509151655,949.818827586206
979.0097081111849,946.1366379310341
979.2954059025678,936.3795000000002
979.5810442796319,913.2760862068963
979.8666232326942,918.5999741379312
980.1521427520727,928.4102844827582
980.4376028280842,905.3401034482767
980.7230034510469,884.7357931034485
981.0083446112778,879.8239913793104
981.293626299095,897.4174137931036
981.5788485048156,876.3345517241382
981.8640112187571,879.405258620689
982.1491144312372,882.3895603448268
982.4341581325729,873.310370689655
982.7191423130824,858.2359913793107
983.0040669630827,845.5277844827581
983.2889320728916,844.198474137931
983.5737376328267,839.5525344827583
983.8584836332051,829.6558189655177
984.1431700643446,814.0497155172411
984.4277969165624,850.7985000000008
984.7123641801765,804.2061724137927
984.9968718455038,802.1656810344823
985.2813199028625,812.0158706896552
985.5657083425697,790.5608017241375
985.8500371549429,794.1034137931033
986.1343063302998,774.0574137931037
986.4185158589573,773.9909482758621
986.7026657312338,777.0815948275865
986.9867559374461,747.8168275862067
987.2707864679121,727.6378965517245
987.5547573129493,756.5105172413801
987.838668462875,748.6542931034473
988.1225199080069,747.5177327586207
988.4063116386621,751.8845172413794
988.6900436451588,731.7654051724137
988.9737159178138,714.1586896551719
989.257328446945,719.2233620689658
989.5408812228701,712.5435775862063
989.824374235906,689.08125
990.1078074763708,705.5181724137935
990.3911809345815,714.9496293103446
990.6744946008561,692.6570948275858
990.9577484655115,685.0667327586207
991.2409425188658,663.5518448275866
991.5240767512364,666.03100862069
991.8071511529406,685.512051724138
992.090165714296,671.4413017241368
992.3731204256198,668.0980862068961
992.6560152772302,637.7432844827586
992.9388502594439,651.7542155172416
993.2216253625792,620.0036379310347
993.504340576953,634.9849655172411
993.786995892883,634.6061120689651
994.069591300687,611.59575
994.3521267906818,621.1401982758618
994.6346023531856,608.0863706896553
994.9170179785156,599.5654913793105
995.1993736569893,609.0035948275854
995.4816693789244,608.7377327586205
995.7639051346382,584.8699655172418
996.0460809144483,586.1992758620695
996.328196708672,575.2723448275865
996.610252507627,569.9484568965522
996.8922483016308,578.5956206896551
997.174184081001,554.535103448276
997.4560598360551,557.0076206896542
997.7378755571104,552.5145517241378
998.0196312344846,553.8305689655174
998.3013268584948,542.4516724137936
998.582962419459,534.0304913793102
998.8645379076945,539.9326293103447
999.146053313519,519.6539999999995
999.4275086272497,530.713862068965
999.7089038392044,522.5585431034481
999.9902389397004,517.6932672413793
1000.2715139190549,508.8533534482756
1000.5527287675861,486.52093965517247
1000.8338834756111,510.1095517241374
1001.1149780334474,509.9899137931038
1001.3960124314128,505.77600000000007
1001.6769866598245,492.8883362068964
1001.9579007090001,470.3498793103445
1002.2387545692569,509.89686206896545
1002.5195482309128,478.877405172414
1002.8002816842849,486.1354396551724
1003.0809549196912,451.2942155172416
1003.3615679274488,456.5649310344834
1003.6421206978755,470.9281293103445
1003.9226132212885,448.9612758620683
1004.2030454880053,460.72567241379306
1004.4834174883438,442.2083793103443
1004.7637292126209,432.3448965517241
1005.0439806511547,424.3956206896553
1005.3241717942625,453.10872413793095
1005.6043026322618,433.3285862068967
1005.88437315547,414.48561206896557
1006.1643833542047,430.5038017241377
1006.4443332187833,408.5701810344824
1006.7242227395233,395.4432413793104
1007.0040519067426,419.50375862068904
1007.2838207107583,415.4094827586209
1007.5635291418881,396.4402241379312
1007.8431771904494,408.1580948275864
1008.1227648467594,404.9345172413796
1008.4022921011363,372.55916379310315
1008.6817589438969,377.2782155172415
1008.9611653653593,394.6057758620693
1009.2405113558408,364.1446293103447
1009.5197969056588,379.12595689655177
1009.7990220051308,361.8515689655169
1010.0781866445743,351.79533620689676
1010.357290814307,366.96276724137897
1010.6363345046461,357.43825862068957
1010.9153177059095,370.30598275862076
1011.1942404084145,363.18087931034484
1011.4731026024787,362.9615431034483
1011.7519042784193,341.01462931034484
1012.0306454265539,335.0460258620685
1012.3093260372002,330.0810517241382
1012.5879461006755,339.81825000000026
1012.8665056072978,346.4780948275861
1013.145004547384,327.76140517241447
1013.423442911252,336.7741293103445
1013.701820689219,308.51299137931005
1013.9801378716024,304.538353448276
1014.2583944487204,322.5305689655172
1014.5365904108897,321.00186206896524
1014.8147257484286,303.72747413793013
1015.0928004516539,297.3534310344826
1015.3708145108835,293.15281034482746
1015.6487679164347,283.5950689655174
1015.926660658625,291.7105086206907
1016.204492727772,286.6325431034488
1016.4822641141933,276.3503275862065
1016.7599748082064,277.3273706896548
1017.0376248001287,275.91165517241325
1017.3152140802778,256.71641379310313
1017.592742638971,303.26221551724143
1017.8702104665258,290.0754568965524
1018.1476175532599,291.9431379310349
1018.4249638894908,258.1454224137931
1018.7022494655358,265.3901637931035
1018.9794742717129,257.60705172413805
1019.2566382983392,259.7804741379309
1019.5337415357322,254.13755172413812
1019.8107839742094,258.38469827586164
1020.0877656040884,237.5743448275864
1020.3646864156866,248.43481034482807
1020.6415463993217,258.3647586206894
1020.9183455453111,254.33694827586214
1021.1950838439726,241.92783620689647
1021.4717612856232,241.76831896551676
1021.7483778605803,237.77374137931042
1022.0249335591622,237.99972413793103
1022.3014283716853,235.36768965517263
1022.5778622884684,237.19549137931085
1022.8542352998282,223.88244827586186
1023.1305473960822,203.19173275862067
1023.4067985675482,188.163879310345
1023.6829888045435,210.98813793103477
1023.9591180973856,211.1011293103452
1024.2351864363918,220.69874999999956
1024.5111938118805,214.66368103448212
1024.7871402141682,199.44972413793107
1025.063025633573,206.60141379310335
1025.3388500604121,204.70714655172424
1025.6146134850028,200.88537931034466
1025.8903158976632,194.37175862068966
1026.1659572887106,199.50289655172355
1026.4415376484621,216.3452586206895
1026.717056967236,185.1662844827581
1026.9925152353492,173.18255172413797
1027.2679124431193,179.46354310344827
1027.5432485808635,169.32755172413795
1027.8185236389,175.4290862068965
1028.0937376075456,167.0211982758617
1028.3688904771186,189.6659999999997
1028.643982237936,190.98866379310357
1028.9190128803152,162.64776724137892
1029.193982394574,162.4948965517242
1029.4688907710297,191.82612931034464
1029.7437379999997,171.52091379310355
1030.0185240718022,179.9553879310347
1030.293248976754,156.3734224137936
1030.5679127051728,160.34806034482722
1030.842515247376,161.4048620689657
1031.1170565936816,166.35654310344808
1031.3915367344061,167.91848275862048
1031.665955659868,155.87493103448264
1031.9403133603844,151.99334482758627
1032.2146098262729,165.7118275862067
1032.488845047851,146.41688793103413
1032.7630190154362,170.22483620689604
1033.0371317193458,155.07069827586201
1033.3111831498973,141.59813793103422
1033.5851732974086,145.70570689655165
1033.859102152197,160.0157327586212
1034.13296970458,145.18727586206933
1034.4067759448753,141.07306034482735
1034.6805208633998,142.02351724137975
1034.9542044504717,124.23734482758664
1035.227826696408,132.59206034482736
1035.5013875915265,130.98359482758656
1035.7748871261447,121.74488793103365
1036.0483252905797,125.10139655172406
1036.32170207515,130.94371551724134
1036.595017470172,120.07660344827605
1036.8682714659637,126.85608620689686
1037.1414640528424,132.16668103448296
1037.4145952211256,124.75577586206919
1037.6876649611315,122.76181034482806
1037.960673263177,114.69954310344815
1038.2336201175794,122.22343965517257
1038.5065055146567,123.6391551724139
1038.7793294447265,116.18172413793059
1039.0520918981051,114.30075000000011
1039.3247928651115,122.44942241379317
1039.5974323360626,112.39318965517259
1039.8700103012757,110.49227586206962
1040.142526751069,110.70496551724136
1040.414981675759,122.35637068965548
1040.6873750656641,101.97139655172418
1040.9597069111012,102.05780172413779
1041.231977202388,121.23974999999973
1041.5041859298422,115.94244827586226
1041.776333083781,97.22575862068993
1042.0484186545225,108.25903448275858
1042.3204426323834,95.6106465517239
1042.5924050076817,77.91087931034485
