371.46153840273,8.80003448275852
371.8391998916188,4.014517241379281
372.21681955928005,-5.297301724138151
372.59439739603135,-8.434474137931147
372.97193339219024,1.1033275862068876
373.3494275380741,-15.951724137930341
373.72687982400055,-0.7311206896551994
374.104290240287,10.973456896551852
374.481658777251,11.950499999999693
374.85898542521005,24.10039655172386
375.2362701744817,18.55052586206898
375.61351301538343,14.290086206896603
375.9907139382327,8.833267241379417
376.36787293334714,-5.509991379310577
376.7449899910441,5.902137931034758
377.12206510164117,8.048974137930827
377.49909825545586,6.93235344827599
377.8760894428056,13.073767241379073
378.25303865400804,12.847784482757788
378.62994587938056,6.314224137930296
379.0068111092407,-4.047750000000178
379.38363433390595,1.402422413793147
379.76041554369385,-5.151077586207066
380.13715472892187,21.53482758620703
380.51385187990763,18.490706896551956
380.89050698696843,14.542655172414015
381.26712004042196,16.569853448276262
381.64369103058567,9.364991379310368
382.02021994777704,25.04420689655126
382.3967067823135,34.907689655172135
382.77315152451274,24.645413793103444
383.14955416469223,26.16082758620655
383.52591469316934,27.397086206896347
383.90223310026164,31.185620689655252
384.27850937628665,22.066551724138435
384.65474351156195,3.589137931034429
385.0309354964049,30.188637931034236
385.4070853211331,31.87021551724115
385.783192976064,18.284663793103846
386.15925845151514,23.84118103448327
386.5352817378041,17.088284482758127
386.9112628252483,28.799508620690403
387.2872017041652,26.46656896551758
387.6630983648723,32.13607758620719
388.03895279768733,35.731862068965484
388.4147649929276,28.952379310344895
388.79053494091056,21.787396551724214
389.16626263195394,38.111327586206926
389.541948056375,19.806724137930814
389.91759120449143,31.458129310344702
390.2931920666206,26.499801724137797
390.66875063308015,19.726965517241297
391.04426689418744,25.13061206896532
391.41974084026015,23.32275000000027
391.79517246161566,36.98806034482777
392.17056174857146,44.2992672413784
392.54590869144516,37.74576724137887
392.9212132805541,43.1361206896554
393.296475506216,27.762646551723947
393.6716953587482,31.58441379310284
394.04687282846834,38.822508620689405
394.4220079056938,39.626741379310715
394.79710058074215,31.770517241379366
395.1721508439309,35.559051724138044
395.5471586855775,41.540948275861865
395.92212409599955,28.021862068965675
396.29704706551445,26.12759482758588
396.67192758443974,34.482310344827965
397.04676564309307,27.104637931034176
397.4215612317917,41.04245689655181
397.7963143408533,30.255103448275804
398.1710249605953,37.001353448275495
398.54569308133523,30.487732758620723
398.92031869339064,33.79106896551707
399.29490178707897,34.110103448276504
399.6694423527178,44.52524999999946
400.0439403806246,29.05207758620668
400.41839586111684,55.25278448275844
400.792808784512,42.218896551724356
401.1671791411277,32.900431034482835
401.5415069212814,32.00314655172383
401.91579211529057,38.350603448275706
402.2900347134728,25.010974137930816
402.6642347061454,60.78936206896492
403.0383920836261,48.12103448275843
403.41250683623224,41.354844827586476
403.7865789542815,28.28772413793058
404.1606084280912,36.23035344827622
404.53459524797904,37.91857758620722
404.9085394042624,45.33612931034486
405.2824408872587,32.02308620689678
405.65629968728564,49.496870689655225
406.0301157946606,37.44667241379307
406.4038891997011,30.78682758620721
406.7776198927248,49.250948275862356
407.15130786404893,56.01713793103431
407.5249531039912,53.783896551723956
407.8985556028691,56.8346637931038
408.272115351,47.137344827586276
408.64563233870155,56.1633620689654
409.01910655629126,68.48606896551655
409.39253799408647,63.22864655172384
409.7659266424049,63.826836206896814
410.13927249156393,49.244301724137586
410.51257553188105,59.77908620689618
410.8858357536738,52.727094827585915
411.25905314725975,49.82255172413761
411.63222770295624,58.097508620689496
412.00535941108103,65.96037931034448
412.3784482619514,74.00935344827576
412.75149424588494,66.21294827586303
413.1244973531991,77.54531896551725
413.4974575742115,55.06003448275874
413.87037489923966,49.669681034482664
414.2432493186009,59.93860344827567
414.6160808226129,52.381474137931036
414.9888694015931,72.63351724137965
415.3616150458589,79.25348275862052
415.734317745728,88.29943965517214
416.1069774915178,65.4220086206899
416.47959427354584,63.6540258620696
416.8521680821296,61.54042241379284
417.2246989075866,65.39542241379309
417.5971867402344,62.19178448275875
417.9696315703904,66.47881034482816
418.34203338837216,69.6890948275859
418.71439218449717,66.63168103448243
419.08670794908295,79.35318103448253
419.458980672447,70.86553448275845
419.8312103449069,77.87099999999987
420.20339695678,77.83112068965511
420.5755404983839,82.85591379310358
420.9476409600361,84.6903620689659
421.3196983320541,106.63727586206869
421.6917126047555,93.05837068965502
422.0636837684576,84.58401724137957
422.4356118134781,93.92906896551699
422.8074967301344,114.69954310344815
423.179338508744,79.19366379310327
423.5511371396245,102.39012931034449
423.92289261309327,104.87593965517294
424.29460491946793,95.59070689655209
424.666274049066,107.48803448275885
425.0378999922049,109.75450862068965
425.4094827392022,97.25234482758628
425.7810222803753,106.13878448275909
426.1525186060418,122.22343965517257
426.5239717065192,116.20166379310353
426.895381572125,103.34058620689711
427.2667481931767,121.11346551724114
427.63807155999183,121.17328448275885
428.00935166288787,125.01499137931069
428.3805884921823,124.76906896551759
428.7517820381926,106.21854310344838
429.1229322912364,112.17385344827562
429.4940392416312,103.68620689655268
429.8651028796943,131.75459482758652
430.23612319574346,131.94734482758645
430.60710018009604,136.54011206896553
430.97803382306955,142.0700431034486
431.3489241149815,139.6772844827592
431.71977104614945,108.57806896551756
432.0905746068909,124.882060344828
432.4613347875234,117.37810344827562
432.8320515783643,149.54076724137917
433.20272496973126,145.93833620689588
433.5733549519417,142.05010344827588
433.94394151531304,153.46887931034462
434.31448465016297,134.29357758620677
434.68498434680896,149.71357758620684
435.0554405955685,143.1866637931032
435.425853386759,142.6217068965518
435.79622271069803,165.69188793103422
436.1665485577032,144.0640086206895
436.53683091809177,162.50818965517283
436.9070697821815,159.61029310344884
437.2772651402898,151.07612068965545
437.6474169827341,136.34736206896537
438.017525299832,139.68393103448307
438.387590081901,154.5854999999999
438.7576113192586,149.22837931034496
439.12758900222224,151.28881034482697
439.4975231211095,159.16497413793104
439.8674136662379,167.45322413793065
440.2372606279249,155.34985344827555
440.60706399648797,145.772172413793
440.9768237622447,147.3008793103445
441.34653991551255,151.79394827586202
441.716212446609,169.6199999999999
442.08584134585163,157.7559051724138
442.4554266035579,162.07616379310298
442.8249682100453,143.21325000000024
443.1944661556314,147.77943103448274
443.56392043063363,155.88157758620764
443.93333102536957,168.41032758620713
444.3026979301566,172.07922413792994
444.67202113531243,179.1843879310345
445.04130063115434,158.08823275862073
445.41053640800004,151.86041379310336
445.7797284561669,168.47679310344824
446.1488767659724,169.12815517241393
446.5179813277342,183.0792672413795
446.88704213176965,181.09859482758588
447.2560591683964,183.09920689655178
447.62503242793184,194.09924999999998
447.99396190069353,207.49869827586167
448.36284757699894,207.47875862068963
448.73168944716554,199.98144827586225
449.10048750151105,196.86421551724152
449.4692417303527,202.85940517241374
449.83795212400815,227.46493965517175
450.20661867279483,205.15246551724158
450.57524136703034,220.00086206896594
450.94382019703215,246.91274999999996
451.3123551531177,243.26379310344828
451.6808462256046,259.1556982758623
452.0492934048102,232.25045689655167
452.41769668105223,238.43839655172428
452.786056044648,275.22041379310326
453.15437148591514,256.2112758620699
453.5226429951711,278.477224137931
453.8908705627333,263.28985344827606
454.2590541789195,281.58781034482763
454.62719383404686,250.77439655172407
454.9952895184332,288.34735344827527
455.36334122239583,276.36362068965514
455.73134893625235,271.4119396551721
456.09931265032026,311.7365689655171
456.467232354917,270.79381034482753
456.8351080403602,281.7606206896546
457.2029396969672,316.176465517241
457.5707273150556,326.2659310344825
457.93847088494294,312.3281120689653
458.30617039694664,307.76857758620713
458.6738258413843,326.1994655172409
459.0414372085733,308.71903448275816
459.4090044888313,322.80307758620734
459.77652767247565,311.62357758620715
460.144006749824,331.35054310344776
460.5114417111938,325.93360344827624
460.8788325469025,319.1940000000002
461.24617924726766,360.329508620689
461.61348180260677,334.175327586207
461.98074020323736,314.93356034482713
462.34795443947695,351.5427672413791
462.715124501643,323.4079137931037
463.08225038005304,363.612905172414
463.4493320650245,363.13435344827553
463.816369546875,356.44792241379287
464.183362815922,360.84793965517247
464.550311862483,379.04619827586157
464.9172166768755,348.41888793103453
465.28407724941707,373.29693103448244
465.6508935704251,358.82074137931045
466.01766563021727,375.90237931034517
466.3843934191109,370.4123275862073
466.75107692742347,383.14047413793105
467.11771614547274,383.66555172413814
467.484311063576,359.6714999999999
467.8508616720508,393.9876465517243
468.21736796121473,392.64504310344864
468.58382992138525,420.64696551724205
468.9502475428798,418.00828448275865
469.31662081601587,423.39199137930973
469.6829497311111,417.25722413793073
470.0492342784829,417.5430258620688
470.41547444844883,431.9062241379313
470.78167023132636,420.02883620689636
471.147821617433,435.5485344827589
471.5139285970863,437.64884482758634
471.8799911606036,435.2361465517247
472.2460092983026,461.5232586206889
472.6119830005008,467.7643706896549
472.97791225751564,455.58788793103486
473.3437970596646,477.62120689655217
473.70963739726517,478.2326896551724
474.075433260635,485.9626293103447
474.44118464009136,488.42850000000044
474.80689152595204,492.14392241379323
475.17255390853427,507.9427758620693
475.53817177815574,524.6322672413794
475.903745125134,508.80018103448265
476.26927393978633,553.3387241379316
476.6347582124304,544.1199568965521
477.0001979333836,551.7634913793102
477.36559309296365,558.0178965517239
477.7309436814879,597.5715258620689
478.09624968927386,593.3642586206895
478.461511106639,599.6917758620691
478.826727923901,623.6459482758612
479.1919001313771,600.4228965517241
479.557027719385,625.1547155172418
479.9221106782422,659.7300775862063
480.2871489982661,667.0745172413788
480.6521426697744,646.5499655172412
481.01709168308435,660.6007758620688
481.38199602851364,661.6575775862073
481.74685569637967,709.3266465517238
482.111670677,697.0504655172413
482.4764409606922,735.9261465517238
482.84116653777363,743.0180172413795
483.2058473985619,758.8434568965524
483.57048353337444,764.3135689655169
483.93507493252883,787.6961379310342
484.29962158634265,791.7040086206898
484.6641234851332,789.577112068966
485.02858061921813,817.8515431034493
485.3929929789149,834.069129310345
485.757360554541,835.4981379310348
486.121683336414,843.0685603448276
486.4859613148513,864.2710603448281
486.8501944801706,886.8161637931037
487.2143828226892,874.8523706896547
487.57852633272466,873.855387931035
487.94262500059455,906.1775689655176
488.3066788166163,918.221120689655
488.67068777110745,943.8435775862067
489.0346518543855,958.2533017241383
489.39857105676805,958.3928793103453
489.7624453685724,957.1034482758616
490.12627478011626,977.8805689655173
490.49005928171704,961.2508965517243
490.85379886369225,988.9271379310339
491.2174935163594,1003.3833879310343
491.581143230036,1030.4348534482758
491.94474799503956,1019.4348103448276
492.30830780168753,1011.7115172413801
492.67182264029753,1042.8173793103454
493.035292501187,1055.4724137931034
493.3987173746735,1042.9636034482764
493.7620972510744,1054.8742241379305
494.1254321207073,1047.124344827587
494.48872197388977,1041.6210000000003
494.8519668009391,1062.3515948275858
495.21516659217303,1060.450681034482
495.5783213379091,1072.2217241379303
495.9414310284645,1081.1281034482759
496.30449565415705,1081.088224137931
496.66751520530397,1078.9413879310343
497.03048967222315,1088.3263189655177
497.39341904523167,1115.185034482759
497.75630331464737,1106.8103793103444
498.11914247078755,1104.2248706896542
498.4819365039699,1098.3027931034485
498.8446854045118,1117.5910862068963
499.20738916273064,1121.7850603448273
499.5700477689442,1120.8346034482763
499.93266121346977,1144.709017241379
500.29522948662503,1108.970508620689
500.6577525787273,1132.2932586206898
501.02023048009426,1142.5355948275862
501.38266318104326,1135.8425172413788
501.7450506718919,1123.8122586206894
502.1073929429577,1135.9820948275863
502.469689984558,1148.6371293103437
502.8319417870105,1183.970198275863
503.1941483406327,1155.9948620689654
503.5563096357421,1158.9259913793112
503.91842566265603,1177.5695689655165
504.28049641169207,1156.1942586206897
504.64252187316794,1199.1642155172422
505.0045020374009,1214.178775862068
505.36643689470856,1208.3431034482758
505.72832643540835,1213.0688017241378
506.0901706498178,1236.3250862068965
506.45196952825466,1228.4356293103444
506.813723061036,1261.249655172414
507.1754312384797,1220.6059913793101
507.537094050903,1288.0950775862066
507.8987114886236,1252.9481120689652
508.26028354195887,1288.1083706896552
508.62181020122637,1302.1990603448285
508.9832914567437,1304.0667413793103
509.3447272988281,1328.5858706896552
509.7061177177974,1349.3829310344822
510.0674627039689,1313.5646637931031
510.42876224766013,1323.3350948275859
510.7900163391887,1363.732836206896
511.151224968872,1344.8632758620688
511.51238812702763,1337.7581120689654
511.87350580397293,1368.8440344827582
512.2345779900257,1415.642405172414
512.5956046755031,1417.6696034482745
512.9565858507228,1418.6931724137937
513.3175215060025,1416.978362068966
513.6784116316593,1478.4057931034479
514.0392562180111,1495.420965517242
514.4000552553752,1493.1943706896552
514.7608087340691,1492.0578103448274
515.1215166444102,1559.9124568965517
515.4821789767162,1544.2465344827588
515.8427957213047,1568.1741206896545
516.2033668684929,1572.826706896552
516.5638924085987,1586.9838620689648
516.924372331939,1579.7258275862073
517.284806628832,1615.1054224137936
517.6451952895948,1621.6788620689654
518.0055383045449,1662.4155775862066
518.365835664,1683.2259310344832
518.7260873582774,1673.3757413793105
519.0862933776949,1710.1311724137931
519.4464537125696,1720.5130862068977
519.8065683532194,1736.8901896551715
520.1666372899614,1746.0690775862065
520.5266605131134,1752.6823965517228
520.8866380129929,1791.106112068965
521.2465697799173,1812.8802155172405
521.6064558042042,1831.3443362068963
521.966296076171,1822.324965517242
522.3260905861354,1850.9184310344826
522.6858393244146,1846.8773275862063
523.0455422813262,1885.8394137931027
523.405199447188,1922.4685603448272
523.7648108123171,1953.8602241379317
524.1243763670313,1953.082577586206
524.4838961016479,1936.931456896552
524.8433700064846,1967.0536293103446
525.2027980718589,1966.3490948275871
525.5621802880879,2005.8960775862074
525.9215166454898,2018.8967327586206
526.2808071343813,2011.4260086206905
526.6400517450808,2051.8702758620702
526.999250467905,2039.7868448275856
527.3584032931719,2071.018991379311
527.7175102111987,2058.6962844827585
528.0765712123032,2071.470956896552
528.4355862868027,2093.437810344827
528.7945554250149,2101.373793103447
529.153478617257,2105.3550775862072
529.5123558538468,2126.956370689655
529.8711871251016,2143.054318965518
530.229972421339,2151.4422672413784
530.5887117328764,2151.7945344827585
530.9474050500316,2152.9776206896545
531.3060523631218,2145.6398275862066
531.6646536624647,2148.491198275862
532.0232089383777,2188.702836206897
532.3817181811784,2175.9348103448274
532.740181381184,2194.1928879310353
533.0985985287124,2185.7185344827585
533.4569696140809,2187.6859137931033
533.815294627607,2191.5143275862074
534.1735735596084,2202.454551724139
534.5318064004024,2200.8593793103455
534.8899931403066,2196.539120689654
535.2481337696383,2182.6611206896555
535.6062282787153,2189.3010258620698
535.9642766578552,2195.8678189655157
536.322278897375,2188.058120689656
536.6802349875926,2206.0769224137925
537.0381449188254,2192.724
537.396008681391,2220.978491379311
537.7538262656067,2194.4786896551723
538.1115976617901,2221.8491896551723
538.4693228602589,2210.4968793103453
538.8270018513302,2227.219603448276
539.184634625322,2196.2666120689655
539.5422211725514,2227.4389396551715
539.8997614833361,2201.457568965517
540.2572555479934,2230.2836637931036
540.6147033568411,2228.309637931035
540.9721049001965,2239.994275862069
541.3294601683773,2220.340422413794
541.6867691517009,2227.013560344827
542.0440318404848,2246.0094051724145
542.4012482250464,2234.1918362068964
542.7584182957032,2257.2686637931038
543.1155420427729,2291.8107931034483
543.472619456573,2285.257293103448
543.8296505274208,2280.9769137931034
544.1866352456341,2278.9430689655164
544.54357360153,2313.405439655173
544.9004655854266,2316.024181034484
545.2573111876407,2283.901396551725
545.6141103984902,2293.22650862069
545.9708632082926,2303.1498103448284
546.3275696073654,2301.288775862069
546.684229586026,2354.8466896551718
547.040843134592,2313.5250775862064
547.397410243381,2357.073284482758
547.7539309027102,2332.128775862069
548.1104051028973,2339.692551724138
548.46683283426,2308.0682586206904
548.8232140871154,2343.3946810344833
549.1795488517813,2401.0933965517233
549.5358371185752,2353.0853534482753
549.8920788778144,2376.06248275862
550.2482741198164,2415.5961724137933
550.604422834899,2395.271017241379
550.9605250133797,2415.363543103448
551.3165806455755,2428.1581551724134
551.6725897218045,2391.941094827586
552.0285522323837,2448.7425258620688
552.3844681676312,2430.3648103448277
552.740337517864,2457.1038879310336
553.0961602733997,2473.966189655172
553.451936424556,2529.5778879310337
553.8076659616502,2501.4762672413794
554.1633488749999,2521.52226724138
554.5189851549228,2537.6600948275873
554.8745747917361,2508.4418534482766
555.2301177757573,2549.3247931034475
555.5856140973041,2591.6035086206903
555.9410637466939,2625.434456896552
556.2964667142442,2602.291163793104
556.6518229902725,2626.504551724137
557.0071325650965,2635.9493017241375
557.3623954290335,2618.2362413793107
557.717611572401,2647.427896551724
558.0727809855165,2658.5143448275862
558.4279036586978,2693.3489224137934
558.7829795822619,2693.6746034482776
559.1380087465267,2719.2904137931027
559.4929911418096,2726.4620431034487
559.8479267584282,2740.266931034483
560.2028155866997,2773.3999913793095
560.5576576169418,2787.0520086206907
560.9124528394722,2787.1982327586206
561.267201244608,2817.6062068965525
561.6219028226669,2843.8334999999997
561.9765575639667,2827.1506551724137
562.3311654588246,2873.5170000000003
562.6857264975578,2894.088077586208
563.0402406704843,2870.39976724138
563.3947079679216,2884.6034482758614
563.7491283801869,2912.7316551724143
564.1035018975979,2959.456913793104
564.4578285104722,2966.3826206896556
564.812108209127,2981.802620689655
565.1663409838801,2992.7295517241387
565.5205268250488,3002.8389568965513
565.8746657229508,3006.8268879310335
566.2287576679033,3055.5527586206904
566.582802650224,3074.761293103448
566.9368006602307,3023.7157758620683
567.2907516882406,3045.204077586206
567.6446557245708,3101.374086206896
567.9985127595396,3070.407801724139
568.3523227834639,3099.8919051724138
568.7060857866617,3089.9752499999995
569.05980175945,3115.0327500000003
569.4134706921468,3139.990551724138
569.7670925750693,3127.182646551724
570.1206673985349,3137.092655172414
570.4741951528614,3134.819534482758
570.8276758283661,3161.591844827586
571.1811094153666,3153.58275
571.5344959041804,3164.0577155172405
571.887835285125,3181.0728879310354
572.241127548518,3154.2474051724143
572.5943726846766,3201.192000000001
572.9475706839186,3193.329129310345
573.3007215365616,3200.3744741379314
573.6538252329226,3201.9962327586204
574.0068817633196,3209.958801724138
574.35989111807,3205.964224137931
574.7128532874912,3191.4747413793107
575.0657682619006,3216.731637931035
575.418636031616,3176.652931034481
575.7714565869547,3186.230612068966
576.1242299182344,3216.9975000000013
576.4769560157722,3170.0396120689647
576.8296348698861,3178.2281637931037
577.1822664708935,3181.17923275862
577.5348508091115,3224.7673189655175
577.887387874858,3190.7369741379302
578.2398776584505,3147.4346896551738
578.5923201502063,3174.845068965518
578.9447153404429,3166.3108965517245
579.2970632194782,3153.0443793103454
579.6493637776293,3126.7173879310344
580.0016170052138,3154.2606982758625
580.3538228925493,3156.5338189655167
580.7059814299532,3094.2157500000017
581.058092607743,3137.4050431034493
581.4101564162362,3124.058767241377
581.7621728457506,3127.9004741379295
582.1141418866034,3076.5359224137937
582.466063529112,3108.067163793103
582.8179377635942,3115.9965
583.1697645803674,3102.171672413793
583.5215439697491,3097.3662155172415
583.8732759220567,3106.152956896551
584.2249604276079,3080.6235517241366
584.57659747672,3096.1831293103455
584.9281870597107,3084.0864051724157
585.2797291668975,3093.2719396551724
585.6312237885977,3068.493594827586
585.982670915129,3073.292405172413
586.3340705368088,3092.8465603448262
586.6854226439547,3064.8180517241367
587.0367272268841,3054.7684655172407
587.3879842759146,3063.641612068966
587.7391937813636,3080.6634310344834
588.0903557335488,3083.155887931034
588.4414701227875,3102.9227327586214
588.7925369393971,3109.668982758621
589.1435561736955,3112.978965517241
589.494527816,3084.9504568965517
589.8454518566281,3113.151775862068
590.1963282858972,3114.6140172413793
590.547157094125,3135.36455172414
590.8979382716288,3098.0508103448283
591.2486718087263,3113.703439655171
591.5993576957351,3119.9777844827577
591.9499959229723,3141.0074741379294
592.3005864807558,3136.97301724138
592.6511293594028,3139.8509741379326
593.0016245492311,3166.423887931034
593.3520720405579,3173.3429482758634
593.7024718237009,3146.48423275862
594.0528238889776,3173.668629310344
594.4031282267056,3156.5936379310333
594.7533848272021,3222.560663793104
595.1035936807849,3213.8071551724133
595.4537547777715,3237.548637931035
595.803868108479,3243.131741379311
596.1539336632253,3248.621793103449
596.5039514323281,3240.7323362068964
596.8539214061043,3246.7873448275864
597.2038435748719,3269.159637931034
597.5537179289481,3288.2219482758633
597.9035444586507,3335.485577586208
598.2533231542969,3363.321336206897
598.6030540062044,3369.702025862067
598.9527370046907,3346.6119051724127
599.3023721400731,3327.503068965516
599.6519594026695,3375.743741379309
600.001498782797,3365.7207413793085
600.3509902707734,3404.2109224137953
600.700433856916,3405.2411379310342
601.0498295315423,3462.3948362068963
601.39917728497,3438.141568965517
601.7484771075166,3493.527284482758
602.0977289894995,3466.6220431034494
602.4469329212361,3490.6825603448274
602.796088893044,3487.2529396551727
603.1451968952409,3504.015543103448
603.494256918144,3535.1413448275875
603.8432689520711,3549.7836982758627
604.1922329873393,3578.297405172414
604.5411490142665,3570.4345344827584
604.89001702317,3587.30348275862
605.2388370043674,3612.859474137931
605.5876089481761,3561.5281551724147
605.9363328449137,3597.3597155172406
606.2850086848979,3614.1621982758616
606.6336364584456,3666.151525862069
606.982216155875,3667.487482758622
607.3307477675032,3649.156293103447
607.6792312836478,3702.129310344828
608.0276666946264,3720.513672413793
608.3760539907562,3717.3831465517246
608.7243931623551,3753.1615344827587
609.0726841997404,3752.6497500000005
609.4209270932297,3789.3918879310354
609.7691218331404,3771.645594827586
610.11726840979,3820.6107413793106
610.4653668134961,3808.32126724138
610.813417034576,3800.2855862068964
611.1614190633476,3862.78975862069
611.5093728901279,3843.4283534482756
611.857278505235,3879.8381637931034
612.2051358989859,3869.502775862068
612.5529450616983,3917.524112068965
612.9007059836897,3881.805543103448
613.2484186552775,3914.0745517241376
613.5960830667797,3919.325327586206
613.943699208513,3917.9561379310353
614.2912670707955,3938.274646551724
614.6387866439445,3942.123
614.9862579182775,3970.291086206897
615.333680884112,3935.0311293103446
615.6810555317657,3976.7847672413805
616.0283818515558,3960.919448275863
616.3756598338,3923.2268534482746
616.7228894688157,3979.456681034483
617.0700707469207,4012.3305258620703
617.4172036584321,3945.978
617.7642881936675,4016.8435344827576
618.1113243429445,4029.571681034482
618.4583120965808,4004.740163793104
618.8052514448935,3978.5527499999994
619.1521423782003,4021.9746724137935
619.4989848868188,3968.7490862068976
619.8457789610666,4033.632724137932
620.1925245912607,4009.505741379309
620.5392217677189,4005.5311034482747
620.885870480759,3965.346051724137
621.2324707206981,3999.948000000001
621.5790224778539,3961.1188448275857
621.9255257425439,4002.7129655172434
622.2719805050855,3994.112327586206
622.6183867557961,3963.026405172415
622.9647444849935,3973.8403448275863
623.3110536829952,3929.793646551724
623.6573143401184,3976.937637931036
624.0035264466808,3970.8427499999984
624.349689993,3949.9194051724144
624.6958049693934,3935.6824913793116
625.0418713661784,3913.682405172414
625.3878891736726,3898.0829482758613
625.7338583821937,3881.499801724137
626.0797789820589,3890.240017241379
626.4256509635858,3889.2829137931017
626.7714743170919,3908.2787586206887
627.117249032895,3864.949887931035
627.462975101312,3850.4936379310348
627.808652512661,3841.3479827586193
628.1542812572592,3802.4590086206904
628.499861325424,3799.1889051724147
628.8453927074733,3820.9364224137908
629.1908753937244,3843.508112068965
629.5363093744947,3817.3406379310336
629.8816946401017,3768.1495086206905
630.227031180863,3775.4141896551737
630.5723189870963,3764.2546293103437
630.9175580491187,3744.5476034482763
631.2627483572479,3714.5517155172406
631.6078899018016,3741.317379310345
631.9529826730972,3723.7239568965515
632.2980266614518,3695.1238448275863
632.6430218571834,3711.2816120689668
632.9879682506095,3674.4331293103464
633.3328658320472,3696.3534568965506
633.6777145918143,3673.8083534482757
634.0225145202284,3684.7020517241394
634.3672656076068,3624.065560344826
634.7119678442671,3677.3376724137925
635.0566212205266,3630.984620689655
635.4012257267033,3629.9477586206895
635.7457813531141,3631.1308448275868
636.0902880900769,3596.721646551725
636.4347459279091,3578.729431034483
636.7791548569284,3602.038887931036
637.1235148674518,3590.7463965517236
637.4678259497972,3555.4066810344825
637.8120880942822,3567.5432844827574
638.1563012912239,3546.9987931034484
638.5004655309402,3532.6156551724143
638.8445808037485,3562.0931120689656
639.1886470999663,3525.0984051724126
639.5326644099108,3486.6613965517236
639.8766327238999,3470.5634482758614
640.2205520322509,3461.5041982758626
640.5644223252815,3489.845094827587
640.9082435933088,3444.482379310345
641.252015826651,3485.099456896552
641.5957390156251,3452.631051724138
641.9394131505485,3446.0376724137914
642.283038221739,3430.8037758620685
642.6266142195141,3448.044931034482
642.9701411341911,3439.171784482759
643.3136189560876,3448.377258620688
643.6570476755212,3425.386836206898
644.0004272828095,3407.3148620689653
644.3437577682696,3413.3698706896566
644.6870391222192,3430.0992413793106
645.030271334976,3432.1463793103435
645.3734543968574,3418.2152068965506
645.7165882981807,3383.945586206896
646.0596730292636,3398.049568965518
646.4027085804239,3453.5150431034485
646.7456949419784,3377.2525086206892
647.0886321042451,3394.713000000001
647.4315200575415,3404.609715517242
647.7743587921849,3423.313112068965
648.1171482984928,3366.425275862068
648.459888566783,3374.048870689656
648.8025795873729,3383.134706896553
649.1452213505797,3379.2464741379304
649.4878138467211,3395.1184396551716
649.8303570661149,3390.552258620689
650.172850999078,3368.8246810344826
650.5152956359285,3377.2392155172406
650.8576909669837,3367.448844827587
651.2000369825611,3351.065094827585
651.542333672978,3333.617896551725
651.8845810285519,3379.319586206895
652.2267790396008,3408.610939655171
652.5689276964417,3364.5974741379314
652.9110269893924,3383.520206896552
653.2530769087704,3373.703249999998
653.5950774448929,3359.5195086206886
653.9370285880777,3413.6955517241377
654.2789303286421,3407.3613879310337
654.6207826569039,3427.340922413793
654.9625855631804,3395.1981982758607
655.3043390377888,3455.216560344829
655.6460430710474,3407.713655172414
655.9876976532731,3441.092637931034
656.3293027747835,3414.167456896551
656.6708584258962,3394.726293103449
657.0123645969287,3382.3304741379297
657.3538212781983,3431.1693362068972
657.6952284600228,3386.158887931033
658.0365861327195,3431.0231120689655
658.3778942866063,3407.1486982758615
658.719152912,3409.621215517241
659.0603619992186,3432.066620689654
659.4015215385796,3455.754931034482
659.7426315204004,3432.42553448276
660.0836919349985,3501.8687068965514
660.4247027726914,3454.9905775862067
660.7656640237967,3461.670362068965
661.1065756786317,3464.029887931034
661.4474377275141,3488.2166896551735
661.7882501607614,3488.4891982758595
662.1290129686911,3499.45600862069
662.4697261416204,3501.5696120689663
662.8103896698674,3501.410094827586
663.1510035437491,3529.152801724139
663.4915677535832,3531.7516034482746
663.8320822896872,3526.460948275862
664.1725471423786,3544.0876034482753
664.5129623019748,3558.6169655172407
664.8533277587933,3551.3522844827585
665.193643503152,3562.9704568965526
665.5339095253681,3577.4200603448257
665.8741258157589,3563.641758620691
666.2142923646422,3543.057387931034
666.5544091623356,3589.1445775862085
666.8944761991562,3612.1150603448264
667.2344934654218,3593.4183103448277
667.57446095145,3632.0547155172426
667.9143786475581,3602.3113965517246
668.2542465440636,3614.3084224137933
668.594064631284,3630.8716293103453
668.9338328995372,3600.3971896551725
669.27355133914,3634.055327586206
669.6132199404104,3620.097568965518
669.9528386936657,3637.431775862068
670.2924075892238,3624.2184310344824
670.6319266174016,3629.13023275862
670.971395768517,3670.5382499999996
671.3108150328875,3651.761741379309
671.6501844008304,3670.0929310344823
671.9895038626635,3665.779318965516
672.328773408704,3683.233163793102
672.6679930292696,3658.05602586207
673.0071627146776,3687.3473793103453
673.3462824552458,3642.768956896553
673.6853522412916,3704.5619482758616
674.0243720631324,3691.2821379310344
674.3633419110857,3703.358922413793
674.7022617754692,3696.253758620691
675.0411316466003,3717.117284482759
675.3799515147962,3657.9696206896533
675.718721370375,3729.3070603448277
676.0574412036539,3729.3469396551723
676.3961110049503,3706.728724137931
676.7347307645817,3739.4829310344817
677.0733004728659,3701.53776724138
677.4118201201202,3709.194594827587
677.750289696662,3690.0791120689664
678.088709192809,3717.2369224137924
678.4270785988788,3710.1982241379305
678.7653979051886,3704.78128448276
679.103667102056,3673.216810344829
679.4418861797986,3653.5297241379326
679.780055128734,3689.4809224137953
680.1181739391793,3714.2060948275853
680.4562426014525,3686.350396551724
680.794261105871,3673.462732758621
681.132229442752,3684.0839224137935
681.470147602413,3684.868215517242
681.808015575172,3644.842681034483
682.1458333513463,3637.5447672413798
682.4836009212529,3642.509741379309
682.82131827521,3615.744077586206
683.158985403535,3601.287827586206
683.4966022965449,3597.798387931034
683.8341689445576,3621.01479310345
684.1716853378906,3606.8443448275875
684.5091514668615,3630.884922413794
684.8465673217872,3572.182577586206
685.1839328929861,3644.7097499999995
685.5212481707752,3586.9645086206874
685.858513145472,3611.696327586207
686.1957278073941,3568.533620689653
686.532892146859,3517.1823620689647
686.8700061541842,3516.3382500000016
687.207069819687,3504.8729482758627
687.5440831336854,3504.759956896553
687.8810460864966,3515.347913793102
688.2179586684379,3482.2480862068965
688.554820869827,3487.784663793104
688.8916326809817,3439.1584913793085
689.228394092219,3464.747715517241
689.5651050938567,3459.031681034482
689.9017656762122,3450.2382931034495
690.2383758296032,3399.398818965518
690.574935544347,3392.9583103448285
690.911444810761,3378.302663793103
691.2479036191631,3354.866922413793
691.5843119598705,3377.2923879310333
691.9206698232007,3314.2232586206883
692.2569771994715,3357.5255431034484
692.593234079,3338.363534482758
692.9294404521039,3317.4468362068965
693.2655963091007,3299.4612672413814
693.6017016403081,3272.9415258620684
693.9377564360432,3254.337827586207
694.2737606866239,3228.894827586206
694.6097143823674,3232.9425775862064
694.9456175135914,3186.709163793104
695.2814700706133,3228.835008620689
695.6172720437506,3240.293663793104
695.953023423321,3175.090991379313
696.2887241996418,3146.48423275862
696.6243743630305,3144.683017241377
696.9599739038048,3155.915689655173
697.295522812282,3137.7373706896565
697.6310210787797,3105.4683620689684
697.9664686936152,3119.9777844827586
698.3018656471065,3089.197603448277
698.6372119295706,3060.0857068965533
698.9725075313253,3079.094844827586
699.3077524426881,3065.296603448276
699.6429466539763,3068.65975862069
699.9780901555074,3013.8390000000004
700.3131829375992,3013.599724137931
700.648224990569,3016.1121206896555
700.9832163047344,3005.4776379310347
701.3181568704127,3003.3839741379315
701.6530466779217,2961.530637931035
701.9878857175788,2988.116844827585
702.3226739797014,2959.184405172413
702.657411454607,2943.4387241379304
702.9920981326133,2943.9172758620707
703.3267340040376,2952.1191206896547
703.6613190591974,2896.826456896552
703.9958532884106,2894.1678362068956
704.3303366819943,2876.1955603448278
704.664769230266,2866.132681034482
704.9991509235432,2861.845655172415
705.3334817521437,2853.132025862068
705.6677617063847,2842.092103448276
706.001990776584,2839.878801724138
706.3361689530589,2829.9820862068977
706.670296226127,2676.107767241378
707.0043725861057,2827.17724137931
707.3383980233124,2789.325129310345
707.6723725280649,2794.6423706896558
708.0062960906805,2773.233827586207
708.3401687014768,2750.608965517241
708.6739903507713,2747.850646551725
709.0077610288816,2751.5328362068967
709.341480726125,2750.1304137931033
709.675149432819,2780.3788706896557
710.0087671392814,2749.8246724137925
710.3423338358294,2724.355086206897
710.6758495127806,2744.607129310345
711.0093141604527,2684.1168620689655
711.3427277691629,2697.303620689656
711.6760903292287,2701.9694999999997
712.0094018309679,2671.4751206896567
712.3426622646979,2685.9712500000005
712.675871620736,2659.790482758621
713.0090298893998,2683.777887931034
713.3421370610071,2697.755586206896
713.6751931258752,2643.06775862069
714.0081980743214,2603.3346724137937
714.3411518966633,2666.2243448275854
714.6740545832188,2711.0752758620683
715.0069061243048,2660.4817241379305
715.3397065102391,2624.8761465517246
715.6724557313395,2645.699793103448
716.005153777923,2663.5125517241386
716.3378006403074,2617.132913793105
716.6703963088099,2642.841775862068
717.0029407737486,2636.4610862068957
717.3354340254403,2668.032206896551
717.6678760542031,2590.5201206896554
718.0002668503543,2607.6482844827588
718.3326064042111,2567.20401724138
718.6648947060913,2593.4578965517244
718.9971317463124,2598.688732758621
719.3293175151921,2604.431353448277
719.6614520030474,2574.9804827586204
719.9935352001961,2562.916991379311
720.3255670969559,2602.4573275862076
720.657547683644,2547.829318965518
720.9894769505778,2618.276120689655
721.3213548880752,2605.461568965517
721.6531814864536,2574.6215689655173
721.9849567360303,2597.346129310344
722.3166806271229,2597.9509655172415
722.6483531500489,2586.0935172413792
722.9799742951261,2537.6069224137937
723.3115440526715,2548.0752413793116
723.6430624130029,2552.0033534482773
723.9745293664379,2509.192913793103
724.3059449032936,2564.3061206896555
724.6373090138878,2549.424491379312
724.9686216885382,2600.5497672413794
725.2998829175622,2519.66123275862
725.6310926912768,2557.7991465517234
725.962251,2569.0118793103447
726.2933578340493,2576.156922413793
726.624413183742,2556.2372068965515
726.9554170393957,2557.340534482759
727.2863693913281,2584.4717586206916
727.6172702298564,2554.8281379310347
727.9481195452983,2574.801025862068
728.278917327971,2560.1187931034483
728.6096635681926,2552.89399137931
728.94035825628,2527.484224137931
729.2710013825509,2519.647939655172
729.6015929373231,2558.683137931034
729.9321329109138,2499.528827586208
730.2626212936404,2541.3688706896546
730.5930580758207,2572.9466379310347
730.9234432477722,2520.950663793104
731.253776799812,2567.5031120689655
731.5840587222582,2545.4565000000002
731.9142890054278,2530.043146551724
732.2444676396386,2549.2450344827594
732.574594615208,2548.580379310345
732.9046699224534,2504.9391206896553
733.2346935516928,2557.878905172413
733.564665493243,2535.0745862068966
733.8945857374217,2530.3422413793105
734.2244542745469,2571.3248793103458
734.5542710949358,2510.6551551724133
734.8840361889054,2576.083810344827
735.2137495467739,2545.3966810344823
735.5434111588587,2536.6099396551735
735.873021015477,2542.1066379310346
736.2025791069465,2560.8698534482746
736.5320854235848,2541.9005948275862
736.8615399557093,2556.935094827586
737.1909426936373,2562.498258620689
737.5202936276866,2553.977379310344
737.8495927481747,2547.084905172414
738.178840045419,2534.7356120689665
738.5080355097368,2583.5279482758615
738.8371791314461,2573.524887931035
739.166270900864,2580.8693275862056
739.4953108083082,2557.971956896552
739.8242988440961,2555.3864482758627
740.1532349985453,2550.913318965517
740.4821192619731,2551.132655172414
740.8109516246973,2582.5110258620693
741.1397320770353,2546.4933620689662
741.4684606093047,2560.2450775862067
741.7971372118227,2559.095224137931
742.1257618749069,2542.551956896551
742.4543345888751,2566.8118706896557
742.7828553440444,2579.0681120689665
743.1113241307326,2565.409448275863
743.4397409392571,2585.8675344827584
743.7681057599356,2580.962379310344
744.0964185830851,2552.1229913793113
744.4246793990236,2586.0071120689654
744.7528881980685,2566.027577586207
745.081044970537,2597.2863103448276
745.4091497067471,2543.7283965517236
745.737202397016,2596.123163793104
746.0652030316613,2588.466336206896
746.3931516010002,2563.2227327586215
746.7210480953507,2590.7527499999997
747.0488925050303,2569.310974137931
747.3766848203559,2573.6578189655183
747.7044250316454,2573.2989051724126
748.0321131292166,2562.750827586207
748.3597491033865,2596.1829827586207
748.6873329444727,2588.7920172413797
749.014864642793,2568.7792499999996
749.3423441886647,2563.043275862068
749.6697715724052,2545.4963793103448
749.9971467843322,2570.9327327586216
750.3244698147632,2564.3061206896564
750.6517406540157,2570.1816724137943
750.9789592924069,2552.282508620691
751.3061257202547,2549.7102931034474
751.6332399278766,2598.934655172414
751.9603019055899,2541.6015000000007
752.287311643712,2553.4057758620684
752.6142691325607,2578.8155431034493
752.9411743624535,2581.533982758621
753.2680273237074,2578.0511896551734
753.5948280066407,2538.4045086206916
753.9215764015704,2526.5669999999996
754.248272498814,2563.894034482757
754.5749162886892,2528.76700862069
754.9015077615135,2525.9488706896555
755.2280469076043,2550.7205689655175
755.554533717279,2544.1404827586202
755.8809681808553,2536.6498189655176
756.2073502886508,2512.476310344826
756.5336800309826,2511.871474137931
756.8599573981685,2512.742172413794
757.1861823805261,2523.1107931034485
757.5123549683728,2523.8618534482757
757.8384751520258,2512.9415689655184
758.1645429218031,2500.4261120689653
758.4905582680221,2523.848560344827
758.816521181,2496.73727586207
759.1424316510545,2493.081672413794
759.4682896685033,2489.818215517241
759.7940952236635,2474.099120689656
760.1198483068528,2472.676758620689
760.4455489083888,2476.3589482758625
760.7711970185891,2454.418681034483
761.0967926277708,2456.90449137931
761.4223357262517,2462.700284482759
761.7478263043492,2435.655465517242
762.073264352381,2414.074112068965
762.3986498606644,2428.304379310345
762.7239828195169,2409.5145775862047
763.0492632192563,2459.2041982758615
763.3744910501996,2416.367172413793
763.6996663026646,2389.4021120689654
764.0247889669689,2393.237172413794
764.3498590334299,2380.6685431034484
764.674876492365,2381.5525344827593
764.9998413340919,2365.8135000000007
765.324753548928,2369.063663793104
765.6496131271908,2345.4218793103446
765.9744200591978,2331.1251465517244
766.2991743352666,2321.67375
766.6238759457146,2343.4279137931035
766.9485248808593,2295.546155172414
767.2731211310183,2327.409724137931
767.5976646865092,2312.2688793103434
767.9221555376491,2285.9352413793104
768.2465936747559,2257.275310344827
768.5709790881469,2265.224586206896
768.8953117681399,2253.0746896551727
769.2195917050519,2246.4081982758617
769.5438188892008,2260.37925
769.8679933109041,2217.4225862068965
770.1921149604792,2188.815827586206
770.5161838282434,2214.9168362068967
770.8401999045146,2182.481663793103
771.16416317961,2161.451974137931
771.4880736438472,2139.584818965517
771.811931287544,2136.607163793103
772.1357361010175,2123.094724137931
772.4594880745854,2122.164206896551
772.7831871985649,2142.9679137931043
773.106833463274,2110.246939655173
773.4304268590299,2084.2323362068973
773.7539673761501,2074.0032931034475
774.0774550049523,2098.6154741379314
774.4008897357538,2092.99249137931
774.7242715588721,2055.007448275862
775.047600464625,2083.5410948275858
775.3708764433297,2063.0098965517245
775.6940994853038,2020.0399396551725
776.0172695808648,1994.76975
776.3403867203302,2012.0175517241375
776.6634508940177,1975.0693706896554
776.9864620922444,2002.4199310344827
777.3094203053281,1989.2863448275857
777.6323255235864,1966.3557413793105
777.9551777373364,1963.896517241379
778.2779769368959,1941.550810344827
778.6007231125826,1924.8280862068968
778.9234162547136,1900.6612241379303
779.2460563536066,1873.7825689655174
779.568643399579,1909.8733448275862
779.8911773829484,1887.7802068965516
780.2136582940323,1854.8332499999995
780.5360861231482,1859.2465603448268
780.8584608606136,1845.6543620689654
781.1807824967461,1860.5359913793109
781.503051021863,1825.8742241379312
781.8252664262819,1814.5883793103444
782.1474287003205,1804.1267068965508
782.4695378342959,1799.1019137931032
782.7915938185259,1792.5816465517241
783.1135966433282,1763.8685431034487
783.4355462990198,1767.5706724137935
783.7574427759185,1767.3313965517239
784.0792860643418,1772.0305086206895
784.4010761546072,1747.737362068966
784.722813037032,1741.4896034482763
785.0444967019339,1746.2618275862073
785.3661271396305,1747.7905344827584
785.6877043404394,1738.385663793104
786.0092282946775,1707.5456637931034
786.3306989926629,1722.905844827587
786.6521164247129,1720.1076465517244
786.9734805811449,1717.3759137931033
787.2947914522766,1719.4496379310333
787.6160490284254,1722.0883189655165
787.9372532999091,1739.2696551724136
788.2584042570446,1698.5861120689658
788.5795018901498,1701.1250948275856
788.9005461895424,1703.4181551724148
789.2215371455394,1703.7970086206892
789.5424747484585,1689.4936293103447
789.8633589886175,1718.027275862069
790.1841898563337,1733.4938017241388
790.5049673419245,1710.3305689655174
790.8256914357073,1760.1198879310346
791.146362128,1727.6315431034484
791.4669794091199,1703.4713275862089
791.7875432693843,1719.708853448276
792.1080536991111,1753.0413103448286
792.4285106886177,1708.250198275862
792.7489142282213,1720.0810603448276
793.0692643082398,1720.3535689655178
793.3895609189905,1720.4333275862068
793.7098040507909,1748.1228620689656
794.0299936939585,1711.978913793103
794.350129838811,1734.4043793103451
794.6702124756658,1735.667224137931
794.9902415948401,1739.3361206896548
795.3102171866518,1743.9953534482756
795.6301392414183,1735.201965517241
795.9500077494572,1752.316836206897
796.2698227010857,1761.6818275862065
796.5895840866215,1744.0285862068974
796.9092918963823,1745.2183189655175
797.2289461206852,1756.7500862068962
797.5485467498479,1751.160336206897
797.8680937741881,1743.3240517241388
798.187587184023,1729.4659913793103
798.5070269696703,1761.6087155172413
798.8264131214474,1753.8123103448277
799.145745629672,1776.8093793103446
799.4650244846613,1775.4601293103449
799.7842496767328,1748.4884224137927
800.1034211962044,1765.1579741379314
800.4225390333933,1768.2752068965515
800.741603178617,1775.5000086206899
801.0606136221932,1770.907241379311
801.3795703544392,1754.8358793103441
801.6984733656726,1771.0202327586203
802.0173226462109,1749.9639568965517
802.3361181863717,1750.801422413794
802.6548599764723,1767.4909137931031
802.9735480068302,1757.7204827586206
803.2921822677633,1706.9474741379315
803.6107627495887,1751.8914568965524
803.929289442624,1742.247310344828
804.2477623371868,1752.3633620689652
804.5661814235946,1732.676275862069
804.8845466921647,1729.0671982758624
805.2028581332147,1732.5101120689662
805.5211157370624,1741.2038017241375
805.8393194940251,1695.595163793104
806.15746939442,1712.3245344827583
806.475565428565,1716.2792327586203
806.7936075867775,1717.1765172413795
807.111595859375,1673.8609396551715
807.429530236675,1684.1298620689654
807.7474107089951,1721.7161120689652
808.0652372666526,1688.8754999999992
808.383009899965,1683.3854482758622
808.70072859925,1691.5208275862065
809.0183933548252,1656.1678189655174
809.3360041570078,1704.1093965517234
809.6535609961155,1674.9110948275866
809.9710638624657,1638.740560344827
810.2885127463761,1664.210146551724
810.6059076381638,1632.8051896551729
810.9232485281467,1632.1870603448265
811.2405354066423,1643.3466206896558
811.5577682639678,1606.0395258620692
811.8749470904407,1603.6334741379314
812.1920718763791,1581.7065000000005
812.5091426121,1622.9550000000002
812.8261592879209,1625.9193620689657
813.1431218941593,1626.3912672413799
813.4600304211331,1617.5712931034473
813.7768848591593,1603.812931034481
814.0936851985556,1610.7652241379312
814.4104314296397,1548.8658879310344
814.7271235427289,1569.2907413793107
815.0437615281405,1563.7674568965524
815.3603453761925,1582.5771982758617
815.6768750772022,1554.3359999999993
815.9933506214869,1531.9703534482762
816.3097719993643,1551.843543103448
816.626139201152,1518.4712068965514
816.9424522171673,1541.6942586206894
817.2587110377277,1555.5589655172412
817.5749156531509,1569.9088706896553
817.8910660537543,1548.9389999999996
818.2071622298554,1545.449560344827
818.5232041717716,1541.5945603448283
818.8391918698208,1526.174560344828
819.15512531432,1513.2470172413796
819.4710044955867,1506.759982758621
819.786829403939,1509.1460948275858
820.1026000296939,1510.136431034483
820.4183163631691,1500.5188706896545
820.733978394682,1478.8577586206898
821.0495861145503,1501.3629827586212
821.3651395130912,1483.796146551724
821.6806385806223,1477.3290517241383
821.9960833074613,1441.4376724137924
822.3114736839257,1455.5084224137934
822.6268097003326,1490.3297068965526
822.942091347,1449.4800000000005
823.2573186142452,1439.078146551724
823.5724914923858,1433.9270689655175
823.8876099717388,1455.7676379310353
824.2026740426224,1475.8601637931038
824.5176836953539,1450.1114224137937
824.8326389202506,1445.7978103448268
825.1475397076301,1427.0279482758629
825.4623860478102,1424.0170603448273
825.777177931108,1364.1382758620687
826.0919153478409,1421.491370689655
826.406598288327,1400.1360000000004
826.7212267428835,1418.5535948275867
827.0358007018276,1407.001887931033
827.3503201554771,1397.9027586206887
827.6647850941497,1435.947620689655
827.9791955081625,1407.879232758621
828.2935513878332,1408.9293879310346
828.6078527234795,1375.4772931034493
828.9220995054185,1386.0320172413792
829.236291723968,1413.43575
829.5504293694454,1391.2362672413788
829.8645124321683,1372.8585517241377
830.178540902454,1375.6035775862067
830.4925147706201,1383.0211293103443
830.8064340269843,1387.2217499999995
831.120298661864,1357.4518448275876
831.4341086655764,1374.6797068965511
831.7478640284395,1362.755793103449
832.0615647407706,1359.3328189655172
832.3752107928871,1343.9061724137937
832.6888021751064,1341.4137155172407
833.0023388777464,1354.3944310344823
833.3158208911243,1339.2402931034478
833.6292482055577,1338.841499999999
833.9426208113641,1364.7829913793112
834.2559386988611,1360.2633362068962
834.569201858366,1327.7085258620693
834.8824102801964,1336.9007068965514
835.19556395467,1336.4819741379308
835.5086628721041,1349.9611810344836
835.821707022816,1316.043827586208
836.1346963971237,1310.6468275862069
836.4476309853444,1323.0825258620703
836.7605107777956,1309.3308103448285
837.0733357647947,1297.0479827586203
837.3861059366598,1314.2957844827577
837.6988212837077,1323.1224051724132
838.0114817962561,1319.0414224137933
838.3240874646227,1287.702931034483
838.6366382791251,1277.5337068965518
838.9491342300803,1300.3579655172418
839.2615753078062,1285.689025862069
839.5739615026203,1308.8389655172411
839.88629280484,1310.7731120689668
840.1985692047826,1299.6401379310341
840.510790692766,1299.095120689655
840.8229572591076,1289.4443275862068
841.1350688941246,1266.4804913793096
841.4471255881351,1272.256344827587
841.7591273314559,1288.3409999999994
842.0710741144052,1275.4533362068962
842.3829659272999,1269.3385086206883
842.6948027604578,1268.1554224137926
843.0065846041965,1276.556663793103
843.3183114488334,1281.9204310344835
843.6299832846859,1270.3354913793112
843.9416001020717,1266.1813965517233
844.253161891308,1245.0653017241377
844.5646686427127,1255.7197241379308
844.876120346603,1280.451543103448
845.1875169932966,1236.9498620689646
845.4988585731109,1251.3462931034478
845.8101450763634,1239.6417155172414
846.1213764933716,1247.0127413793102
846.4325528144531,1245.8961206896568
846.7436740299254,1242.3202758620698
847.0547401301059,1244.0417327586206
847.3657511053123,1240.7583362068965
847.6767069458617,1238.6181465517252
847.987607642072,1242.3402155172416
848.2984531842606,1239.1365775862073
848.6092435627448,1232.2042241379313
848.9199787678427,1256.9759224137936
849.2306587898711,1230.6156982758625
849.5412836191479,1233.5202413793104
849.8518532459905,1243.277379310346
850.1623676607164,1247.338422413793
850.4728268536431,1216.2923793103448
850.783230815088,1223.3842500000003
851.093579535369,1215.8005344827582
851.4038730048032,1207.0470258620694
851.7141112137083,1233.0151034482765
852.0242941524017,1200.0681465517239
852.3344218112011,1205.0198275862058
852.6444941804235,1196.432482758621
852.9545112503871,1183.9834913793102
853.264473011409,1173.9671379310337
853.5743794538067,1188.5164396551722
853.8842305678979,1192.2252155172412
854.194026344,1150.7042068965523
854.5037667724305,1177.8952500000005
854.8134518435068,1177.5163965517243
855.1230815475466,1158.5139051724134
855.4326558748674,1165.6190689655177
855.7421748157863,1178.8789396551715
856.0516383606214,1174.5653275862066
856.3610464996898,1155.4764310344824
856.6703992233095,1161.6976034482764
856.9796965217972,1132.67875862069
857.2889383854709,1139.2322586206894
857.5981248046484,1167.6196810344823
857.9072557696466,1143.7053879310351
858.2163312707833,1151.7543620689662
858.5253512983759,1155.6891206896553
858.8343158427422,1128.7572931034479
859.1432248941993,1157.603327586207
859.4520784430649,1124.184465517241
859.7608764796566,1126.2448965517242
860.0696189942919,1129.1228534482752
860.378305977288,1120.5155689655178
860.6869374189627,1128.3585000000007
860.9955133096336,1101.0012931034485
861.3040336396177,1119.8243275862073
861.612498399233,1098.3493189655169
861.9209075787969,1095.2653189655166
862.2292611686267,1093.1517155172414
862.5375591590403,1094.9462844827578
862.8458015403547,1091.9420431034482
863.1539883028879,1091.5831293103452
863.462119436957,1086.7244999999998
863.7701949328797,1064.7510000000002
864.0782147809736,1067.3232155172411
864.386178971556,1051.3316120689663
864.6940874949445,1055.7648620689665
865.0019403414566,1057.1406982758624
865.3097375014099,1059.3672931034484
865.6174789651217,1044.6983534482765
865.9251647229097,1047.277215517241
866.2327947650913,1039.3345862068968
866.5403690819841,1038.8228017241383
866.8478876639055,1040.610724137931
867.1553505011728,1009.9368879310348
867.4627575841041,1032.621568965517
867.7701089030164,1008.4148275862069
868.0774044482273,1012.6619741379318
868.3846442100546,1000.7912327586212
868.6918281788154,1012.7417327586202
868.9989563448274,981.8884396551716
869.3060286984081,985.2515948275859
869.6130452298751,984.2612586206887
869.9200059295456,983.8358793103448
870.2269107877374,998.7773275862069
870.5337597947679,943.1855689655174
870.8405529409546,951.5402844827581
871.1472902166151,930.3111982758626
871.4539716120669,941.749913793104
871.7605971176272,939.9686379310342
872.0671667236139,917.6827500000009
872.3736804203443,918.5002758620681
872.6801381981361,918.0549568965512
872.9865400473064,911.9667155172417
873.2928859581732,886.0651034482757
873.5991759210535,902.4222672413796
873.9054099262653,923.0598103448278
874.2115879641259,870.4191206896553
874.5177100249526,895.4234482758627
874.8237760990634,883.7919827586204
875.1297861767753,899.8168189655169
875.435740248406,910.105681034483
875.741638304273,883.944853448276
876.0474803346939,889.3352068965523
876.353266329986,889.8868706896551
876.658996280467,881.4922758620692
876.9646701764544,900.2887241379308
877.2702880082657,869.0499310344824
877.5758497662182,877.7967931034477
877.8813554406296,868.0064224137923
878.1868050218173,898.8464224137936
878.4921985000991,888.9231206896554
878.7975358657919,893.8415689655167
879.1028171092139,872.5327241379323
879.4080422206821,877.6306293103444
879.7132111905144,883.6324655172409
880.018324009028,905.1207672413798
880.3233806665403,871.4759224137931
880.6283811533692,905.9382931034488
880.933325459832,888.9430603448277
881.2382135762464,887.8663189655176
881.5430454929294,874.2541810344826
881.847821200199,876.7798706896549
882.1525406883726,900.2089655172415
882.4572039477674,886.4439568965511
882.7618109687014,906.8688103448283
883.0663617414918,900.5147068965509
883.3708562564561,887.6669224137936
883.6752945039119,896.0681637931036
883.9796764741768,878.7206637931035
884.284002157568,902.7413017241379
884.5882715444033,890.9702586206904
884.8924846250001,865.5073189655168
885.1966413896757,894.8451982758618
885.500741828748,900.4814741379314
885.8047859325343,883.6989310344823
886.1087736913521,894.2935344827592
886.4127050955188,884.7690258620682
886.7165801353522,888.511034482759
887.0203988011696,885.2608706896553
887.3241610832885,892.9642241379315
887.6278669720265,884.2373017241384
887.931516457701,891.6814396551727
888.2351095306296,890.4784137931038
888.5386461811297,879.2723275862063
888.8421263995189,912.677896551724
889.1455501761147,895.2107586206894
889.4489175012345,910.3117241379305
889.7522283651961,873.888620689655
890.0554827583167,900.9533793103449
890.3586806709139,882.6620689655167
890.6618220933051,880.0699137931038
890.964907015808,870.6451034482748
891.26793542874,867.5012844827593
891.5709073224186,876.946034482758
891.8738226871615,864.3774051724138
892.1766815132858,870.1931379310349
892.4794837911094,869.6082413793108
892.7822295109495,863.1743793103451
893.084918663124,866.836629310345
893.38755123795,860.841439655173
893.6901272257452,849.9145086206906
893.9926466168271,866.0855689655168
894.295109401513,862.5030775862069
894.5975155701208,853.6565172413798
894.8998651129676,860.9810172413797
895.2021580203713,820.5899224137938
895.5043942826492,831.2044655172408
895.8065738901186,850.9580172413803
896.1086968330975,827.8678965517231
896.410763101903,796.775327586206
896.7127726868525,838.4359137931035
897.014725578264,829.9349741379306
897.3166217664545,805.4224913793098
897.618461241742,824.0926551724142
897.9202439944438,797.2804655172408
898.2219700148772,796.549344827587
898.5236392933599,806.5324655172408
898.8252518202094,780.4646896551724
899.1268075857431,793.1463103448282
899.4283065802786,779.3547155172416
899.7297487941335,770.8205431034476
900.031134217625,775.174034482759
900.3324628410709,777.0284224137931
900.6337346547887,765.0579827586209
900.9349496490956,767.9758189655172
901.2361078143095,750.7678965517248
901.5372091407476,742.1207327586205
901.8382536187277,743.1775344827586
902.1392412385669,732.4101206896555
902.4401719905832,721.9949741379314
902.7410458650936,723.4439224137927
903.0418628524161,709.4329913793104
903.3426229428677,715.7339224137927
903.6433261267663,701.5103017241383
903.9439723944292,702.2281293103447
904.2445617361741,684.9338017241378
904.5450941423185,678.2141379310347
904.8455696031795,692.0389655172407
905.145988109075,717.0964655172409
905.4463496503224,684.1694482758621
905.7466542172392,678.9186724137942
906.046901800143,684.3887844827589
906.3470923893511,666.5560862068971
906.6472259751812,647.5004224137924
906.9473025479507,661.1324999999999
907.2473220979772,655.4164655172412
907.5472846155781,633.8284655172413
907.847190091071,652.49198275862
908.1470385147733,642.4955689655164
908.4468298770025,611.9014913793098
908.7465641680764,630.3722586206895
909.0462413783121,649.7668965517241
909.345861498027,598.7014396551724
909.6454245175394,611.555870689655
909.944930427166,625.9722413793099
910.2443792172248,584.5575775862064
910.5437708780329,624.8888534482753
910.843105399908,622.5027413793105
911.1423827731678,580.1907931034484
911.4416029881294,596.6210689655175
911.7407660351107,569.1109913793098
912.039871904429,578.0240172413789
912.3389205864019,572.3412155172418
912.6379120713467,557.333301724138
912.9368463495812,558.9417672413795
913.2357234114227,544.8510775862064
913.5345432471886,542.9900431034473
913.8333058471968,547.5163448275857
914.1320112017644,543.4353620689651
914.4306593012092,527.7362068965515
914.7292501358485,538.6764310344829
915.027783696,523.5023534482759
915.326259971981,540.3247758620694
915.6246789541092,526.2540258620697
915.9230406327019,498.73730172413843
916.2213449980769,514.5693879310343
916.5195920405514,505.13793103448324
916.817781750443,527.4836379310343
917.1159141180693,512.415905172413
917.4139891337477,510.4884051724139
917.7120067877958,501.4092155172407
918.0099670705309,501.20317241379325
918.3078699722709,495.460551724138
918.6057154833329,510.3222413793105
918.9035035940346,493.9185517241376
919.2012342946937,473.76620689655147
919.4989075756272,477.0230172413794
919.7965234271528,471.0743534482758
920.0940818395884,473.24112931034483
920.391582803251,451.1014655172412
920.6890263084584,499.9203879310346
920.986412345528,474.08524137931045
921.2837409047773,453.2017758620691
921.5810119765239,445.09298275862056
921.8782255510852,479.01698275862054
922.1753816187786,438.06757758620734
922.4724801699219,433.089310344827
922.7695211948325,447.47244827586155
923.0665046838276,441.8959913793101
923.3634306272252,455.3286724137929
923.6602990153425,431.8663448275868
923.957109838497,411.3484396551728
924.2538630870064,422.95331896551716
924.550558751188,420.46750862068984
924.8471968213594,409.1949568965513
925.143777287838,401.44507758620716
925.4403001409416,405.8916206896554
925.7367653709874,418.8989224137931
926.033172968293,394.4927844827582
926.3295229231761,410.5242672413792
926.6258152259538,392.7513879310343
926.922049866944,375.3440689655174
927.2182268364639,393.6553189655169
927.5143461248313,403.5786206896548
927.8104077223635,402.840853448276
928.1064116193779,380.574905172414
928.4023578061923,400.80700862068966
928.6982462731241,399.3514137931031
928.9940770104909,377.92957758620673
929.2898500086097,355.3512413793105
929.5855652577987,356.29505172413815
929.881222748375,365.38088793103407
930.1768224706561,371.77487068965524
930.4723644149599,378.5742931034483
930.7678485716033,367.7935862068964
931.0632749309043,373.3833362068965
931.3586434831801,368.1990258620683
931.6539542187485,365.8993189655173
931.9492071279267,372.3331810344837
932.2444022010322,357.61771551724155
932.539539428383,356.67390517241415
932.834618800296,344.09862931034445
933.1296403070891,350.59895689655195
933.4246039390796,348.1929051724137
933.719509686585,343.5934913793101
934.0143575399229,329.5958534482761
934.3091474894109,334.0025172413791
934.6038795253663,339.479275862069
934.8985536381067,338.63516379310363
935.1931698179496,328.113672413793
935.4877280552125,333.9227586206896
935.7822283402131,343.2943965517243
936.0766706632685,315.2924741379311
936.3710550146964,305.7015000000006
936.6653813848145,301.0356206896554
936.9596497639401,311.35106896551724
937.2538601423907,305.0700775862067
937.5480125104838,304.19937931034474
937.8421068585369,314.01633620689654
938.1361431768677,318.3631810344823
938.4301214557936,299.51356034482797
938.724041685632,274.12373275862114
939.0179038567005,300.7498189655173
939.3117079593167,305.4422844827584
939.6054539837977,291.2784827586206
939.8991419204615,292.720784482759
940.1927717596254,292.92018103448254
940.4863434916068,280.823456896552
940.7798571067235,293.0198793103448
941.0733125952926,285.80837068965525
941.3667099476321,280.46454310344825
941.660049154059,288.36729310344845
941.9533302048911,282.0198362068968
942.2465530904459,273.91104310344826
942.5397178010408,290.0821034482758
942.8328243269934,281.3618275862066
943.1258726586211,263.82157758620656
943.4188627862416,270.9466810344827
943.7117947001722,255.32728448275816
944.0046683907303,259.4614396551717
944.2974838482338,271.57145689655204
944.5902410629999,238.29881896551728
944.8829400253463,257.7599224137932
945.1755807255904,230.40936206896504
945.4681631540498,267.7895689655172
945.7606873010416,276.6228362068962
946.0531531568838,230.05044827586198
946.3455607118939,254.29042241379352
946.637909956389,242.9181724137925
946.9302008806869,255.86565517241434
947.222433475105,243.3701379310337
947.5146077299611,251.93754310344843
947.8067236355722,234.34412068965548
948.0987811822561,238.25229310344798
948.3907803603304,243.6160603448277
948.6827211601122,248.31517241379333
948.9746035719196,229.02687931034507
949.2664275860697,230.50241379310364
949.5581931928801,229.0601120689655
949.8499003826682,228.84742241379286
950.1415491457516,213.05521551724132
950.433139472448,246.8529310344827
950.7246713530745,234.0716120689649
951.0161447779491,221.64256034482742
951.3075597373888,214.33800000000087
951.5989162217114,228.25587931034534
951.8902142212344,216.1458620689657
952.1814537262751,209.99780172413762
952.4726347271514,223.7162844827585
952.7637572141804,201.87571551724113
953.0548211776797,203.29807758620723
953.345826607967,209.31320689655195
953.6367734953598,212.19116379310344
953.9276618301752,200.76574137931016
954.218491602731,204.06243103448242
954.5092628033449,218.04012931034504
954.7999754223339,193.5276465517245
955.0906294500162,183.39165517241395
955.3812248767088,212.82923275862095
955.6717616927293,199.6225344827592
955.9622398883953,209.41955172413805
956.252659454024,189.85210344827624
956.5430203799333,187.7451465517238
956.8333226564404,200.59293103448272
957.123566273863,191.71978448275877
957.4137512225187,204.28176724137938
957.7038774927249,178.57955172413835
957.9939450747991,191.47386206896545
958.2839539590585,181.5106810344828
958.573904135821,186.86780172413796
958.8637955954039,181.5239741379312
959.1536283281249,193.68716379310308
959.4434023243015,191.4273362068966
959.7331175742511,197.29624137931046
960.0227740682911,184.87383620689684
960.3123717967391,180.87925862068914
960.6019107499126,170.4175862068962
960.8913909181291,186.24302586206932
961.1808122917063,172.39825862068938
961.4701748609615,160.7667931034482
961.7594786162123,167.47316379310382
962.0487235477761,193.08897413793125
962.3379096459703,165.71182758620716
962.6270369011127,170.71668103448246
962.9161053035206,175.63512931034484
963.2051148435118,169.0085172413792
963.4940655114033,180.67986206896558
963.7829572975131,154.05377586206873
964.0717901921586,182.26174137931002
964.3605641856568,185.45873275862004
964.6492792683258,159.03868965517245
964.9379354304829,155.27009482758604
965.2265326624457,165.41937931034454
965.5150709545317,174.23270689655214
965.8035502970582,154.93776724137888
966.0919706803429,151.90029310344858
966.380332094703,147.16130172413727
966.6686345304566,156.19396551724162
966.9568779779205,169.85927586206913
967.2450624274128,153.70815517241363
967.5331878692509,136.08149999999978
967.821254293752,143.61868965517215
968.1092616912339,150.89666379310302
968.3972100520137,142.35584482758622
968.6850993664095,145.35343965517222
968.9729296247382,154.43262931034496
969.2607008173178,151.45497413793078
969.5484129344657,130.69114655172393
969.8360659664992,132.06033620689686
970.123659903736,165.13357758620714
970.4111947364933,145.60600862068964
970.698670455089,144.1570603448281
970.9860870498403,145.7190000000005
971.273444511065,140.43499137930985
971.5607428290805,111.64877586206944
971.8479819942042,134.85188793103498
972.1351619967537,160.10878448275844
972.4222828270463,121.88446551724132
972.7093444753998,126.23795689655185
972.9963469321315,132.2996120689652
973.2832901875591,132.55882758620646
973.570174232,126.14490517241393
973.8569990557718,131.73465517241357
974.1437646491918,136.2742500000004
974.4304710025773,129.66757758620702
974.7171181062464,139.0591551724135
975.0037059505163,131.5020258620691
975.2902345257045,127.50080172413823
975.5767038221287,120.329172413793
975.8631138301062,121.97751724137902
976.1494645399545,131.31592241379326
976.4357559419909,120.47539655172454
976.7219880265335,119.85062068965522
977.0081607838993,112.27355172413786
977.294274204406,127.98600000000056
977.5803282783712,131.36244827586233
977.8663229961121,107.22217241379303
978.1522583479466,137.1250086206901
978.4381343241918,107.00948275862038
978.7239509151655,119.66451724137937
979.0097081111849,121.03370689655185
979.2954059025678,123.17389655172451
979.5810442796319,100.93453448275841
979.8666232326942,109.04997413793149
980.1521427520727,107.95993965517255
980.4376028280842,114.79924137931062
980.7230034510469,108.61794827586209
981.0083446112778,90.41304310344776
981.293626299095,116.84637931034513
981.5788485048156,109.65481034482787
981.8640112187571,99.49887931034482
982.1491144312372,100.68861206896554
982.4341581325729,119.72433620689708
982.7191423130824,122.79504310344805
983.0040669630827,101.57925000000023
983.2889320728916,115.40407758620722
983.5737376328267,94.07529310344898
983.8584836332051,94.54719827586223
984.1431700643446,101.73876724137904
984.4277969165624,111.03729310344829
984.7123641801765,106.05237931034435
984.9968718455038,108.59800862068914
985.2813199028625,102.89526724137909
985.5657083425697,88.75140517241334
985.8500371549429,91.0976379310348
986.1343063302998,102.29043103448294
986.4185158589573,97.70431034482772
986.7026657312338,94.41426724137955
986.9867559374461,96.18889655172347
987.2707864679121,88.63841379310338
987.5547573129493,100.6952586206894
987.838668462875,96.3617068965516
988.1225199080069,103.40040517241437
988.4063116386621,91.54960344827555
988.6900436451588,87.3822155172411
988.9737159178138,93.03843103448321
989.257328446945,90.85836206896579
989.5408812228701,79.65892241379288
989.824374235906,88.964094827586
990.1078074763708,86.5912758620691
990.3911809345815,114.30075000000011
990.6744946008561,102.04450862068938
990.9577484655115,79.36647413793139
991.2409425188658,86.09943103448245
991.5240767512364,73.35799137931053
991.8071511529406,90.44627586206866
992.090165714296,97.7109568965518
992.3731204256198,100.54903448275854
992.6560152772302,67.80147413793088
992.9388502594439,80.54956034482757
993.2216253625792,73.45768965517323
993.504340576953,93.35746551724196
993.786995892883,106.20524999999952
994.069591300687,84.72359482758588
994.3521267906818,72.93261206896545
994.6346023531856,70.84559482758664
994.9170179785156,68.43954310344793
995.1993736569893,77.61178448275905
995.4816693789244,87.44868103448266
995.7639051346382,92.02815517241356
996.0460809144483,90.49944827586205
996.328196708672,63.35493103448266
996.610252507627,60.423801724137775
996.8922483016308,68.3398448275866
997.174184081001,61.2945000000002
997.4560598360551,70.87882758620731
997.7378755571104,64.19239655172373
998.0196312344846,75.01298275862041
998.3013268584948,54.46184482758599
998.582962419459,75.88368103448283
998.8645379076945,79.45952586206931
999.146053313519,61.4407241379306
999.4275086272497,70.90541379310321
999.7089038392044,65.3422499999997
999.9902389397004,72.5736982758624
1000.2715139190549,79.8184396551726
1000.5527287675861,60.543439655172506
1000.8338834756111,70.24075862068958
1001.1149780334474,77.63172413793086
1001.3960124314128,64.11263793103558
1001.6769866598245,69.7688534482752
1001.9579007090001,62.31806896551734
1002.2387545692569,71.49031034482778
1002.5195482309128,67.98757758620673
1002.8002816842849,69.0643189655168
1003.0809549196912,69.05102586206908
1003.3615679274488,45.3427758620694
1003.6421206978755,73.06554310344791
1003.9226132212885,65.12291379310295
1004.2030454880053,59.73920689655165
1004.4834174883438,64.75070689655104
1004.7637292126209,50.89929310344883
1005.0439806511547,60.89570689655193
1005.3241717942625,72.46070689655176
1005.6043026322618,54.60806896551685
1005.88437315547,47.39656034482732
1006.1643833542047,71.32414655172443
1006.4443332187833,50.055181034482985
1006.7242227395233,45.23643103448285
1007.0040519067426,71.09151724137882
1007.2838207107583,56.56215517241321
1007.5635291418881,50.48720689655147
1007.8431771904494,60.942232758620776
1008.1227648467594,65.2957241379313
1008.4022921011363,45.81468103448242
1008.6817589438969,45.74821551724153
1008.9611653653593,50.64672413793119
1009.2405113558408,37.26721551724131
1009.5197969056588,56.90112931034514
1009.7990220051308,45.20984482758604
1010.0781866445743,46.053956896551426
1010.357290814307,48.194146551723634
1010.6363345046461,55.352482758621136
1010.9153177059095,56.18994827586221
1011.1942404084145,58.70234482758633
1011.4731026024787,45.72162931034427
1011.7519042784193,49.03161206896516
1012.0306454265539,37.280508620689716
1012.3093260372002,35.771741379310015
1012.5879461006755,56.07695689655111
1012.8665056072978,59.479991379309695
1013.145004547384,48.739163793104126
1013.423442911252,43.461801724137786
1013.701820689219,52.62074999999959
1013.9801378716024,44.19292241379276
1014.2583944487204,64.31203448275824
1014.5365904108897,51.48418965517226
1014.8147257484286,34.94092241379235
1015.0928004516539,34.34937931034551
1015.3708145108835,44.97056896551726
1015.6487679164347,42.12584482758621
1015.926660658625,37.812232758620894
1016.204492727772,44.29926724137954
1016.4822641141933,34.28291379310326
1016.7599748082064,23.76142241379307
1017.0376248001287,38.49682758620634
1017.3152140802778,28.207965517241064
1017.592742638971,62.12531896551741
1017.8702104665258,57.712008620690085
1018.1476175532599,57.78512068965506
1018.4249638894908,35.88473275862043
1018.7022494655358,42.73068103448236
1018.9794742717129,38.27084482758664
1019.2566382983392,38.849094827586896
1019.5337415357322,45.10349999999971
1019.8107839742094,33.26599137931021
1020.0877656040884,34.322793103448475
1020.3646864156866,34.61524137931042
1020.6415463993217,40.82312068965484
1020.9183455453111,45.103499999999485
1021.1950838439726,42.73068103448236
1021.4717612856232,41.37478448275874
1021.7483778605803,34.52218965517318
1022.0249335591622,56.15006896551745
1022.3014283716853,21.548120689655434
1022.5778622884684,50.22799137931088
1022.8542352998282,43.22917241379332
1023.1305473960822,32.907077586206924
1023.4067985675482,33.76448275862094
1023.6829888045435,27.277448275862298
1023.9591180973856,39.55362931034483
1024.2351864363918,26.42004310344828
1024.5111938118805,26.499801724137797
1024.7871402141682,31.159034482758216
1025.063025633573,38.37718965517206
1025.3388500604121,33.09318103448254
1025.6146134850028,21.561413793103384
1025.8903158976632,19.235120689654877
1026.1659572887106,22.43875862068944
1026.4415376484621,35.691982758620725
1026.717056967236,26.313698275861498
1026.9925152353492,19.846603448276255
1027.2679124431193,10.175870689655085
1027.5432485808635,16.19100000000026
1027.8185236389,24.28650000000016
1028.0937376075456,21.395249999999805
1028.3688904771186,35.665396551723916
1028.643982237936,18.178318965516837
1028.9190128803152,16.755956896551652
1029.193982394574,8.029034482758789
1029.4688907710297,45.0702672413795
1029.7437379999997,24.366258620689678
1030.0185240718022,38.25090517241392
1030.293248976754,15.93178448275853
1030.5679127051728,24.42607758620693
1030.842515247376,23.82124137931055
1031.1170565936816,38.609818965517206
1031.3915367344061,36.31675862069005
1031.665955659868,28.327603448276022
1031.9403133603844,12.016965517241715
1032.2146098262729,34.97415517241325
1032.488845047851,16.14447413793073
1032.7630190154362,39.95242241379265
1033.0371317193458,14.4296637931036
1033.3111831498973,16.044775862068718
1033.5851732974086,16.49674137931015
1033.859102152197,37.652715517241404
1034.13296970458,26.214000000000397
1034.4067759448753,8.673749999999927
1034.6805208633998,36.742137931034904
1034.9542044504717,14.037517241379874
1035.227826696408,33.89076724137976
1035.5013875915265,23.375922413792978
1035.7748871261447,23.841181034482588
1036.0483252905797,15.300362068965796
1036.32170207515,7.118456896551606
1036.595017470172,17.453844827586636
1036.8682714659637,23.63513793103425
1037.1414640528424,40.97599137930979
1037.4145952211256,19.540862068965453
1037.6876649611315,25.722155172413522
1037.960673263177,18.523939655172626
1038.2336201175794,29.969301724138177
1038.5065055146567,19.88648275862056
1038.7793294447265,11.697931034482963
1039.0520918981051,26.034543103448414
1039.3247928651115,14.575887931034686
1039.5974323360626,15.087672413793143
1039.8700103012757,20.36503448275903
1040.142526751069,19.78013793103446
1040.414981675759,26.446629310344406
1040.6873750656641,6.659844827586085
1040.9597069111012,18.842974137930923
1041.231977202388,37.62612931034437
1041.5041859298422,33.19287931034478
1041.776333083781,12.216362068965282
1042.0484186545225,15.67256896551794
1042.3204426323834,21.90038793103463
1042.5924050076817,7.789758620689554
