371.46153840273,9.6640862068964
371.8391998916188,14.449603448275866
372.21681955928005,-6.6930775862065275
372.59439739603135,-0.7244741379308834
372.97193339219024,-11.458655172413728
373.3494275380741,-7.643534482758923
373.72687982400055,-7.5106034482762425
374.104290240287,-5.5764568965519175
374.481658777251,26.772310344827474
374.85898542521005,10.342034482757981
375.2362701744817,9.245353448275637
375.61351301538343,11.033275862068876
375.9907139382327,4.180681034482404
376.36787293334714,-17.80611206896583
376.7449899910441,13.213344827586525
377.12206510164117,17.88587068965512
377.49909825545586,2.412698275861885
377.8760894428056,3.5027327586203683
378.25303865400804,11.584939655171638
378.62994587938056,-1.5287068965517392
379.0068111092407,-2.1202500000003965
379.38363433390595,-1.6549913793107862
379.76041554369385,5.416939655172655
380.13715472892187,36.356637931034584
380.51385187990763,44.279327586207046
380.89050698696843,51.09868965517262
381.26712004042196,43.887181034481955
381.64369103058567,32.09619827586221
382.02021994777704,66.85101724137917
382.3967067823135,67.54225862068938
382.77315152451274,53.956706896551395
383.14955416469223,71.22444827586196
383.52591469316934,53.85036206896575
383.90223310026164,52.853379310344735
384.27850937628665,66.99724137931025
384.65474351156195,54.235862068965616
385.0309354964049,67.34286206896513
385.4070853211331,72.87943965517252
385.783192976064,52.51440517241349
386.15925845151514,65.71445689655206
386.5352817378041,58.56276724137956
386.9112628252483,78.1833879310343
387.2872017041652,75.65105172413791
387.6630983648723,56.06366379310293
388.03895279768733,70.09453448275917
388.4147649929276,76.67462068965483
388.79053494091056,83.66679310344807
389.16626263195394,70.67943103448283
389.541948056375,60.8824137931033
389.91759120449143,84.76347413793064
390.2931920666206,88.31273275862122
390.66875063308015,60.66972413793064
391.04426689418744,65.94043965517244
391.41974084026015,75.03292241379336
391.79517246161566,71.68306034482725
392.17056174857146,91.62271551724098
392.54590869144516,81.6130086206897
392.9212132805541,93.11818965517273
393.296475506216,77.6117844827586
393.6716953587482,81.30062068965503
394.04687282846834,100.56897413793104
394.4220079056938,98.11639655172371
394.79710058074215,85.60758620689649
395.1721508439309,93.8493103448277
395.5471586855775,99.36594827586237
395.92212409599955,96.14901724137962
396.29704706551445,77.43897413793161
396.67192758443974,88.71817241379244
397.04676564309307,80.07765517241342
397.4215612317917,115.48383620689629
397.7963143408533,95.79010344827566
398.1710249605953,104.53031896551738
398.54569308133523,98.48195689655222
398.92031869339064,105.3079655172412
399.29490178707897,103.63303448275838
399.6694423527178,107.86688793103417
400.0439403806246,105.42095689655116
400.41839586111684,118.72735344827561
400.792808784512,115.13156896551754
401.1671791411277,101.82517241379287
401.5415069212814,104.18469827586136
401.91579211529057,110.5321551724137
402.2900347134728,121.51890517241304
402.6642347061454,144.60237931034408
403.0383920836261,123.42646551724124
403.41250683623224,113.13760344827597
403.7865789542815,144.80177586206878
404.1606084280912,137.92259482758618
404.53459524797904,130.1727155172414
404.9085394042624,135.26397413793097
405.2824408872587,132.7183448275864
405.65629968728564,142.61506034482818
406.0301157946606,134.75218965517206
406.4038891997011,138.52743103448302
406.7776198927248,136.98543103448264
407.15130786404893,145.5461896551726
407.5249531039912,159.33113793103416
407.8985556028691,148.49061206896545
408.272115351,155.40967241379326
408.64563233870155,160.5142241379308
409.01910655629126,167.45322413793065
409.39253799408647,170.83631896551697
409.7659266424049,170.4375258620687
410.13927249156393,158.51361206896513
410.51257553188105,156.55287931034445
410.8858357536738,175.0236465517239
411.25905314725975,161.15229310344807
411.63222770295624,159.45742241379276
412.00535941108103,178.08770689655194
412.3784482619514,170.51728448275867
412.75149424588494,195.88717241379368
413.1244973531991,179.76928448275885
413.4974575742115,177.42305172413808
413.87037489923966,182.201922413793
414.2432493186009,183.0327413793102
414.6160808226129,182.52095689655243
414.9888694015931,200.44670689655163
415.3616150458589,203.0787413793105
415.734317745728,198.6986637931027
416.1069774915178,202.80623275862035
416.47959427354584,191.20135344827668
416.8521680821296,180.71309482758625
417.2246989075866,215.5410258620691
417.5971867402344,206.02316379310332
417.9696315703904,215.29510344827622
418.34203338837216,216.1790948275866
418.71439218449717,205.87693965517246
419.08670794908295,226.1090431034479
419.458980672447,216.49148275862035
419.8312103449069,235.46074137931032
420.20339695678,233.22749999999974
420.5755404983839,219.70841379310286
420.9476409600361,246.7332931034489
421.3196983320541,248.341758620689
421.6917126047555,239.01664655172362
422.0636837684576,240.17979310344867
422.4356118134781,257.5007068965515
422.8074967301344,301.3347155172414
423.179338508744,263.17021551724156
423.5511371396245,299.6597844827579
423.92289261309327,272.5019741379317
424.29460491946793,272.920706896552
424.666274049066,292.5280344827586
425.0378999922049,299.97881896551667
425.4094827392022,299.2410517241383
425.7810222803753,314.906974137931
426.1525186060418,322.0852500000001
426.5239717065192,325.63450862068976
426.895381572125,313.10575862069004
427.2667481931767,340.6490689655168
427.63807155999183,336.3886293103451
428.00935166288787,360.7017155172414
428.3805884921823,346.23217241379325
428.7517820381926,329.8085431034483
429.1229322912364,348.45876724137975
429.4940392416312,344.88956896551804
429.8651028796943,379.0063189655177
430.23612319574346,362.8485517241377
430.60710018009604,378.3416637931034
430.97803382306955,390.5181465517237
431.3489241149815,365.1947844827589
431.71977104614945,357.0261724137929
432.0905746068909,378.31507758620637
432.4613347875234,370.27939655172395
432.8320515783643,414.27292241379337
433.20272496973126,395.7157500000003
433.5733549519417,376.93924137931026
433.94394151531304,400.9200000000001
434.31448465016297,387.6601293103449
434.68498434680896,408.6632327586203
435.0554405955685,423.338818965517
435.425853386759,402.1030862068965
435.79622271069803,435.3424913793099
436.1665485577032,413.24935344827577
436.53683091809177,421.790172413793
436.9070697821815,422.48141379310346
437.2772651402898,401.45172413793125
437.6474169827341,407.393741379311
438.017525299832,418.240913793104
438.387590081901,431.68024137931025
438.7576113192586,434.89717241379344
439.12758900222224,430.51044827586225
439.4975231211095,418.7792844827586
439.8674136662379,430.3908103448275
440.2372606279249,424.136405172414
440.60706399648797,417.88199999999983
440.9768237622447,426.5889827586202
441.34653991551255,426.8947241379308
441.716212446609,452.56370689655137
442.08584134585163,447.01383620689626
442.4554266035579,454.19211206896557
442.8249682100453,433.4016982758619
443.1944661556314,451.6597758620685
443.56392043063363,462.8193362068964
443.93333102536957,457.0700689655173
444.3026979301566,478.1529310344822
444.67202113531243,482.2671465517244
445.04130063115434,482.24056034482714
445.41053640800004,483.52334482758647
445.7797284561669,480.86472413793126
446.1488767659724,487.09918965517204
446.5179813277342,504.1077155172411
446.88704213176965,529.0455775862065
447.2560591683964,516.0914482758619
447.62503242793184,537.7924396551718
447.99396190069353,552.1888706896555
448.36284757699894,589.9213448275868
448.73168944716554,585.0826551724142
449.10048750151105,595.6573189655176
449.4692417303527,586.2325086206899
449.83795212400815,597.2790775862061
450.20661867279483,585.3352241379307
450.57524136703034,630.4918965517243
450.94382019703215,655.1439568965511
451.3123551531177,671.0358620689653
451.6808462256046,684.7344051724144
452.0492934048102,668.7959741379302
452.41769668105223,674.7845172413793
452.786056044648,697.8746379310339
453.15437148591514,698.4063620689653
453.5226429951711,767.1981724137931
453.8908705627333,734.1980431034481
454.2590541789195,793.5716896551726
454.62719383404686,742.8186206896551
454.9952895184332,757.062181034483
455.36334122239583,768.8731034482757
455.73134893625235,773.6253879310345
456.09931265032026,838.4093275862069
456.467232354917,801.2551034482763
456.8351080403602,794.2762241379312
457.2029396969672,850.4262931034482
457.5707273150556,849.2830862068963
457.93847088494294,864.988887931034
458.30617039694664,823.0757327586209
458.6738258413843,887.7666206896549
459.0414372085733,853.0716206896554
459.4090044888313,853.6631637931041
459.77652767247565,903.7648706896548
460.144006749824,902.4222672413791
460.5114417111938,884.9086034482759
460.8788325469025,871.5224482758615
461.24617924726766,944.2955431034475
461.61348180260677,889.7605862068967
461.98074020323736,891.9871810344825
462.34795443947695,948.0707844827584
462.715124501643,910.8966206896553
463.08225038005304,947.3795431034489
463.4493320650245,970.5627155172413
463.816369546875,948.988008620689
464.183362815922,980.7053534482759
464.550311862483,990.7948189655169
464.9172166768755,978.3125948275867
465.28407724941707,979.2630517241371
465.6508935704251,980.5391896551719
466.01766563021727,984.1283275862068
466.3843934191109,1013.3332758620684
466.75107692742347,991.0340948275859
467.11771614547274,998.0727931034482
467.484311063576,1003.7888275862065
467.8508616720508,1037.5732499999995
468.21736796121473,1026.9919396551727
468.58382992138525,1056.3231724137931
468.9502475428798,1076.0169051724142
469.31662081601587,1099.4127672413792
469.6829497311111,1092.679810344827
470.0492342784829,1097.2194051724139
470.41547444844883,1104.7366551724133
470.78167023132636,1104.8230603448278
471.147821617433,1143.7386206896554
471.5139285970863,1137.863068965517
471.8799911606036,1153.661922413793
472.2460092983026,1180.5472241379305
472.6119830005008,1203.6705775862067
472.97791225751564,1186.3097844827587
473.3437970596646,1227.7510344827583
473.70963739726517,1229.7582931034485
474.075433260635,1256.297974137931
474.44118464009136,1259.4285000000007
474.80689152595204,1301.7603879310348
475.17255390853427,1322.2782931034483
475.53817177815574,1350.4663189655173
475.903745125134,1330.6463017241376
476.26927393978633,1391.3359655172417
476.6347582124304,1407.4405603448276
477.0001979333836,1439.34400862069
477.36559309296365,1447.9247068965515
477.7309436814879,1521.5751465517242
478.09624968927386,1498.0264137931038
478.461511106639,1519.9733275862066
478.826727923901,1534.0906034482766
479.1919001313771,1572.8134137931029
479.557027719385,1604.4576465517237
479.9221106782422,1676.7189568965514
480.2871489982661,1679.2778793103446
480.6521426697744,1688.1975517241385
481.01709168308435,1722.3874137931045
481.38199602851364,1732.1511982758618
481.74685569637967,1790.9864741379308
482.111670677,1817.1938275862071
482.4764409606922,1857.0664913793098
482.84116653777363,1894.4001724137936
483.2058473985619,1915.4099224137929
483.57048353337444,1935.7683103448285
483.93507493252883,1958.6191551724141
484.29962158634265,1972.3974568965514
484.6641234851332,1988.0168534482764
485.02858061921813,2047.3971465517243
485.3929929789149,2079.8323189655175
485.757360554541,2118.2161551724143
486.121683336414,2140.741318965518
486.4859613148513,2142.0041637931035
486.8501944801706,2193.5946982758614
487.2143828226892,2192.730646551724
487.57852633272466,2215.5947844827588
487.94262500059455,2275.965413793104
488.3066788166163,2285.0180172413793
488.67068777110745,2297.2144396551716
489.0346518543855,2320.397612068965
489.39857105676805,2346.724603448277
489.7624453685724,2333.2055172413784
490.12627478011626,2361.8255689655175
490.49005928171704,2377.8304655172415
490.85379886369225,2403.379810344828
491.2174935163594,2441.896577586207
491.581143230036,2457.0507155172418
491.94474799503956,2488.056879310345
492.30830780168753,2465.1794482758614
492.67182264029753,2482.5934137931035
493.035292501187,2473.7136206896553
493.3987173746735,2510.8545517241387
493.7620972510744,2488.934224137931
494.1254321207073,2500.4593448275864
494.48872197388977,2524.2008275862063
494.8519668009391,2537.753146551725
495.21516659217303,2540.4383534482763
495.5783213379091,2521.1035344827596
495.9414310284645,2526.952500000001
496.30449565415705,2523.522879310345
496.66751520530397,2551.3519913793107
497.03048967222315,2544.3864051724136
497.39341904523167,2576.3629655172417
497.75630331464737,2567.323655172414
498.11914247078755,2555.0341810344826
498.4819365039699,2577.8252068965517
498.8446854045118,2591.5303965517237
499.20738916273064,2608.1534224137927
499.5700477689442,2573.039689655173
499.93266121346977,2596.3823793103447
500.29522948662503,2556.98826724138
500.6577525787273,2575.591965517242
501.02023048009426,2603.048870689656
501.38266318104326,2558.0716551724126
501.7450506718919,2586.8512241379312
502.1073929429577,2602.01200862069
502.469689984558,2624.1716120689653
502.8319417870105,2623.6133017241386
503.1941483406327,2607.202965517242
503.5563096357421,2629.475560344827
503.91842566265603,2655.297413793105
504.28049641169207,2628.1396034482746
504.64252187316794,2703.810594827586
505.0045020374009,2698.553172413793
505.36643689470856,2676.566379310346
505.72832643540835,2742.1080258620696
506.0901706498178,2744.959396551726
506.45196952825466,2743.3841637931046
506.813723061036,2770.349224137934
507.1754312384797,2755.8929741379307
507.537094050903,2825.3095603448282
507.8987114886236,2796.8756120689663
508.26028354195887,2825.0569913793097
508.62181020122637,2862.277681034483
508.9832914567437,2870.3931206896555
509.3447272988281,2911.5286293103436
509.7061177177974,2923.951034482757
510.0674627039689,2893.383543103448
510.42876224766013,2892.5194913793102
510.7900163391887,2966.2829224137936
511.151224968872,2944.488879310345
511.51238812702763,2938.7130258620673
511.87350580397293,2983.224982758621
512.2345779900257,3099.2139568965504
512.5956046755031,3086.0205517241375
512.9565858507228,3096.6816206896565
513.3175215060025,3083.2688793103443
513.6784116316593,3196.472948275864
514.0392562180111,3191.089241379311
514.4000552553752,3237.0501465517245
514.7608087340691,3230.1310862068963
515.1215166444102,3322.445043103449
515.4821789767162,3331.2384310344833
515.8427957213047,3359.9515344827587
516.2033668684929,3394.3806724137926
516.5638924085987,3397.9033448275854
516.924372331939,3410.252637931035
517.284806628832,3440.447922413794
517.6451952895948,3470.9489482758613
518.0055383045449,3538.138939655173
518.365835664,3596.435844827587
518.7260873582774,3597.087206896552
519.0862933776949,3668.2717758620697
519.4464537125696,3678.5872241379325
519.8065683532194,3701.012689655172
520.1666372899614,3747.877525862071
520.5266605131134,3758.5452413793105
520.8866380129929,3821.9599913793104
521.2465697799173,3818.8095258620697
521.6064558042042,3878.0834741379304
521.966296076171,3859.0942758620677
522.3260905861354,3956.147224137931
522.6858393244146,3938.945948275862
523.0455422813262,4029.950534482759
523.405199447188,4038.2653706896554
523.7648108123171,4087.7356551724138
524.1243763670313,4163.3268879310335
524.4838961016479,4120.19076724138
524.8433700064846,4175.503370689654
525.2027980718589,4164.164353448276
525.5621802880879,4265.258405172413
525.9215166454898,4273.672939655171
526.2808071343813,4299.169112068967
526.6400517450808,4358.62251724138
526.999250467905,4325.6689137931035
527.3584032931719,4368.532525862069
527.7175102111987,4360.13128448276
528.0765712123032,4376.096301724138
528.4355862868027,4441.996862068965
528.7945554250149,4457.709310344828
529.153478617257,4430.518267241379
529.5123558538468,4486.6151637931025
529.8711871251016,4522.386905172414
530.229972421339,4549.717525862069
530.5887117328764,4525.94281034483
530.9474050500316,4539.1561551724135
531.3060523631218,4543.516293103448
531.6646536624647,4565.44326724138
532.0232089383777,4589.171456896553
532.3817181811784,4589.364206896553
532.740181381184,4598.51650862069
533.0985985287124,4569.504310344828
533.4569696140809,4615.8706551724135
533.815294627607,4602.550965517241
534.1735735596084,4621.599982758622
534.5318064004024,4630.174034482758
534.8899931403066,4632.500327586206
535.2481337696383,4620.416896551724
535.6062282787153,4619.280336206897
535.9642766578552,4634.221784482756
536.322278897375,4619.699068965516
536.6802349875926,4616.9141637931025
537.0381449188254,4643.507017241378
537.396008681391,4659.066594827586
537.7538262656067,4648.385586206898
538.1115976617901,4650.166862068964
538.4693228602589,4639.146879310345
538.8270018513302,4704.987620689656
539.184634625322,4626.711181034483
539.5422211725514,4667.0557499999995
539.8997614833361,4635.757137931035
540.2572555479934,4705.592456896553
540.6147033568411,4695.974896551723
540.9721049001965,4686.058241379311
541.3294601683773,4728.283784482757
541.6867691517009,4711.428129310345
542.0440318404848,4699.451043103447
542.4012482250464,4705.512698275861
542.7584182957032,4741.284439655172
543.1155420427729,4775.893034482758
543.472619456573,4796.324534482758
543.8296505274208,4756.285706896552
544.1866352456341,4787.883413793103
544.54357360153,4842.883629310342
544.9004655854266,4844.505387931037
545.2573111876407,4776.225362068966
545.6141103984902,4803.097370689656
545.9708632082926,4804.247224137933
546.3275696073654,4824.718603448276
546.684229586026,4913.43677586207
547.040843134592,4849.25102586207
547.397410243381,4944.110612068966
547.7539309027102,4856.090327586207
548.1104051028973,4901.539448275861
548.46683283426,4838.344034482758
548.8232140871154,4927.573991379311
549.1795488517813,5024.0221034482765
549.5358371185752,4912.805353448275
549.8920788778144,4923.885155172414
550.2482741198164,5067.7032413793095
550.604422834899,5035.148431034483
550.9605250133797,5004.793629310342
551.3165806455755,5075.546172413793
551.6725897218045,4987.0207500000015
552.0285522323837,5111.550543103449
552.3844681676312,5092.375241379312
552.740337517864,5139.186905172414
553.0961602733997,5179.378603448275
553.451936424556,5262.639956896551
553.8076659616502,5177.843249999998
554.1633488749999,5256.711232758621
554.5189851549228,5262.081646551724
554.8745747917361,5261.4435775862075
555.2301177757573,5311.698155172415
555.5856140973041,5376.6416120689655
555.9410637466939,5417.252043103446
556.2964667142442,5432.725215517239
556.6518229902725,5497.881362068964
557.0071325650965,5523.543698275861
557.3623954290335,5477.915120689655
557.717611572401,5493.946603448277
558.0727809855165,5541.589086206897
558.4279036586978,5579.1487499999985
558.7829795822619,5614.568224137931
559.1380087465267,5649.555672413794
559.4929911418096,5677.663939655173
559.8479267584282,5701.039862068965
560.2028155866997,5752.450939655173
560.5576576169418,5789.365887931033
560.9124528394722,5834.57573275862
561.267201244608,5876.415775862068
561.6219028226669,5880.642982758623
561.9765575639667,5867.615741379308
562.3311654588246,5962.967172413793
562.6857264975578,6035.381353448276
563.0402406704843,5987.632525862069
563.3947079679216,6046.5675
563.7491283801869,6034.0852758620695
564.1035018975979,6130.792603448276
564.4578285104722,6156.660982758621
564.812108209127,6209.434603448277
565.1663409838801,6183.0079137931025
565.5205268250488,6240.573698275862
565.8746657229508,6248.08430172414
566.2287576679033,6327.450775862069
566.582802650224,6366.731896551725
566.9368006602307,6324.991551724137
567.2907516882406,6345.61580172414
567.6446557245708,6430.432448275862
567.9985127595396,6394.747112068965
568.3523227834639,6445.300784482757
568.7060857866617,6421.69223275862
569.05980175945,6474.13352586207
569.4134706921468,6516.50529310345
569.7670925750693,6462.422301724137
570.1206673985349,6515.867224137931
570.4741951528614,6501.829706896553
570.8276758283661,6538.372448275861
571.1811094153666,6561.735077586207
571.5344959041804,6560.910905172414
571.887835285125,6604.778146551724
572.241127548518,6582.53878448276
572.5943726846766,6637.592172413795
572.9475706839186,6655.252060344827
573.3007215365616,6637.173439655174
573.6538252329226,6616.4627844827555
574.0068817633196,6634.1957844827575
574.35989111807,6652.799482758619
574.7128532874912,6635.119655172413
575.0657682619006,6652.467155172413
575.418636031616,6647.349310344829
575.7714565869547,6566.201560344827
576.1242299182344,6628.406637931036
576.4769560157722,6589.092284482759
576.8296348698861,6597.014974137929
577.1822664708935,6601.42828448276
577.5348508091115,6651.064732758619
577.887387874858,6628.001198275864
578.2398776584505,6559.907275862068
578.5923201502063,6595.891706896551
578.9447153404429,6559.973741379308
579.2970632194782,6572.030586206896
579.6493637776293,6502.102215517241
580.0016170052138,6512.430956896554
580.3538228925493,6508.389853448278
580.7059814299532,6456.639801724137
581.058092607743,6473.508750000001
581.4101564162362,6498.7789396551725
581.7621728457506,6437.8832327586215
582.1141418866034,6412.174370689657
582.466063529112,6435.198025862068
582.8179377635942,6463.532275862069
583.1697645803674,6421.060810344829
583.5215439697491,6368.931905172414
583.8732759220567,6414.739939655172
584.2249604276079,6366.146999999997
584.57659747672,6415.072267241378
584.9281870597107,6374.860629310343
585.2797291668975,6352.142715517242
585.6312237885977,6364.053336206897
585.982670915129,6355.426112068966
586.3340705368088,6395.451646551723
586.6854226439547,6358.849086206896
587.0367272268841,6340.491310344825
587.3879842759146,6391.237732758618
587.7391937813636,6346.778948275861
588.0903557335488,6395.1326120689655
588.4414701227875,6435.237905172415
588.7925369393971,6434.473551724135
589.1435561736955,6416.846896551726
589.494527816,6405.501232758623
589.8454518566281,6403.793068965519
590.1963282858972,6456.96548275862
590.547157094125,6492.936620689656
590.8979382716288,6429.435465517241
591.2486718087263,6451.535250000001
591.5993576957351,6480.8066637931015
591.9499959229723,6510.609801724142
592.3005864807558,6548.382155172414
592.6511293594028,6503.338474137932
593.0016245492311,6571.385870689657
593.3520720405579,6586.74605172414
593.7024718237009,6559.754405172413
594.0528238889776,6561.150181034483
594.4031282267056,6573.320017241379
594.7533848272021,6678.701094827586
595.1035936807849,6681.379655172416
595.4537547777715,6696.680017241376
595.803868108479,6726.655965517242
596.1539336632253,6762.919551724138
596.5039514323281,6759.217422413794
596.8539214061043,6751.713465517243
597.2038435748719,6799.475586206897
597.5537179289481,6821.262982758621
597.9035444586507,6947.687043103449
598.2533231542969,6958.30823275862
598.6030540062044,6976.852112068962
598.9527370046907,6960.94026724138
599.3023721400731,6934.653155172414
599.6519594026695,7024.102448275864
600.001498782797,7010.756172413795
600.3509902707734,7076.164887931034
600.700433856916,7097.334155172414
601.0498295315423,7189.116387931037
601.39917728497,7156.35553448276
601.7484771075166,7236.532887931035
602.0977289894995,7222.5884224137935
602.4469329212361,7288.522215517243
602.796088893044,7214.772077586205
603.1451968952409,7304.846146551724
603.494256918144,7368.739448275863
603.8432689520711,7397.738353448274
604.1922329873393,7420.66895689655
604.5411490142665,7401.972206896551
604.89001702317,7452.206844827588
605.2388370043674,7509.666284482756
605.5876089481761,7434.540310344827
605.9363328449137,7432.818853448276
606.2850086848979,7535.162456896552
606.6336364584456,7586.088336206896
606.982216155875,7637.672224137931
607.3307477675032,7639.87887931035
607.6792312836478,7701.4259482758625
608.0276666946264,7755.236431034481
608.3760539907562,7733.163232758619
608.7243931623551,7837.135241379312
609.0726841997404,7797.275870689657
609.4209270932297,7898.223698275864
609.7691218331404,7879.746284482761
610.11726840979,7963.871689655168
610.4653668134961,7962.150232758622
610.813417034576,7950.193086206895
611.1614190633476,8003.990275862068
611.5093728901279,7990.14550862069
611.857278505235,8057.52825
612.2051358989859,8113.591913793104
612.5529450616983,8093.619025862066
612.9007059836897,8091.133215517239
613.2484186552775,8112.368948275863
613.5960830667797,8147.396275862066
613.943699208513,8124.35932758621
614.2912670707955,8171.529905172414
614.6387866439445,8217.84972413793
614.9862579182775,8246.017810344825
615.333680884112,8201.053887931035
615.6810555317657,8263.079508620693
616.0283818515558,8242.428672413796
616.3756598338,8193.83573275862
616.7228894688157,8290.343663793103
617.0700707469207,8314.842853448277
617.4172036584321,8265.97075862069
617.7642881936675,8295.827068965515
618.1113243429445,8335.806077586205
618.4583120965808,8306.25550862069
618.8052514448935,8283.65723275862
619.1521423782003,8362.837603448272
619.4989848868188,8293.394431034481
619.8457789610666,8372.102896551725
620.1925245912607,8352.229706896553
620.5392217677189,8334.430241379308
620.885870480759,8243.46553448276
621.2324707206981,8317.614465517243
621.5790224778539,8259.64324137931
621.9255257425439,8271.926068965518
622.2719805050855,8284.993189655172
622.6183867557961,8274.17925
622.9647444849935,8244.848017241378
623.3110536829952,8198.54149137931
623.6573143401184,8220.362120689655
624.0035264466808,8240.654043103448
624.349689993,8199.658112068968
624.6958049693934,8113.571974137931
625.0418713661784,8068.973612068963
625.3878891736726,8064.473896551723
625.7338583821937,8058.724629310344
626.0797789820589,8059.821310344825
626.4256509635858,8027.891275862068
626.7714743170919,8121.926689655172
627.117249032895,8008.210836206899
627.462975101312,7969.029413793105
627.808652512661,7982.880827586207
628.1542812572592,7941.931422413791
628.499861325424,7878.377094827588
628.8453927074733,7899.792284482758
629.1908753937244,7897.904663793106
629.5363093744947,7876.98796551724
629.8816946401017,7774.55795689655
630.227031180863,7813.593155172413
630.5723189870963,7780.234112068969
630.9175580491187,7754.412258620691
631.2627483572479,7711.389129310346
631.6078899018016,7713.961344827588
631.9529826730972,7730.198870689658
632.2980266614518,7666.97022413793
632.6430218571834,7644.312129310347
632.9879682506095,7626.339853448275
633.3328658320472,7663.879577586207
633.6777145918143,7572.276801724134
634.0225145202284,7566.354724137935
634.3672656076068,7509.573232758621
634.7119678442671,7600.265431034484
635.0566212205266,7558.2326379310325
635.4012257267033,7467.932586206897
635.7457813531141,7443.327051724135
636.0902880900769,7433.1113017241405
636.4347459279091,7383.680896551723
636.7791548569284,7398.881560344827
637.1235148674518,7401.081568965517
637.4678259497972,7336.031767241377
637.8120880942822,7316.796646551725
638.1563012912239,7309.146465517243
638.5004655309402,7284.660568965519
638.8445808037485,7310.947681034482
639.1886470999663,7248.29728448276
639.5326644099108,7196.567172413791
639.8766327238999,7130.221293103448
640.2205520322509,7131.065405172416
640.5644223252815,7188.252336206897
640.9082435933088,7115.372896551723
641.252015826651,7182.044456896552
641.5957390156251,7114.482258620692
641.9394131505485,7082.49905172414
642.283038221739,7072.848258620688
642.6266142195141,7073.605965517239
642.9701411341911,7013.8202327586205
643.3136189560876,7067.624068965518
643.6570476755212,7084.911749999998
644.0004272828095,7052.283827586205
644.3437577682696,6999.849181034486
644.6870391222192,7058.185965517243
645.030271334976,7022.613620689655
645.3734543968574,6990.138568965515
645.7165882981807,7001.663689655177
646.0596730292636,6955.749310344826
646.4027085804239,7048.967198275865
646.7456949419784,6955.024836206896
647.0886321042451,6976.539724137932
647.4315200575415,6995.010491379311
647.7743587921849,7023.550784482758
648.1171482984928,6919.804758620687
648.459888566783,6966.377146551722
648.8025795873729,6922.423499999999
649.1452213505797,6946.982508620691
649.4878138467211,6983.05999137931
649.8303570661149,6959.218810344825
650.172850999078,6939.152870689655
650.5152956359285,6916.062750000001
650.8576909669837,6946.351086206899
651.2000369825611,6923.453715517243
651.542333672978,6880.0185
651.8845810285519,6950.910620689656
652.2267790396008,6996.751887931033
652.5689276964417,6889.330318965517
652.9110269893924,6986.350034482763
653.2530769087704,6981.983250000001
653.5950774448929,6952.711836206899
653.9370285880777,6968.603741379311
654.2789303286421,6945.719663793103
654.6207826569039,7028.774974137932
654.9625855631804,6956.553543103449
655.3043390377888,7033.852939655173
655.6460430710474,6947.002448275864
655.9876976532731,7016.206344827586
656.3293027747835,6964.489525862071
656.6708584258962,6928.498448275863
657.0123645969287,6941.359525862069
657.3538212781983,6989.666663793103
657.6952284600228,6945.2544051724135
658.0365861327195,7006.003887931036
658.3778942866063,6998.479991379311
658.719152912,6975.0974224137935
659.0603619992186,7031.373775862069
659.4015215385796,7080.5848448275865
659.7426315204004,7017.442603448275
660.0836919349985,7137.200172413794
660.4247027726914,7064.865750000001
660.7656640237967,7075.799327586204
661.1065756786317,7090.654370689656
661.4474377275141,7162.231086206896
661.7882501607614,7119.766267241377
662.1290129686911,7105.343249999999
662.4697261416204,7174.055301724139
662.8103896698674,7177.086129310343
663.1510035437491,7214.067543103446
663.4915677535832,7209.554534482759
663.8320822896872,7206.656637931033
664.1725471423786,7250.071913793104
664.5129623019748,7246.589120689651
664.8533277587933,7253.14926724138
665.193643503152,7235.190284482759
665.5339095253681,7278.8847155172425
665.8741258157589,7248.755896551725
666.2142923646422,7246.183681034481
666.5544091623356,7282.168112068968
666.8944761991562,7308.395405172414
667.2344934654218,7280.925206896554
667.57446095145,7325.54350862069
667.9143786475581,7316.271568965518
668.2542465440636,7364.625232758619
668.594064631284,7398.203612068964
668.9338328995372,7338.284948275863
669.27355133914,7378.921965517242
669.6132199404104,7366.02765517241
669.9528386936657,7400.310568965516
670.2924075892238,7414.348086206897
670.6319266174016,7393.870060344827
670.971395768517,7422.184370689653
671.3108150328875,7411.184327586207
671.6501844008304,7435.696810344829
671.9895038626635,7451.455784482757
672.328773408704,7437.471439655173
672.6679930292696,7427.78076724138
673.0071627146776,7496.153844827588
673.3462824552458,7457.224991379309
673.6853522412916,7457.936172413796
674.0243720631324,7450.904120689655
674.3633419110857,7484.980991379312
674.7022617754692,7449.8938448275885
675.0411316466003,7459.059439655174
675.3799515147962,7420.183758620691
675.718721370375,7535.920163793102
676.0574412036539,7498.473491379313
676.3961110049503,7484.49579310345
676.7347307645817,7594.615862068962
677.0733004728659,7473.788198275861
677.4118201201202,7490.019077586205
677.750289696662,7441.060577586205
678.088709192809,7527.439163793104
678.4270785988788,7518.871758620691
678.7653979051886,7463.140422413793
679.103667102056,7463.147068965518
679.4418861797986,7355.326706896551
679.780055128734,7453.157301724138
680.1181739391793,7472.033508620689
680.4562426014525,7468.902982758619
680.794261105871,7432.951784482761
681.132229442752,7397.379439655174
681.470147602413,7429.402525862068
681.808015575172,7366.313456896554
682.1458333513463,7334.955025862066
682.4836009212529,7372.222241379311
682.82131827521,7302.586318965517
683.158985403535,7265.930586206896
683.4966022965449,7289.29321551724
683.8341689445576,7283.862982758618
684.1716853378906,7226.622879310346
684.5091514668615,7264.355353448275
684.8465673217872,7227.653094827588
685.1839328929861,7270.669577586206
685.5212481707752,7191.721836206896
685.858513145472,7245.366155172414
686.1957278073941,7146.9041379310365
686.532892146859,7086.845896551723
686.8700061541842,7125.083508620691
687.207069819687,7009.466741379311
687.5440831336854,7009.087887931033
687.8810460864966,7020.606362068967
688.2179586684379,7022.600327586204
688.554820869827,6957.417594827588
688.8916326809817,6844.253405172418
689.228394092219,6977.11797413793
689.5651050938567,6890.247543103447
689.9017656762122,6880.590103448278
690.2383758296032,6856.868560344828
690.574935544347,6783.63020689655
690.911444810761,6770.902060344828
691.2479036191631,6780.366749999999
691.5843119598705,6770.622905172413
691.9206698232007,6650.19403448276
692.2569771994715,6713.170112068964
692.593234079,6647.282844827585
692.9294404521039,6627.62899137931
693.2655963091007,6560.591870689656
693.6017016403081,6498.1807499999995
693.9377564360432,6542.187568965518
694.2737606866239,6457.058534482759
694.6097143823674,6437.245163793103
694.9456175135914,6415.4710603448275
695.2814700706133,6489.633284482757
695.6172720437506,6485.273146551723
695.953023423321,6401.194267241379
696.2887241996418,6352.049663793105
696.6243743630305,6285.378103448276
696.9599739038048,6280.592586206893
697.295522812282,6250.051681034485
697.6310210787797,6249.752586206895
697.9664686936152,6196.932439655174
698.3018656471065,6141.560017241379
698.6372119295706,6155.118982758621
698.9725075313253,6134.780534482757
699.3077524426881,6120.716431034481
699.6429466539763,6092.176137931033
699.9780901555074,6026.720896551724
700.3131829375992,6078.258258620688
700.648224990569,5982.202293103448
700.9832163047344,5971.567810344828
701.3181568704127,5950.06621551724
701.6530466779217,5873.650810344827
701.9878857175788,5923.832275862071
702.3226739797014,5861.932939655173
702.657411454607,5845.323206896552
702.9920981326133,5809.843913793103
703.3267340040376,5832.335844827586
703.6613190591974,5716.22723275862
703.9958532884106,5723.538439655173
704.3303366819943,5714.871336206896
704.664769230266,5757.847939655172
704.9991509235432,5720.926344827586
705.3334817521437,5664.2910775862065
705.6677617063847,5636.435379310344
706.001990776584,5608.765784482759
706.3361689530589,5606.180275862067
706.670296226127,5481.284922413792
707.0043725861057,5545.683362068965
707.3383980233124,5531.692370689656
707.6723725280649,5549.970387931034
708.0062960906805,5510.150896551722
708.3401687014768,5487.65896551724
708.6739903507713,5461.371853448275
709.0077610288816,5414.673181034483
709.341480726125,5428.757224137931
709.675149432819,5453.422577586209
710.0087671392814,5432.838206896551
710.3423338358294,5410.691896551723
710.6758495127806,5412.13419827586
711.0093141604527,5274.87625862069
711.3427277691629,5305.211120689655
711.6760903292287,5344.771396551723
712.0094018309679,5313.280034482757
712.3426622646979,5307.038922413794
712.675871620736,5299.534965517242
713.0090298893998,5295.274525862069
713.3421370610071,5308.78696551724
713.6751931258752,5223.392068965517
714.0081980743214,5117.193465517243
714.3411518966633,5262.699775862069
714.6740545832188,5327.689758620691
715.0069061243048,5175.271034482759
715.3397065102391,5134.614077586206
715.6724557313395,5166.205137931034
716.005153777923,5218.114706896552
716.3378006403074,5164.756189655172
716.6703963088099,5177.903068965517
717.0029407737486,5192.392551724138
717.3354340254403,5189.335137931033
717.6678760542031,5132.2279655172415
718.0002668503543,5163.912077586208
718.3326064042111,5061.45548275862
718.6648947060913,5137.492034482759
718.9971317463124,5143.786318965519
719.3293175151921,5112.839974137931
719.6614520030474,5077.4072068965515
719.9935352001961,5041.216732758623
720.3255670969559,5082.152844827586
720.657547683644,5033.639663793105
720.9894769505778,5171.083706896551
721.3213548880752,5116.7282068965515
721.6531814864536,5034.178034482758
721.9849567360303,5087.47673275862
722.3166806271229,5075.652517241381
722.6483531500489,5038.072913793105
722.9799742951261,5030.329681034482
723.3115440526715,4975.130068965518
723.6430624130029,5001.4570603448265
723.9745293664379,4955.589206896551
724.3059449032936,5020.007586206896
724.6373090138878,4998.4129396551725
724.9686216885382,5035.04873275862
725.2998829175622,4962.069594827586
725.6310926912768,5032.775612068965
725.962251,5060.073
726.2933578340493,5052.86149137931
726.624413183742,4996.518672413795
726.9554170393957,4988.981482758621
727.2863693913281,5057.985982758621
727.6172702298564,4994.910206896555
727.9481195452983,5030.502491379311
728.278917327971,4969.693189655173
728.6096635681926,5001.018387931034
728.94035825628,4918.182413793104
729.2710013825509,4927.361301724138
729.6015929373231,4995.77425862069
729.9321329109138,4912.758827586205
730.2626212936404,4920.900853448275
730.5930580758207,5023.397327586207
730.9234432477722,4904.071784482758
731.253776799812,5060.026474137931
731.5840587222582,4970.052103448276
731.9142890054278,4942.010301724138
732.2444676396386,4938.015724137931
732.574594615208,4949.979517241381
732.9046699224534,4910.65851724138
733.2346935516928,4977.821922413792
733.564665493243,4950.697344827586
733.8945857374217,4927.354655172412
734.2244542745469,4993.660655172414
734.5542710949358,4901.4862758620675
734.8840361889054,4986.655189655172
735.2137495467739,4935.430215517243
735.5434111588587,4933.688818965517
735.873021015477,4979.064827586209
736.2025791069465,5015.242008620689
736.5320854235848,4990.689646551726
736.8615399557093,4959.26475
737.1909426936373,5014.078862068966
737.5202936276866,5001.104793103449
737.8495927481747,4973.342146551724
738.178840045419,4957.603112068966
738.5080355097368,5032.117603448276
738.8371791314461,5009.419629310344
739.166270900864,5029.857775862069
739.4953108083082,4952.5916120689635
739.8242988440961,4978.187482758621
740.1532349985453,4982.886594827587
740.4821192619731,4982.241879310344
740.8109516246973,5004.115681034482
741.1397320770353,4966.3699137931035
741.4684606093047,4966.894991379311
741.7971372118227,4977.642465517242
742.1257618749069,4965.020663793102
742.4543345888751,4963.359025862068
742.7828553440444,5015.0293189655185
743.1113241307326,4982.82677586207
743.4397409392571,5012.9223620689645
743.7681057599356,5000.30720689655
744.0964185830851,5007.3591982758635
744.4246793990236,5018.379181034481
744.7528881980685,4986.568784482759
745.081044970537,5035.773206896552
745.4091497067471,4957.689517241379
745.737202397016,5022.446870689654
746.0652030316613,4986.7415948275875
746.3931516010002,4976.652129310344
746.7210480953507,4968.224301724138
747.0488925050303,5002.879422413793
747.3766848203559,4967.280491379312
747.7044250316454,4981.543991379309
748.0321131292166,4973.521603448275
748.3597491033865,5019.781603448274
748.6873329444727,4989.460034482758
749.014864642793,4972.039422413793
749.3423441886647,4947.4272413793105
749.6697715724052,4965.173534482758
749.9971467843322,5001.310836206898
750.3244698147632,4965.240000000003
750.6517406540157,5006.275810344829
750.9789592924069,4969.699836206898
751.3061257202547,4954.499172413793
751.6332399278766,5014.291551724137
751.9603019055899,4973.441844827586
752.287311643712,4939.3184482758625
752.6142691325607,4954.49252586207
752.9411743624535,4972.896827586208
753.2680273237074,4952.265931034484
753.5948280066407,4926.111749999998
753.9215764015704,4887.089844827587
754.248272498814,4939.0392931034485
754.5749162886892,4908.564853448275
754.9015077615135,4889.462663793103
755.2280469076043,4874.089189655173
755.554533717279,4851.690310344829
755.8809681808553,4890.592577586207
756.2073502886508,4844.219586206895
756.5336800309826,4863.687336206896
756.8599573981685,4853.2588965517225
757.1861823805261,4882.769586206897
757.5123549683728,4808.813405172413
757.8384751520258,4825.210448275864
758.1645429218031,4805.649646551724
758.4905582680221,4814.78200862069
758.816521181,4771.586068965518
759.1424316510545,4787.338396551724
759.4682896685033,4804.280456896551
759.7940952236635,4751.54006896552
760.1198483068528,4763.012017241379
760.4455489083888,4728.077741379309
760.7711970185891,4703.944112068966
761.0967926277708,4726.56897413793
761.4223357262517,4668.757267241379
761.7478263043492,4664.443655172413
762.073264352381,4674.234025862068
762.3986498606644,4670.8509310344825
762.7239828195169,4629.462853448277
763.0492632192563,4660.010405172417
763.3744910501996,4617.838034482758
763.6996663026646,4592.401681034484
764.0247889669689,4566.526655172413
764.3498590334299,4532.290267241381
764.674876492365,4557.434172413793
764.9998413340919,4490.782551724138
765.324753548928,4544.54650862069
765.6496131271908,4472.052568965519
765.9744200591978,4477.363163793103
766.2991743352666,4426.703146551721
766.6238759457146,4493.91972413793
766.9485248808593,4395.856499999999
767.2731211310183,4424.862051724138
767.5976646865092,4417.231810344825
767.9221555376491,4360.789293103448
768.2465936747559,4339.241172413792
768.5709790881469,4275.740017241376
768.8953117681399,4280.405896551723
769.2195917050519,4268.355698275863
769.5438188892008,4302.532267241379
769.8679933109041,4219.762758620691
770.1921149604792,4186.769275862071
770.5161838282434,4215.927698275862
770.8401999045146,4194.459336206897
771.16416317961,4151.828353448276
771.4880736438472,4127.4355086206915
771.811931287544,4117.080181034484
772.1357361010175,4044.9451551724114
772.4594880745854,4045.277482758621
772.7831871985649,4049.265413793104
773.106833463274,4016.6109051724143
773.4304268590299,4000.366732758621
773.7539673761501,4005.358293103449
774.0774550049523,3953.6680603448276
774.4008897357538,3993.0422327586202
774.7242715588721,3924.881844827586
775.047600464625,3882.762646551724
775.3708764433297,3919.8570517241387
775.6940994853038,3842.7902844827595
776.0172695808648,3815.791991379309
776.3403867203302,3856.169793103448
776.6634508940177,3769.1730775862065
776.9864620922444,3785.756224137931
777.3094203053281,3762.386948275862
777.6323255235864,3721.1783275862067
777.9551777373364,3696.3866896551726
778.2779769368959,3666.9291724137934
778.6007231125826,3649.807655172414
778.9234162547136,3627.435362068966
779.2460563536066,3604.012913793104
779.568643399579,3590.985672413794
779.8911773829484,3579.7264137931033
780.2136582940323,3539.268853448277
780.5360861231482,3527.1322499999983
780.8584608606136,3511.811948275862
781.1807824967461,3504.2946982758617
781.503051021863,3484.7870689655174
781.8252664262819,3448.3107931034488
782.1474287003205,3419.3052413793093
782.4695378342959,3384.238034482757
782.7915938185259,3398.2556120689665
783.1135966433282,3361.766043103448
783.4355462990198,3371.450068965517
783.7574427759185,3348.479586206895
784.0792860643418,3358.097146551723
784.4010761546072,3311.0063275862067
784.722813037032,3274.9820172413806
785.0444967019339,3293.3796724137933
785.3661271396305,3302.6848448275878
785.6877043404394,3301.0564396551745
786.0092282946775,3252.4701465517237
786.3306989926629,3260.9843793103446
786.6521164247129,3236.9172155172405
786.9734805811449,3259.3759137931047
787.2947914522766,3237.189724137931
787.6160490284254,3232.5836637931034
787.9372532999091,3250.0308620689657
788.2584042570446,3208.0844741379315
788.5795018901498,3222.188456896551
788.9005461895424,3246.8803965517236
789.2215371455394,3226.9208017241394
789.5424747484585,3218.399922413792
789.8633589886175,3237.8277931034477
790.1841898563337,3297.3609568965517
790.5049673419245,3244.819965517242
790.8256914357073,3271.412818965517
791.146362128,3231.2144741379307
791.4669794091199,3261.4230517241394
791.7875432693843,3248.016956896549
792.1080536991111,3268.1227758620694
792.4285106886177,3264.3408879310355
792.7489142282213,3254.7033879310343
793.0692643082398,3257.5015862068963
793.3895609189905,3263.097982758621
793.7098040507909,3278.225534482759
794.0299936939585,3266.6738275862062
794.350129838811,3276.6702413793105
794.6702124756658,3279.7276551724126
794.9902415948401,3318.8226724137917
795.3102171866518,3284.001387931034
795.6301392414183,3258.7910172413794
795.9500077494572,3292.7216637931024
796.2698227010857,3306.8721724137945
796.5895840866215,3280.6448793103455
796.9092918963823,3271.6653879310334
797.2289461206852,3328.4601724137947
797.5485467498479,3298.012318965518
797.8680937741881,3274.8225000000007
798.187587184023,3260.1003879310338
798.5070269696703,3327.0045775862077
798.8264131214474,3298.0721379310326
799.145745629672,3333.365327586207
799.4650244846613,3304.3664224137938
799.7842496767328,3303.9809224137944
800.1034211962044,3304.5658189655182
800.4225390333933,3304.093913793103
800.741603178617,3339.566560344827
801.0606136221932,3294.0975000000003
801.3795703544392,3253.699758620689
801.6984733656726,3290.6878189655167
802.0173226462109,3276.2780948275863
802.3361181863717,3319.6534913793103
802.6548599764723,3350.898931034484
802.9735480068302,3288.886603448276
803.2921822677633,3216.445836206897
803.6107627495887,3281.9941293103448
803.929289442624,3266.766879310345
804.2477623371868,3246.4417241379315
804.5661814235946,3250.8816206896554
804.8845466921647,3262.0943534482776
805.2028581332147,3249.585543103447
805.5211157370624,3254.4906982758616
805.8393194940251,3202.368439655172
806.15746939442,3230.6628103448265
806.475565428565,3219.330439655173
806.7936075867775,3202.8802241379317
807.111595859375,3165.5465431034468
807.429530236675,3180.2686551724155
807.7474107089951,3207.6192155172425
808.0652372666526,3169.1290344827594
808.383009899965,3141.7053620689658
808.70072859925,3163.997896551724
809.0183933548252,3135.424370689654
809.3360041570078,3162.6287068965526
809.6535609961155,3118.34273275862
809.9710638624657,3069.7431465517234
810.2885127463761,3098.9348017241373
810.6059076381638,3048.7865689655177
810.9232485281467,3043.4493879310335
811.2405354066423,3075.479120689656
811.5577682639678,2962.3348706896554
811.8749470904407,2969.3669224137943
812.1920718763791,2978.8116724137935
812.5091426121,3004.44077586207
812.8261592879209,3021.562293103448
813.1431218941593,3005.683681034484
813.4600304211331,2994.670344827586
813.7768848591593,2971.20801724138
814.0936851985556,2995.973068965517
814.4104314296397,2917.989077586206
814.7271235427289,2902.921344827585
815.0437615281405,2914.745560344828
815.3603453761925,2967.053922413793
815.6768750772022,2945.1934137931025
815.9933506214869,2889.528543103448
816.3097719993643,2877.033025862068
816.626139201152,2852.567068965516
816.9424522171673,2854.454689655173
817.2587110377277,2901.4856896551732
817.5749156531509,2915.104474137933
817.8910660537543,2895.4639137931035
818.2071622298554,2864.6571465517245
818.5232041717716,2859.273439655173
818.8391918698208,2820.7234396551708
819.15512531432,2824.1464137931034
819.4710044955867,2836.8014482758613
819.786829403939,2788.740232758621
820.1026000296939,2804.685310344827
820.4183163631691,2780.578267241378
820.733978394682,2775.5335344827595
821.0495861145503,2724.79375862069
821.3651395130912,2764.985456896551
821.6806385806223,2737.382327586208
821.9960833074613,2693.0498275862074
822.3114736839257,2697.4830775862065
822.6268097003326,2743.736431034482
822.942091347,2653.436379310345
823.2573186142452,2692.21900862069
823.5724914923858,2684.675172413793
823.8876099717388,2696.412982758621
824.2026740426224,2701.9495603448286
824.5176836953539,2666.0980603448284
824.8326389202506,2675.875137931034
825.1475397076301,2640.2895000000003
825.4623860478102,2624.118439655173
825.777177931108,2593.2850862068963
826.0919153478409,2635.749905172413
826.406598288327,2590.998672413792
826.7212267428835,2639.6580775862067
827.0358007018276,2612.2875775862067
827.3503201554771,2617.943793103448
827.6647850941497,2627.142620689654
827.9791955081625,2598.808370689656
828.2935513878332,2623.852577586207
828.6078527234795,2550.255310344828
828.9220995054185,2564.0668448275856
829.236291723968,2590.1412672413794
829.5504293694454,2545.9416982758607
829.8645124321683,2562.9901034482764
830.178540902454,2556.961681034484
830.4925147706201,2538.9229396551736
830.8064340269843,2566.320025862068
831.120298661864,2523.323482758621
831.4341086655764,2546.5332413793103
831.7478640284395,2521.1832931034487
832.0615647407706,2539.959801724138
832.3752107928871,2489.2399655172403
832.6888021751064,2495.7203534482765
833.0023388777464,2516.1452068965514
833.3158208911243,2495.2085689655178
833.6292482055577,2488.6284827586214
833.9426208113641,2508.5880775862065
834.2559386988611,2503.9354913793104
834.569201858366,2451.175163793104
834.8824102801964,2467.34622413793
835.19556395467,2457.954646551724
835.5086628721041,2460.134715517242
835.821707022816,2435.3896034482764
836.1346963971237,2418.361137931035
836.4476309853444,2448.941922413794
836.7605107777956,2431.8004655172413
837.0733357647947,2412.937551724138
837.3861059366598,2417.556905172414
837.6988212837077,2426.4499913793106
838.0114817962561,2426.6892672413796
838.3240874646227,2370.625603448276
838.6366382791251,2381.5259482758624
838.9491342300803,2440.308051724138
839.2615753078062,2400.315749999999
839.5739615026203,2413.6952586206908
839.88629280484,2392.6323362068956
840.1985692047826,2404.0976379310346
840.510790692766,2415.250551724138
840.8229572591076,2372.167603448276
841.1350688941246,2345.747560344828
841.4471255881351,2397.517551724137
841.7591273314559,2360.7621206896556
842.0710741144052,2359.505922413794
842.3829659272999,2369.4092844827583
842.6948027604578,2328.679215517241
843.0065846041965,2347.6484741379318
843.3183114488334,2352.9457758620692
843.6299832846859,2357.9772155172413
843.9416001020717,2332.1553620689647
844.253161891308,2331.909439655171
844.5646686427127,2316.7752413793105
844.876120346603,2328.4798189655176
845.1875169932966,2303.9872758620695
845.4988585731109,2328.619396551724
845.8101450763634,2296.8422327586204
846.1213764933716,2278.6904999999992
846.4325528144531,2284.353362068966
846.7436740299254,2277.4542413793097
847.0547401301059,2293.266387931035
847.3657511053123,2283.26997413793
847.6767069458617,2279.135818965517
847.987607642072,2258.7309051724146
848.2984531842606,2260.4457155172418
848.6092435627448,2269.5315517241374
848.9199787678427,2283.1370431034484
849.2306587898711,2270.668112068965
849.5412836191479,2271.6451551724144
849.8518532459905,2282.00048275862
850.1623676607164,2245.5175603448283
850.4728268536431,2214.537982758621
850.783230815088,2250.475887931035
851.093579535369,2222.022000000001
851.4038730048032,2220.845560344828
851.7141112137083,2203.4781206896564
852.0242941524017,2230.815387931035
852.3344218112011,2199.144568965516
852.6444941804235,2185.771706896552
852.9545112503871,2182.760818965517
853.264473011409,2158.520844827586
853.5743794538067,2168.5504913793093
853.8842305678979,2175.6490086206886
854.194026344,2140.90748275862
854.5037667724305,2164.376456896552
854.8134518435068,2143.7256206896545
855.1230815475466,2130.837956896552
855.4326558748674,2150.0398448275873
855.7421748157863,2150.0730775862075
856.0516383606214,2131.20351724138
856.3610464996898,2120.9545344827584
856.6703992233095,2110.359931034482
856.9796965217972,2073.5646206896554
857.2889383854709,2101.985275862068
857.5981248046484,2086.970715517242
857.9072557696466,2081.26797413793
858.2163312707833,2103.2747068965514
858.5253512983759,2075.8377413793105
858.8343158427422,2064.3923793103445
859.1432248941993,2083.733844827587
859.4520784430649,2057.028000000001
859.7608764796566,2062.8769655172414
860.0696189942919,2049.5373362068963
860.378305977288,2044.9844482758606
860.6869374189627,2050.0358275862063
860.9955133096336,2033.9112931034483
861.3040336396177,2024.3535517241376
861.612498399233,2019.3619913793104
861.9209075787969,2015.8127327586194
862.2292611686267,1988.0434396551718
862.5375591590403,1994.357663793103
862.8458015403547,2005.975836206897
863.1539883028879,1974.7104568965515
863.462119436957,1958.3532931034483
863.7701949328797,1938.706086206897
864.0782147809736,1961.350887931035
864.386178971556,1943.165922413794
864.6940874949445,1919.8830517241386
865.0019403414566,1928.7030258620691
865.3097375014099,1918.6335000000004
865.6174789651217,1891.5355086206896
865.9251647229097,1889.3288534482763
866.2327947650913,1905.9120000000003
866.5403690819841,1898.421336206897
866.8478876639055,1880.7348620689659
867.1553505011728,1848.7317155172407
867.4627575841041,1843.4344137931037
867.7701089030164,1858.2429310344835
868.0774044482273,1838.1636982758619
868.3846442100546,1825.6283017241383
868.6918281788154,1830.0681982758626
868.9989563448274,1807.855422413792
869.3060286984081,1801.4481465517247
869.6130452298751,1793.6783275862067
869.9200059295456,1785.077689655173
870.2269107877374,1774.230517241379
870.5337597947679,1722.7596206896558
870.8405529409546,1747.1989913793104
871.1472902166151,1710.2175775862067
871.4539716120669,1697.728706896552
871.7605971176272,1698.473120689655
872.0671667236139,1684.7612844827581
872.3736804203443,1661.6512241379296
872.6801381981361,1662.4022844827578
872.9865400473064,1632.9846465517237
873.2928859581732,1631.6088103448274
873.5991759210535,1633.609422413793
873.9054099262653,1648.7303275862073
874.2115879641259,1629.123
874.5177100249526,1623.0879310344828
874.8237760990634,1610.193620689655
875.1297861767753,1616.248629310345
875.435740248406,1635.7097327586212
875.741638304273,1612.074594827586
876.0474803346939,1652.55874137931
876.353266329986,1622.0045431034487
876.658996280467,1600.4497758620696
876.9646701764544,1629.548379310344
877.2702880082657,1588.539155172414
877.5758497662182,1583.85998275862
877.8813554406296,1584.2388362068968
878.1868050218173,1606.903577586207
878.4921985000991,1612.9984655172414
878.7975358657919,1630.6118275862068
879.1028171092139,1602.9222931034487
879.4080422206821,1592.666663793103
879.7132111905144,1604.2516034482753
880.018324009028,1644.3502500000004
880.3233806665403,1602.1313534482754
880.6283811533692,1621.3731206896546
880.933325459832,1595.0727155172408
881.2382135762464,1601.4401120689654
881.5430454929294,1616.4746120689654
881.847821200199,1615.0123706896554
882.1525406883726,1635.7163793103457
882.4572039477674,1620.4891293103449
882.7618109687014,1628.2855344827587
883.0663617414918,1626.2516896551708
883.3708562564561,1630.485543103449
883.6752945039119,1604.1917844827592
883.9796764741768,1620.1435086206893
884.284002157568,1624.889146551724
884.5882715444033,1626.0124137931039
884.8924846250001,1598.0902499999997
885.1966413896757,1623.639594827586
885.500741828748,1623.493370689655
885.8047859325343,1609.1700517241368
886.1087736913521,1612.586379310344
886.4127050955188,1636.294629310345
886.7165801353522,1615.9761206896555
887.0203988011696,1596.1760431034486
887.3241610832885,1612.7193103448276
887.6278669720265,1615.158594827586
887.931516457701,1623.53325
888.2351095306296,1636.354448275862
888.5386461811297,1617.0395689655165
888.8421263995189,1618.4752241379304
889.1455501761147,1598.6817931034475
889.4489175012345,1634.320603448275
889.7522283651961,1610.9247413793105
890.0554827583167,1616.2552758620698
890.3586806709139,1620.8945689655168
890.6618220933051,1626.4112068965505
890.964907015808,1587.40924137931
891.26793542874,1594.301715517242
891.5709073224186,1602.6165517241384
891.8738226871615,1568.380163793104
892.1766815132858,1583.1687413793093
892.4794837911094,1577.9312586206895
892.7822295109495,1563.255672413794
893.084918663124,1561.2683534482767
893.38755123795,1561.7867844827583
893.6901272257452,1533.5123534482761
893.9926466168271,1554.003672413793
894.295109401513,1549.690060344828
894.5975155701208,1546.426603448277
894.8998651129676,1567.7753275862071
895.2021580203713,1524.3268189655173
895.5043942826492,1524.7721379310337
895.8065738901186,1526.2476724137937
896.1086968330975,1507.810137931034
896.410763101903,1495.4608448275858
896.7127726868525,1492.124275862069
897.014725578264,1493.7925603448284
897.3166217664545,1450.8691293103454
897.618461241742,1469.0075689655173
897.9202439944438,1440.6002068965513
898.2219700148772,1434.9506379310342
898.5236392933599,1454.039534482758
898.8252518202094,1416.6726206896558
899.1268075857431,1434.4056206896553
899.4283065802786,1418.6200603448276
899.7297487941335,1409.820025862069
900.031134217625,1387.5208448275866
900.3324628410709,1368.8373879310338
900.6337346547887,1384.516603448276
900.9349496490956,1374.9389224137944
901.2361078143095,1349.6886724137935
901.5372091407476,1374.8059913793102
901.8382536187277,1341.8324482758624
902.1392412385669,1341.0348620689658
902.4401719905832,1315.664974137932
902.7410458650936,1319.440215517242
903.0418628524161,1305.0304913793102
903.3426229428677,1295.9114224137938
903.6433261267663,1292.6546120689657
903.9439723944292,1262.266577586206
904.2445617361741,1260.7910431034486
904.5450941423185,1262.246637931035
904.8455696031795,1265.7693103448273
905.145988109075,1251.0804310344831
905.4463496503224,1215.893586206897
905.7466542172392,1230.3166034482767
906.046901800143,1217.0434396551725
906.3470923893511,1203.597465517242
906.6472259751812,1173.5749913793097
906.9473025479507,1177.9683620689655
907.2473220979772,1169.8595689655172
907.5472846155781,1157.510275862069
907.847190091071,1149.4546551724138
908.1470385147733,1160.4613448275866
908.4468298770025,1142.89450862069
908.7465641680764,1129.328896551724
909.0462413783121,1140.7476724137923
909.345861498027,1087.6882500000008
909.6454245175394,1106.1922499999996
909.944930427166,1116.8200862068963
910.2443792172248,1092.4205948275865
910.5437708780329,1089.2834224137932
910.843105399908,1091.2175689655169
911.1423827731678,1071.76975862069
911.4416029881294,1056.8947758620686
911.7407660351107,1032.5085775862062
912.039871904429,1055.5122931034477
912.3389205864019,1032.149663793104
912.6379120713467,1006.4408017241385
912.9368463495812,1018.2849568965514
913.2357234114227,1002.1338362068968
913.5345432471886,1012.6353879310341
913.8333058471968,991.4395344827583
914.1320112017644,976.4582068965515
914.4306593012092,979.302931034483
914.7292501358485,982.3337586206894
915.027783696,942.7668362068969
915.326259971981,957.3294310344832
915.6246789541092,959.0110086206898
915.9230406327019,940.0018706896549
916.2213449980769,925.7915431034485
916.5195920405514,927.526293103449
916.817781750443,920.7601034482752
917.1159141180693,896.5865948275862
917.4139891337477,910.8766810344825
917.7120067877958,880.5285258620688
918.0099670705309,892.0204137931039
918.3078699722709,896.1811551724136
918.6057154833329,882.1968103448282
918.9035035940346,870.0469137931036
919.2012342946937,873.9550862068972
919.4989075756272,865.3810344827577
919.7965234271528,831.9821120689655
920.0940818395884,854.1550086206898
920.391582803251,841.1211206896555
920.6890263084584,854.9791810344827
920.986412345528,824.8237758620694
921.2837409047773,799.4206551724137
921.5810119765239,827.3361724137933
921.8782255510852,826.1663793103448
922.1753816187786,813.066025862069
922.4724801699219,794.595258620689
922.7695211948325,800.0055517241383
923.0665046838276,798.8158189655171
923.3634306272252,783.1366034482753
923.6602990153425,766.9190172413787
923.957109838497,773.1202500000006
924.2538630870064,762.9244396551724
924.550558751188,750.0700086206894
924.8471968213594,755.4138362068963
925.143777287838,757.2349913793098
925.4403001409416,745.2645517241381
925.7367653709874,762.5921120689654
926.033172968293,736.0590775862065
926.3295229231761,736.471163793103
926.6258152259538,726.3418189655174
926.922049866944,706.1429482758622
927.2182268364639,718.007043103448
927.5143461248313,731.120689655173
927.8104077223635,721.1442155172415
928.1064116193779,687.6455948275866
928.4023578061923,694.6510603448278
928.6982462731241,702.8994310344824
928.9940770104909,670.0455258620684
929.2898500086097,652.9838275862076
929.5855652577987,650.4049655172421
929.881222748375,638.2218362068966
930.1768224706561,653.5221982758621
930.4723644149599,672.5512758620691
930.7678485716033,659.9760000000001
931.0632749309043,657.9222155172417
931.3586434831801,658.7862672413787
931.6539542187485,651.6345775862073
931.9492071279267,637.2647327586205
932.2444022010322,646.4768534482762
932.539539428383,631.5752844827589
932.834618800296,628.3716465517241
933.1296403070891,616.195163793104
933.4246039390796,619.3722155172413
933.719509686585,612.7788362068966
934.0143575399229,615.1317155172417
934.3091474894109,605.1153620689656
934.6038795253663,595.3050517241379
934.8985536381067,595.0591293103441
935.1931698179496,587.5285862068963
935.4877280552125,585.96
935.7822283402131,587.688103448276
936.0766706632685,569.9883362068965
936.3710550146964,573.0258103448282
936.6653813848145,578.5291551724138
936.9596497639401,561.1949482758619
937.2538601423907,561.427577586207
937.5480125104838,569.0644655172412
937.8421068585369,565.3889224137934
938.1361431768677,565.9472327586211
938.4301214557936,546.3000258620687
938.724041685632,528.354336206897
939.0179038567005,526.7325775862068
939.3117079593167,538.2045258620685
939.6054539837977,513.4727068965515
939.8991419204615,539.5072500000001
940.1927717596254,529.0056982758622
940.4863434916068,518.105353448276
940.7798571067235,522.0600517241382
941.0733125952926,517.1748362068968
941.3667099476321,509.5047155172415
941.660049154059,512.8878103448276
941.9533302048911,517.5071637931039
942.2465530904459,518.3712155172414
942.5397178010408,502.971155172414
942.8328243269934,517.9790689655176
943.1258726586211,510.5415775862066
943.4188627862416,501.11676724137897
943.7117947001722,473.1347844827585
944.0046683907303,485.7765258620682
944.2974838482338,469.2399051724133
944.5902410629999,470.595801724138
944.8829400253463,481.74871551724164
945.1755807255904,469.61875862068973
945.4681631540498,467.3855172413789
945.7606873010416,472.297318965517
946.0531531568838,445.3987241379307
946.3455607118939,444.91352586206926
946.637909956389,449.16067241379346
946.9302008806869,469.28643103448326
947.222433475105,455.4616034482756
947.5146077299611,454.2585775862067
947.8067236355722,428.68929310344765
948.0987811822561,432.198672413793
948.3907803603304,435.0367500000002
948.6827211601122,434.48508620689677
948.9746035719196,424.0367068965518
949.2664275860697,414.47896551724193
949.5581931928801,435.3026120689658
949.8499003826682,410.9629396551725
950.1415491457516,406.8021982758619
950.433139472448,417.13758620689623
950.7246713530745,412.86385344827613
951.0161447779491,405.61911206896593
951.3075597373888,390.7374827586211
951.5989162217114,423.6645000000003
951.8902142212344,392.2794827586208
952.1814537262751,387.72659482758627
952.4726347271514,390.4118017241385
952.7637572141804,377.54407758620687
953.0548211776797,392.39247413793146
953.345826607967,389.2353620689655
953.6367734953598,384.86857758620636
953.9276618301752,374.63953448275834
954.218491602731,378.9996724137927
954.5092628033449,374.89874999999984
954.7999754223339,376.5072155172413
955.0906294500162,349.5554482758621
955.3812248767088,372.81173275862056
955.6717616927293,376.2214137931037
955.9622398883953,381.0335172413795
956.252659454024,362.7289137931034
956.5430203799333,341.6792844827585
956.8333226564404,363.10112068965464
957.123566273863,352.83219827586186
957.4137512225187,363.4002155172416
957.7038774927249,351.45636206896575
957.9939450747991,347.73429310344864
958.2839539590585,341.89197413793113
958.573904135821,341.5995258620685
958.8637955954039,343.03518103448323
959.1536283281249,343.3675086206895
959.4434023243015,336.8538879310338
959.7331175742511,354.2213275862068
960.0227740682911,350.10711206896553
960.3123717967391,320.39037931034477
960.6019107499126,322.75655172413803
960.8913909181291,331.86897413793145
961.1808122917063,330.65265517241323
961.4701748609615,313.7039482758614
961.7594786162123,320.34385344827615
962.0487235477761,327.94750862068963
962.3379096459703,312.9994137931037
962.6270369011127,315.8109051724143
962.9161053035206,327.110043103449
963.2051148435118,309.9154137931039
963.4940655114033,309.55650000000014
963.7829572975131,295.35946551724146
964.0717901921586,310.2743275862067
964.3605641856568,307.6888189655174
964.6492792683258,293.43196551724054
964.9379354304829,297.4398362068962
965.2265326624457,309.58308620689695
965.5150709545317,303.508137931035
965.8035502970582,298.3703534482752
966.0919706803429,280.97632758620784
966.380332094703,276.56966379310234
966.6686345304566,293.84405172413835
966.9568779779205,286.7721206896556
967.2450624274128,284.9110862068969
967.5331878692509,262.1001206896551
967.821254293752,274.02403448275845
968.1092616912339,273.45907758620683
968.3972100520137,279.3412758620693
968.6850993664095,271.90378448275806
968.9729296247382,264.63245689655173
969.2607008173178,269.4312672413789
969.5484129344657,250.59493965517254
969.8360659664992,271.8373189655176
970.123659903736,291.75038793103454
970.4111947364933,262.0535948275858
970.698670455089,267.716456896552
970.9860870498403,264.82520689655234
971.273444511065,269.6439568965518
971.5607428290805,248.0360172413791
971.8479819942042,241.13025000000016
972.1351619967537,258.94300862068985
972.4222828270463,250.42877586206873
972.7093444753998,237.43476724137918
972.9963469321315,231.99788793103448
973.2832901875591,244.88555172413794
973.570174232,235.28128448275925
973.8569990557718,240.53870689655128
974.1437646491918,245.61002586206882
974.4304710025773,239.2027499999997
974.7171181062464,230.64863793103427
975.0037059505163,239.50849137931004
975.2902345257045,221.7489051724133
975.5767038221287,234.98218965517208
975.8631138301062,240.28613793103432
976.1494645399545,220.57911206896551
976.4357559419909,221.10418965517215
976.7219880265335,240.21967241379298
977.0081607838993,209.18027586206927
977.294274204406,227.81720689655117
977.5803282783712,221.8884827586205
977.8663229961121,216.15915517241365
978.1522583479466,221.53621551724177
978.4381343241918,216.54465517241374
978.7239509151655,210.05762068965555
979.0097081111849,209.83163793103427
979.2954059025678,208.11682758620714
979.5810442796319,186.74151724137937
979.8666232326942,195.38868103448272
980.1521427520727,205.93011206896495
980.4376028280842,213.50053448275844
980.7230034510469,202.66665517241313
981.0083446112778,193.03580172413785
981.293626299095,209.69870689655204
981.5788485048156,199.11739655172437
981.8640112187571,197.00379310344806
982.1491144312372,204.7736120689658
982.4341581325729,214.23830172413818
982.7191423130824,194.97659482758627
983.0040669630827,194.76390517241384
983.2889320728916,189.5795948275861
983.5737376328267,195.10287931034463
983.8584836332051,189.8587500000001
984.1431700643446,183.09256034482723
984.4277969165624,195.3155689655173
984.7123641801765,181.55720689655186
984.9968718455038,185.76447413793085
985.2813199028625,186.7747499999998
985.5657083425697,165.31968103448253
985.8500371549429,174.3124655172419
986.1343063302998,164.63508620689663
986.4185158589573,176.53241379310384
986.7026657312338,173.9734913793102
986.9867559374461,178.80553448275919
987.2707864679121,151.315396551724
987.5547573129493,167.02784482758648
987.838668462875,171.00248275862054
988.1225199080069,182.89316379310367
988.4063116386621,161.9365862068962
988.6900436451588,171.85988793103388
988.9737159178138,163.691275862069
989.257328446945,168.62301724137933
989.5408812228701,161.87676724137964
989.824374235906,155.0972844827586
990.1078074763708,167.9450689655173
990.3911809345815,171.66049137931032
990.6744946008561,165.85140517241416
990.9577484655115,166.03750862069
991.2409425188658,140.00296551724136
991.5240767512364,148.59695689655246
991.8071511529406,155.9812758620683
992.090165714296,169.56018103448287
992.3731204256198,168.67618965517227
992.6560152772302,141.57819827586172
992.9388502594439,154.99093965517204
993.2216253625792,125.89898275862083
993.504340576953,154.7716034482762
993.786995892883,168.48343965517188
994.069591300687,146.9353189655169
994.3521267906818,134.87847413793133
994.6346023531856,135.31714655172436
994.9170179785156,126.8627327586205
995.1993736569893,152.6513534482758
995.4816693789244,162.82057758620726
995.7639051346382,132.57212068965487
996.0460809144483,152.31237931034502
996.328196708672,130.28570689655203
996.610252507627,119.77750862069001
996.8922483016308,132.27967241379338
997.174184081001,128.2917413793109
997.4560598360551,134.0210689655171
997.7378755571104,111.44937931034497
998.0196312344846,133.23677586206827
998.3013268584948,123.25365517241403
998.582962419459,131.4488534482757
998.8645379076945,134.36004310344856
999.146053313519,116.3412413793103
999.4275086272497,126.47058620689677
999.7089038392044,116.5871637931034
999.9902389397004,129.00292241379339
1000.2715139190549,119.76421551724138
1000.5527287675861,113.8487844827589
1000.8338834756111,123.87843103448245
1001.1149780334474,110.46568965517258
1001.3960124314128,102.33031034482747
1001.6769866598245,108.91704310344812
1001.9579007090001,98.34237931034477
1002.2387545692569,128.38479310344883
1002.5195482309128,126.61016379310331
1002.8002816842849,126.09173275862122
1003.0809549196912,106.86990517241406
1003.3615679274488,106.2251896551727
1003.6421206978755,124.4433879310343
1003.9226132212885,99.751448275862
1004.2030454880053,102.54299999999989
1004.4834174883438,95.32484482758605
1004.7637292126209,101.2801551724142
1005.0439806511547,106.82337931034476
1005.3241717942625,115.3309655172418
1005.6043026322618,101.99798275862076
1005.88437315547,99.77138793103472
1006.1643833542047,105.55388793103384
1006.4443332187833,107.14906034482783
1006.7242227395233,87.70789655172439
1007.0040519067426,116.68686206896518
1007.2838207107583,89.39612068965516
1007.5635291418881,91.62936206896529
1007.8431771904494,103.21430172413807
1008.1227648467594,91.48313793103466
1008.4022921011363,82.37071551724148
1008.6817589438969,94.40097413793069
1008.9611653653593,81.81905172413803
1009.2405113558408,88.57859482758545
1009.5197969056588,96.51457758620654
1009.7990220051308,83.3610517241375
1010.0781866445743,78.82145689655113
1010.357290814307,87.40880172413767
1010.6363345046461,97.42515517241418
1010.9153177059095,103.18106896551694
1011.1942404084145,92.53329310344793
1011.4731026024787,92.44688793103433
1011.7519042784193,76.68126724137915
1012.0306454265539,61.54042241379284
1012.3093260372002,55.97725862069046
1012.5879461006755,84.790060344827
1012.8665056072978,78.75499137931024
1013.145004547384,89.21666379310432
1013.423442911252,83.60697413793082
1013.701820689219,76.54833620689647
1013.9801378716024,91.8486982758618
1014.2583944487204,87.04324137930985
1014.5365904108897,78.46918965517239
1014.8147257484286,77.61178448275814
1015.0928004516539,67.58213793103482
1015.3708145108835,69.09755172413793
1015.6487679164347,71.70299999999975
1015.926660658625,50.83947413793112
1016.204492727772,63.840129310344764
1016.4822641141933,56.482396551723696
1016.7599748082064,57.79176724137915
1017.0376248001287,73.72355172413813
1017.3152140802778,65.16279310344794
1017.592742638971,81.93204310344845
1017.8702104665258,80.31028448275879
1018.1476175532599,89.02391379310347
1018.4249638894908,63.534387931034644
1018.7022494655358,78.8879224137927
1018.9794742717129,62.92955172413758
1019.2566382983392,56.79478448275904
1019.5337415357322,54.00987931034456
1019.8107839742094,65.03650862068866
1020.0877656040884,67.82141379310383
1020.3646864156866,59.73920689655165
1020.6415463993217,59.898724137930685
1020.9183455453111,71.88910344827536
1021.1950838439726,52.301715517241746
1021.4717612856232,58.98814655172373
1021.7483778605803,57.91805172413865
1022.0249335591622,62.19843103448284
1022.3014283716853,49.92889655172439
1022.5778622884684,68.77187068965554
1022.8542352998282,53.265465517241864
1023.1305473960822,41.414663793103045
1023.4067985675482,40.07870689655192
1023.6829888045435,59.64615517241373
1023.9591180973856,58.562767241379106
1024.2351864363918,58.19056034482742
1024.5111938118805,45.57540517241341
1024.7871402141682,50.5005000000001
1025.063025633573,48.14762068965479
1025.3388500604121,49.24430172413804
1025.6146134850028,46.353051724137686
1025.8903158976632,45.6883965517236
1026.1659572887106,48.02798275862119
1026.4415376484621,62.876379310344646
1026.717056967236,52.70050862068865
1026.9925152353492,33.671431034482794
1027.2679124431193,47.33009482758621
1027.5432485808635,42.97660344827591
1027.8185236389,38.510120689655196
1028.0937376075456,38.74275000000057
1028.3688904771186,49.62315517241382
1028.643982237936,46.160301724137526
1028.9190128803152,46.86483620689637
1029.193982394574,40.131879310345084
1029.4688907710297,68.79845689655167
1029.7437379999997,41.44789655172394
1030.0185240718022,51.411077586207284
1030.293248976754,44.3790258620686
1030.5679127051728,40.843060344827336
1030.842515247376,39.70649999999932
1031.1170565936816,29.969301724137722
1031.3915367344061,40.37115517241432
1031.665955659868,48.599586206896674
1031.9403133603844,34.4158448275864
1032.2146098262729,51.39113793103388
1032.488845047851,45.65516379310293
1032.7630190154362,51.318025862069135
1033.0371317193458,45.73492241379313
1033.3111831498973,38.24425862068961
1033.5851732974086,19.620620689655198
1033.859102152197,61.04857758620665
1034.13296970458,36.18382758620692
1034.4067759448753,29.942715517241822
1034.6805208633998,37.73912068965478
1034.9542044504717,30.786827586206527
1035.227826696408,30.83335344827583
1035.5013875915265,41.122215517241784
1035.7748871261447,24.3064396551722
1036.0483252905797,25.66898275862104
1036.32170207515,28.85268103448243
1036.595017470172,31.876862068965693
1036.8682714659637,24.299793103447882
1037.1414640528424,35.79168103448296
1037.4145952211256,50.31439655172426
1037.6876649611315,41.93974137931036
1037.960673263177,33.744543103447995
1038.2336201175794,31.431543103448348
1038.5065055146567,43.947000000000116
1038.7793294447265,31.039396551724167
1039.0520918981051,30.95299137930965
1039.3247928651115,43.4219224137928
1039.5974323360626,40.14517241379281
1039.8700103012757,25.21701724137938
1040.142526751069,29.01884482758601
1040.414981675759,51.63706034482766
1040.6873750656641,24.8713965517245
1040.9597069111012,27.41702586206884
1041.231977202388,29.716732758620992
1041.5041859298422,40.038827586206935
1041.776333083781,21.12274137931081
1042.0484186545225,23.581965517241315
1042.3204426323834,23.562025862068367
1042.5924050076817,10.315448275862309
