371.46153840273,3.1504655172414004
371.8391998916188,9.863482758620648
372.21681955928005,0.08640517241360612
372.59439739603135,-11.558353448276193
372.97193339219024,-1.8211551724136825
373.3494275380741,-1.595172413793307
373.72687982400055,4.851982758620807
374.104290240287,-0.39214655172418134
374.481658777251,18.464120689654692
374.85898542521005,14.32996551724068
375.2362701744817,13.565612068965493
375.61351301538343,16.21758620689684
375.9907139382327,10.494905172414065
376.36787293334714,-3.5824913793107953
376.7449899910441,17.400672413793018
377.12206510164117,15.027853448275664
377.49909825545586,4.007870689655192
377.8760894428056,22.77773275862046
378.25303865400804,15.041146551723614
378.62994587938056,0.13293103448268084
379.0068111092407,-6.307577586207572
379.38363433390595,-3.050767241379617
379.76041554369385,-0.6978879310347565
380.13715472892187,26.054482758620907
380.51385187990763,46.00743103448326
380.89050698696843,37.87205172413769
381.26712004042196,45.28295689655124
381.64369103058567,31.963267241379754
382.02021994777704,58.675758620689294
382.3967067823135,52.853379310343826
382.77315152451274,40.397741379310446
383.14955416469223,52.281775862069026
383.52591469316934,38.56329310344836
383.90223310026164,40.09199999999987
384.27850937628665,36.29017241379256
384.65474351156195,39.746379310344764
385.0309354964049,49.06484482758583
385.4070853211331,50.945818965516764
385.783192976064,32.37535344827597
386.15925845151514,29.091956896551437
386.5352817378041,28.586818965517296
386.9112628252483,45.48235344827549
387.2872017041652,24.672000000000025
387.6630983648723,37.78564655172386
388.03895279768733,42.37841379310362
388.4147649929276,44.04005172413781
388.79053494091056,33.15300000000002
389.16626263195394,50.540379310344406
389.541948056375,38.084741379310344
389.91759120449143,48.340370689655174
390.2931920666206,64.1857500000001
390.66875063308015,33.02006896551666
391.04426689418744,33.771129310345486
391.41974084026015,32.76085344827629
391.79517246161566,32.20254310344808
392.17056174857146,51.012284482758105
392.54590869144516,38.14456034482782
392.9212132805541,41.2750862068965
393.296475506216,31.617646551723738
393.6716953587482,38.762689655171926
394.04687282846834,63.61414655172416
394.4220079056938,66.21294827586212
394.79710058074215,52.84008620689656
395.1721508439309,54.30232758620696
395.5471586855775,46.19353448275888
395.92212409599955,48.89203448275839
396.29704706551445,37.02793965517208
396.67192758443974,39.99894827586195
397.04676564309307,47.7089482758613
397.4215612317917,57.525905172414014
397.7963143408533,50.39415517241309
398.1710249605953,51.02557758620628
398.54569308133523,30.820060344827652
398.92031869339064,41.70046551724113
399.29490178707897,44.41225862068973
399.6694423527178,57.75188793103416
400.0439403806246,46.93130172413771
400.41839586111684,49.07149137930992
400.792808784512,47.20381034482716
401.1671791411277,43.40198275862076
401.5415069212814,52.873318965517456
401.91579211529057,32.10284482758607
402.2900347134728,39.766318965517485
402.6642347061454,73.88306896551694
403.0383920836261,48.65275862068961
403.41250683623224,31.983206896551565
403.7865789542815,42.91013793103457
404.1606084280912,49.98871551724142
404.53459524797904,47.622543103448834
404.9085394042624,50.78630172413773
405.2824408872587,28.832741379309937
405.65629968728564,32.61462931034498
406.0301157946606,39.50710344827553
406.4038891997011,34.11010344827582
406.7776198927248,49.38387931034458
407.15130786404893,46.31317241379338
407.5249531039912,43.54820689655185
407.8985556028691,48.85880172413795
408.272115351,43.6811379310343
408.64563233870155,58.95491379310329
409.01910655629126,58.25037931034467
409.39253799408647,49.47028448275887
409.7659266424049,56.58209482758639
410.13927249156393,43.06300862068929
410.51257553188105,52.66727586206889
410.8858357536738,57.71200862068963
411.25905314725975,46.499275862069226
411.63222770295624,46.33311206896565
412.00535941108103,51.80322413793101
412.3784482619514,55.19961206896505
412.75149424588494,71.72958620689678
413.1244973531991,66.31264655172367
413.4974575742115,50.673310344827314
413.87037489923966,42.82373275862051
414.2432493186009,54.75429310344839
414.6160808226129,61.42078448275902
414.9888694015931,70.77248275862121
415.3616150458589,75.79727586206855
415.734317745728,63.04254310344777
416.1069774915178,56.78149137931018
416.47959427354584,55.611698275862636
416.8521680821296,56.023784482758856
417.2246989075866,63.334991379310395
417.5971867402344,63.32169827586199
417.9696315703904,53.3186379310348
418.34203338837216,56.19659482758607
418.71439218449717,67.29633620689629
419.08670794908295,71.1779224137922
419.458980672447,61.7597586206889
419.8312103449069,71.2909137931033
420.20339695678,83.74655172413827
420.5755404983839,61.055224137930736
420.9476409600361,82.49700000000007
421.3196983320541,83.37434482758636
421.6917126047555,74.84681896551751
422.0636837684576,83.91936206896571
422.4356118134781,86.35199999999986
422.8074967301344,99.0136810344834
423.179338508744,78.99426724137902
423.5511371396245,111.62883620689604
423.92289261309327,106.47111206896557
424.29460491946793,95.05898275862114
424.666274049066,114.99863793103418
425.0378999922049,103.44028448275867
425.4094827392022,105.02881034482789
425.7810222803753,106.80343965517318
426.1525186060418,126.80956034482756
426.5239717065192,99.38588793103418
426.895381572125,111.58231034482765
427.2667481931767,118.25544827586145
427.63807155999183,124.96181896551707
428.00935166288787,136.18119827586224
428.3805884921823,124.76906896551759
428.7517820381926,119.37871551724174
429.1229322912364,123.87178448275836
429.4940392416312,138.51413793103484
429.8651028796943,148.76976724137944
430.23612319574346,148.89605172413803
430.60710018009604,152.02657758620717
430.97803382306955,169.78616379310347
431.3489241149815,165.39943965517296
431.71977104614945,141.81082758620778
432.0905746068909,170.41093965517211
432.4613347875234,163.23931034482735
432.8320515783643,191.67990517241424
433.20272496973126,183.82368103448266
433.5733549519417,188.44303448275855
433.94394151531304,198.73189655172405
434.31448465016297,187.79831896551696
434.68498434680896,202.9524568965519
435.0554405955685,220.88485344827632
435.425853386759,202.0418793103447
435.79622271069803,244.5199913793101
436.1665485577032,241.4359913793096
436.53683091809177,236.351379310345
436.9070697821815,244.35382758620722
437.2772651402898,238.34534482758636
437.6474169827341,242.16046551724207
438.017525299832,245.62996551724132
438.387590081901,267.178086206897
438.7576113192586,259.8934655172411
439.12758900222224,277.2409655172414
439.4975231211095,262.5853189655172
439.8674136662379,295.46581034482733
440.2372606279249,285.55580172413806
440.60706399648797,298.2440689655175
440.9768237622447,296.71536206896485
441.34653991551255,299.8791206896549
441.716212446609,330.46655172413807
442.08584134585163,319.13418103448316
442.4554266035579,324.7837499999998
442.8249682100453,313.6308362068967
443.1944661556314,349.43581034482713
443.56392043063363,365.58028448275854
443.93333102536957,339.0937758620687
444.3026979301566,366.6902586206895
444.67202113531243,392.4722327586203
445.04130063115434,398.09521551724106
445.41053640800004,399.3115344827588
445.7797284561669,402.501879310345
446.1488767659724,421.76358620689643
446.5179813277342,421.0258189655167
446.88704213176965,454.604198275862
447.2560591683964,464.97946551724135
447.62503242793184,471.1939913793103
447.99396190069353,481.1372327586207
448.36284757699894,537.4800517241383
448.73168944716554,529.1851551724137
449.10048750151105,541.1555948275864
449.4692417303527,544.2263017241382
449.83795212400815,566.8378706896553
450.20661867279483,574.5678103448272
450.57524136703034,599.9842241379308
450.94382019703215,657.2708534482754
451.3123551531177,670.3047413793106
451.6808462256046,686.8613017241382
452.0492934048102,679.8292499999995
452.41769668105223,697.44925862069
452.786056044648,737.6210172413801
453.15437148591514,734.69653448276
453.5226429951711,817.4461034482756
453.8908705627333,793.0864913793102
454.2590541789195,851.8619482758627
454.62719383404686,808.8188793103457
454.9952895184332,847.6546810344832
455.36334122239583,849.4957758620685
455.73134893625235,866.3447844827585
456.09931265032026,937.7752758620682
456.467232354917,907.7993275862073
456.8351080403602,911.3219999999999
457.2029396969672,992.3966379310341
457.5707273150556,1010.7278275862068
457.93847088494294,1024.2402672413798
458.30617039694664,981.197198275863
458.6738258413843,1047.0844655172411
459.0414372085733,1041.6342931034474
459.4090044888313,1038.9690258620685
459.77652767247565,1108.8774568965518
460.144006749824,1121.692008620689
460.5114417111938,1100.4562758620689
460.8788325469025,1104.284689655172
461.24617924726766,1186.1635603448276
461.61348180260677,1132.6920517241379
461.98074020323736,1184.1695948275856
462.34795443947695,1231.5462155172413
462.715124501643,1187.7255000000005
463.08225038005304,1243.8822155172413
463.4493320650245,1276.0382327586206
463.816369546875,1265.6961982758621
464.183362815922,1320.7429396551736
464.550311862483,1323.6541293103448
464.9172166768755,1334.0360431034476
465.28407724941707,1358.3823620689657
465.6508935704251,1344.7702241379307
466.01766563021727,1375.809620689656
466.3843934191109,1411.727586206897
466.75107692742347,1399.8634913793105
467.11771614547274,1425.3131379310346
467.484311063576,1425.5125344827588
467.8508616720508,1497.7804913793102
468.21736796121473,1516.1116810344824
468.58382992138525,1548.5003275862077
468.9502475428798,1560.417594827587
469.31662081601587,1609.5356120689644
469.6829497311111,1599.1470517241376
470.0492342784829,1639.245698275861
470.41547444844883,1667.034931034482
470.78167023132636,1660.1424568965526
471.147821617433,1727.638189655172
471.5139285970863,1756.6570344827587
471.8799911606036,1794.123646551724
472.2460092983026,1823.268775862068
472.6119830005008,1875.0387672413797
472.97791225751564,1868.113060344827
473.3437970596646,1924.0437931034485
473.70963739726517,1926.2504482758627
474.075433260635,2001.4428879310356
474.44118464009136,2034.3499655172411
474.80689152595204,2043.2496982758619
475.17255390853427,2138.474844827587
475.53817177815574,2165.40002586207
475.903745125134,2203.8038017241383
476.26927393978633,2285.4301034482764
476.6347582124304,2300.8700431034486
477.0001979333836,2383.686077586207
477.36559309296365,2409.2819482758623
477.7309436814879,2485.059284482759
478.09624968927386,2482.646586206897
478.461511106639,2533.306603448277
478.826727923901,2582.2518103448283
479.1919001313771,2648.8901379310346
479.557027719385,2687.380318965518
479.9221106782422,2815.738525862069
480.2871489982661,2864.0257241379304
480.6521426697744,2893.2173793103443
481.01709168308435,2946.6822413793097
481.38199602851364,2986.3555086206907
481.74685569637967,3088.6592327586213
482.111670677,3133.144603448275
482.4764409606922,3188.7695948275855
482.84116653777363,3263.922155172413
483.2058473985619,3314.2431982758635
483.57048353337444,3379.465810344828
483.93507493252883,3448.975448275861
484.29962158634265,3475.9803879310343
484.6641234851332,3536.4640086206896
485.02858061921813,3604.7506810344826
485.3929929789149,3665.034905172414
485.757360554541,3738.6454655172424
486.121683336414,3807.5635603448272
486.4859613148513,3831.7570086206883
486.8501944801706,3932.59849137931
487.2143828226892,3971.347887931034
487.57852633272466,4003.915991379311
487.94262500059455,4099.646275862069
488.3066788166163,4105.641465517241
488.67068777110745,4174.400043103447
489.0346518543855,4219.450370689657
489.39857105676805,4310.6477068965505
489.7624453685724,4267.8837931034495
490.12627478011626,4351.603758620688
490.49005928171704,4393.064948275862
490.85379886369225,4413.82877586207
491.2174935163594,4504.7868362068975
491.581143230036,4537.487870689654
491.94474799503956,4555.267396551725
492.30830780168753,4579.646948275863
492.67182264029753,4646.777120689654
493.035292501187,4605.794482758622
493.3987173746735,4662.609206896553
493.7620972510744,4666.543965517243
494.1254321207073,4709.906068965516
494.48872197388977,4748.602293103449
494.8519668009391,4751.71952586207
495.21516659217303,4765.969732758622
495.5783213379091,4785.783103448273
495.9414310284645,4793.094310344828
496.30449565415705,4796.045379310344
496.66751520530397,4827.064836206897
497.03048967222315,4870.480112068964
497.39341904523167,4926.982448275864
497.75630331464737,4889.097103448276
498.11914247078755,4908.910474137932
498.4819365039699,4914.752793103449
498.8446854045118,4976.246689655174
499.20738916273064,4981.63704310345
499.5700477689442,4961.677448275862
499.93266121346977,4990.270913793102
500.29522948662503,4945.360163793102
500.6577525787273,4990.217741379311
501.02023048009426,5036.883181034485
501.38266318104326,4963.059931034482
501.7450506718919,5027.863810344827
502.1073929429577,5061.03675
502.469689984558,5080.870060344829
502.8319417870105,5101.381318965516
503.1941483406327,5068.819862068963
503.5563096357421,5085.908146551721
503.91842566265603,5081.089396551726
504.28049641169207,5084.705120689656
504.64252187316794,5216.207146551725
505.0045020374009,5213.475413793103
505.36643689470856,5196.872327586208
505.72832643540835,5260.752336206897
506.0901706498178,5292.1838793103425
506.45196952825466,5283.0315775862055
506.813723061036,5326.745948275864
507.1754312384797,5282.047887931033
507.537094050903,5387.7546465517225
507.8987114886236,5301.29630172414
508.26028354195887,5364.03975
508.62181020122637,5424.656301724137
508.9832914567437,5379.998120689654
509.3447272988281,5489.3272499999985
509.7061177177974,5461.006293103448
510.0674627039689,5365.900784482761
510.42876224766013,5327.018456896552
510.7900163391887,5416.135422413792
511.151224968872,5370.746120689655
511.51238812702763,5296.51078448276
511.87350580397293,5368.738862068964
512.2345779900257,5551.45921551724
512.5956046755031,5461.032879310344
512.9565858507228,5408.751103448276
513.3175215060025,5362.105603448276
513.6784116316593,5505.61794827586
514.0392562180111,5444.070879310345
514.4000552553752,5476.140491379309
514.7608087340691,5355.498931034481
515.1215166444102,5494.87047413793
515.4821789767162,5408.884034482758
515.8427957213047,5431.947568965518
516.2033668684929,5418.986793103448
516.5638924085987,5370.932224137932
516.924372331939,5285.111948275864
517.284806628832,5293.97180172414
517.6451952895948,5230.9558448275875
518.0055383045449,5258.997646551724
518.365835664,5254.218775862069
518.7260873582774,5195.2505689655145
519.0862933776949,5231.407810344826
519.4464537125696,5157.577913793106
519.8065683532194,5098.782517241379
520.1666372899614,5057.048818965517
520.5266605131134,5045.0517931034465
520.8866380129929,5027.7774051724155
521.2465697799173,4981.889612068968
521.6064558042042,4926.377612068966
521.966296076171,4858.868586206896
522.3260905861354,4846.386362068964
522.6858393244146,4802.532413793103
523.0455422813262,4769.911137931034
523.405199447188,4742.733387931033
523.7648108123171,4716.36651724138
524.1243763670313,4701.963439655174
524.4838961016479,4613.69723275862
524.8433700064846,4581.541215517242
525.2027980718589,4520.286594827588
525.5621802880879,4555.779181034484
525.9215166454898,4506.833974137931
526.2808071343813,4475.635060344828
526.6400517450808,4459.45070689655
526.999250467905,4401.9048620689655
527.3584032931719,4407.4148534482765
527.7175102111987,4313.273094827588
528.0765712123032,4274.669922413793
528.4355862868027,4293.1805689655175
528.7945554250149,4263.430603448274
529.153478617257,4205.53249137931
529.5123558538468,4226.003870689655
529.8711871251016,4242.23475
530.229972421339,4189.075629310344
530.5887117328764,4150.27970689655
530.9474050500316,4117.233051724139
531.3060523631218,4088.9586206896543
531.6646536624647,4088.819043103448
532.0232089383777,4112.414301724135
532.3817181811784,4048.4678275862084
532.740181381184,4088.593060344827
533.0985985287124,4012.3903448275873
533.4569696140809,4041.0103965517246
533.815294627607,4038.1257931034484
534.1735735596084,4039.8937758620687
534.5318064004024,4046.407396551723
534.8899931403066,4040.4919655172407
535.2481337696383,3995.8404310344827
535.6062282787153,4027.3384396551737
535.9642766578552,4011.639284482757
536.322278897375,4001.702689655173
536.6802349875926,4012.9420086206896
537.0381449188254,4010.954689655171
537.396008681391,4053.100474137932
537.7538262656067,4106.425758620691
538.1115976617901,4145.826517241379
538.4693228602589,4113.936362068965
538.8270018513302,4189.680465517242
539.184634625322,4182.256267241379
539.5422211725514,4216.486008620688
539.8997614833361,4260.55929310345
540.2572555479934,4364.557887931034
540.6147033568411,4374.414724137931
540.9721049001965,4423.984706896552
541.3294601683773,4465.678525862069
541.6867691517009,4512.098043103449
542.0440318404848,4581.674146551723
542.4012482250464,4627.548646551724
542.7584182957032,4697.550129310344
543.1155420427729,4816.104672413792
543.472619456573,4880.27048275862
543.8296505274208,4929.428379310343
544.1866352456341,5010.8752241379325
544.54357360153,5158.063112068963
544.9004655854266,5242.102112068966
545.2573111876407,5200.541224137931
545.6141103984902,5325.915129310345
545.9708632082926,5398.515413793103
546.3275696073654,5497.482568965518
546.684229586026,5664.29772413793
547.040843134592,5613.604474137932
547.397410243381,5796.73026724138
547.7539309027102,5783.417224137931
548.1104051028973,5878.848413793102
548.46683283426,5877.266534482758
548.8232140871154,6021.397008620691
549.1795488517813,6196.008568965517
549.5358371185752,6144.145525862068
549.8920788778144,6219.896275862068
550.2482741198164,6423.3339310344845
550.604422834899,6408.591879310346
550.9605250133797,6474.013887931033
551.3165806455755,6569.823931034484
551.6725897218045,6474.452560344827
552.0285522323837,6690.173043103447
552.3844681676312,6723.040241379308
552.740337517864,6769.453112068967
553.0961602733997,6849.922913793103
553.451936424556,7007.293318965519
553.8076659616502,6888.46626724138
554.1633488749999,6992.391750000001
554.5189851549228,7060.970870689656
554.8745747917361,7044.646939655174
555.2301177757573,7055.686862068964
555.5856140973041,7144.424974137931
555.9410637466939,7186.36471551724
556.2964667142442,7178.242629310346
556.6518229902725,7214.3533448275875
557.0071325650965,7197.278353448279
557.3623954290335,7139.0877931034465
557.717611572401,7124.478672413793
558.0727809855165,7079.999948275861
558.4279036586978,7067.710474137928
558.7829795822619,7103.129948275863
559.1380087465267,7068.195672413794
559.4929911418096,6997.270318965517
559.8479267584282,6991.268482758622
560.2028155866997,6982.727663793101
560.5576576169418,6955.503387931032
560.9124528394722,6863.661336206898
561.267201244608,6844.220172413794
561.6219028226669,6726.483155172414
561.9765575639667,6679.890827586203
562.3311654588246,6658.728206896552
562.6857264975578,6588.374456896551
563.0402406704843,6499.084681034482
563.3947079679216,6395.976724137932
563.7491283801869,6323.675534482759
564.1035018975979,6288.315879310347
564.4578285104722,6207.507103448275
564.812108209127,6151.476672413792
565.1663409838801,6035.321534482759
565.5205268250488,5982.355163793104
565.8746657229508,5872.487663793104
566.2287576679033,5840.25853448276
566.582802650224,5832.349137931034
566.9368006602307,5710.983103448274
567.2907516882406,5629.649249999999
567.6446557245708,5637.232965517241
567.9985127595396,5576.157801724138
568.3523227834639,5551.206646551722
568.7060857866617,5483.597922413791
569.05980175945,5486.455939655172
569.4134706921468,5444.217103448276
569.7670925750693,5402.297301724137
570.1206673985349,5427.162051724138
570.4741951528614,5406.677379310346
570.8276758283661,5425.60675862069
571.1811094153666,5495.229387931035
571.5344959041804,5484.834181034484
571.887835285125,5555.952284482761
572.241127548518,5558.571025862069
572.5943726846766,5692.120189655175
572.9475706839186,5787.810594827587
573.3007215365616,5819.647577586207
573.6538252329226,5946.822698275862
574.0068817633196,6071.5651810344825
574.35989111807,6221.5712068965495
574.7128532874912,6274.411293103449
575.0657682619006,6497.07077586207
575.418636031616,6641.899137931034
575.7714565869547,6793.84595689655
576.1242299182344,7072.728620689655
576.4769560157722,7201.372629310346
576.8296348698861,7438.734284482754
577.1822664708935,7675.045784482761
577.5348508091115,8023.44473275862
577.887387874858,8272.55749137931
578.2398776584505,8462.150379310344
578.5923201502063,8813.7130862069
578.9447153404429,9125.010982758617
579.2970632194782,9444.337913793102
579.6493637776293,9764.030405172414
580.0016170052138,10125.828801724138
580.3538228925493,10548.097525862067
580.7059814299532,10783.279112068965
581.058092607743,11228.65125
581.4101564162362,11658.231181034485
581.7621728457506,12071.633405172413
582.1141418866034,12383.037646551724
582.466063529112,12808.842336206899
582.8179377635942,13272.52572413793
583.1697645803674,13638.351931034482
583.5215439697491,14040.248974137929
583.8732759220567,14429.883129310347
584.2249604276079,14872.33743103448
584.57659747672,15364.92002586207
584.9281870597107,15695.91830172414
585.2797291668975,16114.797284482764
585.6312237885977,16457.041525862063
585.982670915129,16854.452146551725
586.3340705368088,17333.615353448266
586.6854226439547,17615.914344827586
587.0367272268841,17959.19544827586
587.3879842759146,18386.336094827584
587.7391937813636,18728.440758620683
588.0903557335488,19173.792956896552
588.4414701227875,19469.05937068966
588.7925369393971,19874.598724137933
589.1435561736955,20139.849310344824
589.494527816,20352.82476724138
589.8454518566281,20731.698155172417
590.1963282858972,21192.769448275867
590.547157094125,21532.687396551726
590.8979382716288,21591.748655172407
591.2486718087263,21912.14568103448
591.5993576957351,22224.626663793108
591.9499959229723,22611.814887931036
592.3005864807558,22872.512586206896
592.6511293594028,22991.239939655166
593.0016245492311,23350.14043965517
593.3520720405579,23696.49889655173
593.7024718237009,23801.707163793104
594.0528238889776,23956.970612068966
594.4031282267056,24143.413034482764
594.7533848272021,24664.070663793096
595.1035936807849,24839.160775862074
595.4537547777715,25070.872862068973
595.803868108479,25312.607948275865
596.1539336632253,25608.419379310344
596.5039514323281,25655.496905172415
596.8539214061043,25706.748465517245
597.2038435748719,26024.09472413794
597.5537179289481,26238.499189655176
597.9035444586507,26933.86807758621
598.2533231542969,27107.79504310346
598.6030540062044,27145.81331896552
598.9527370046907,27139.273112068964
599.3023721400731,27218.333844827583
599.6519594026695,27673.54287931034
600.001498782797,27791.66539655173
600.3509902707734,28151.449887931034
600.700433856916,28256.631568965517
601.0498295315423,28683.333543103457
601.39917728497,28485.339413793103
601.7484771075166,28970.35823275862
602.0977289894995,28937.27169827587
602.4469329212361,29393.09221551724
602.796088893044,29209.740439655176
603.1451968952409,29548.329077586208
603.494256918144,29932.519706896554
603.8432689520711,30054.37093965517
604.1922329873393,30232.764387931045
604.5411490142665,30288.907810344826
604.89001702317,30587.856413793113
605.2388370043674,30853.951112068975
605.5876089481761,30612.52841379311
605.9363328449137,30664.577560344824
606.2850086848979,31177.14633620689
606.6336364584456,31291.34738793104
606.982216155875,31528.170672413802
607.3307477675032,31579.827672413794
607.6792312836478,31960.276293103452
608.0276666946264,32230.36556896552
608.3760539907562,32109.591077586207
608.7243931623551,32431.370586206893
609.0726841997404,32448.40569827586
609.4209270932297,32683.946198275855
609.7691218331404,32661.015594827586
610.11726840979,33099.26927586206
610.4653668134961,33065.2455775862
610.813417034576,33060.79903448276
611.1614190633476,33358.59113793104
611.5093728901279,33311.64654310346
611.857278505235,33715.81006034483
612.2051358989859,33750.73768965517
612.5529450616983,33845.218422413796
612.9007059836897,33789.693129310355
613.2484186552775,33993.376706896546
613.5960830667797,34018.43420689655
613.943699208513,34142.88424137931
614.2912670707955,34362.266974137936
614.6387866439445,34498.91343103449
614.9862579182775,34528.47729310344
615.333680884112,34287.63949137931
615.6810555317657,34706.38554310344
616.0283818515558,34792.81065517241
616.3756598338,34513.78176724137
616.7228894688157,34967.74125000001
617.0700707469207,34970.838543103455
617.4172036584321,34775.343517241374
617.7642881936675,35090.137500000004
618.1113243429445,35229.681853448266
618.4583120965808,35010.30576724138
618.8052514448935,35050.84973275862
619.1521423782003,35311.54743103449
619.4989848868188,35004.888827586205
619.8457789610666,35523.26668965516
620.1925245912607,35266.57686206898
620.5392217677189,35069.45343103449
620.885870480759,34834.989672413794
621.2324707206981,35351.067827586216
621.5790224778539,34893.37298275862
621.9255257425439,35059.98874137932
622.2719805050855,35091.2674137931
622.6183867557961,35101.589508620695
622.9647444849935,35107.48499999999
623.3110536829952,34898.00562931034
623.6573143401184,34851.300310344835
624.0035264466808,35012.63206034484
624.349689993,34805.73819827587
624.6958049693934,34662.02645689655
625.0418713661784,34430.194732758624
625.3878891736726,34506.450620689655
625.7338583821937,34241.41937068965
626.0797789820589,34376.842862068974
626.4256509635858,34271.06963793103
626.7714743170919,34576.99712068965
627.117249032895,34166.44626724138
627.462975101312,33970.87148275862
627.808652512661,34022.87410344828
628.1542812572592,33750.62469827585
628.499861325424,33605.84950862069
628.8453927074733,33773.62176724138
629.1908753937244,33613.14742241379
629.5363093744947,33637.69313793103
629.8816946401017,33336.065974137935
630.227031180863,33365.72953448275
630.5723189870963,33159.427215517244
630.9175580491187,33154.27613793103
631.2627483572479,33030.96266379309
631.6078899018016,33032.3385
631.9529826730972,32856.35775
632.2980266614518,32655.279620689646
632.6430218571834,32724.676267241382
632.9879682506095,32587.597784482754
633.3328658320472,32613.77190517241
633.6777145918143,32556.06654310345
634.0225145202284,32243.671965517242
634.3672656076068,32024.78107758621
634.7119678442671,32320.718793103442
635.0566212205266,32151.27160344828
635.4012257267033,31806.275689655162
635.7457813531141,31752.026534482757
636.0902880900769,31681.65949137931
636.4347459279091,31592.815034482755
636.7791548569284,31604.559491379317
637.1235148674518,31609.28518965518
637.4678259497972,31349.092629310348
637.8120880942822,31189.41587068966
638.1563012912239,31239.45775862069
638.5004655309402,31138.669448275865
638.8445808037485,31238.135094827583
639.1886470999663,31006.197025862075
639.5326644099108,30768.097603448277
639.8766327238999,30501.158793103445
640.2205520322509,30624.033594827582
640.5644223252815,30788.96112931034
640.9082435933088,30294.29151724139
641.252015826651,30607.21781896551
641.5957390156251,30436.235275862065
641.9394131505485,30282.021982758626
642.283038221739,30224.44955172415
642.6266142195141,30308.15622413793
642.9701411341911,29977.19118103449
643.3136189560876,30294.996051724145
643.6570476755212,30244.35597413793
644.0004272828095,30081.58856896552
644.3437577682696,29944.078060344837
644.6870391222192,30203.20717241379
645.030271334976,30022.74
645.3734543968574,30018.113999999998
645.7165882981807,30088.926362068963
646.0596730292636,29791.24060344827
646.4027085804239,30212.731681034493
646.7456949419784,29777.88768103448
647.0886321042451,29754.338948275865
647.4315200575415,29768.42299137931
647.7743587921849,30013.44147413793
648.1171482984928,29593.12018965517
648.459888566783,29708.21852586206
648.8025795873729,29505.61168965517
649.1452213505797,29615.11362931035
649.4878138467211,29837.826284482755
649.8303570661149,29678.661310344825
650.172850999078,29586.746146551726
650.5152956359285,29528.429301724133
650.8576909669837,29616.941431034487
651.2000369825611,29555.294663793105
651.542333672978,29355.665482758617
651.8845810285519,29666.697517241384
652.2267790396008,29995.349560344832
652.5689276964417,29472.18618103448
652.9110269893924,29683.593051724147
653.2530769087704,29756.592129310342
653.5950774448929,29603.56192241379
653.9370285880777,29853.478913793107
654.2789303286421,29559.083198275857
654.6207826569039,30039.137043103445
654.9625855631804,29759.277336206902
655.3043390377888,30050.861560344827
655.6460430710474,29750.058568965516
655.9876976532731,30001.510913793107
656.3293027747835,29870.03547413794
656.6708584258962,29707.22818965517
657.0123645969287,29641.859353448268
657.3538212781983,29918.8743362069
657.6952284600228,29599.361301724133
658.0365861327195,30034.04578448277
658.3778942866063,29928.817577586204
658.719152912,29837.839577586205
659.0603619992186,30181.379896551724
659.4015215385796,30232.91725862069
659.7426315204004,29881.447603448276
660.0836919349985,30509.86577586206
660.4247027726914,30143.421439655187
660.7656640237967,30288.150103448275
661.1065756786317,30367.01143965518
661.4474377275141,30529.579448275865
661.7882501607614,30361.76066379311
662.1290129686911,30488.909198275855
662.4697261416204,30500.394439655174
662.8103896698674,30529.812077586208
663.1510035437491,30765.791249999995
663.4915677535832,30892.28177586206
663.8320822896872,30860.072586206898
664.1725471423786,30939.24631034482
664.5129623019748,30978.168517241378
664.8533277587933,30871.00616379309
665.193643503152,30891.198387931032
665.5339095253681,31198.428594827586
665.8741258157589,31019.61641379311
666.2142923646422,30885.57540517242
666.5544091623356,31193.869060344823
666.8944761991562,31199.226181034483
667.2344934654218,31239.351413793105
667.57446095145,31344.91859482759
667.9143786475581,31253.16294827587
668.2542465440636,31430.52618103449
668.594064631284,31514.3524913793
668.9338328995372,31383.448655172415
669.27355133914,31467.554120689652
669.6132199404104,31507.699293103447
669.9528386936657,31594.48996551724
670.2924075892238,31579.016793103456
670.6319266174016,31603.33652586206
670.971395768517,31724.30376724137
671.3108150328875,31781.96260344828
671.6501844008304,31824.22137931035
671.9895038626635,31821.17061206898
672.328773408704,31866.141181034483
672.6679930292696,31660.643094827592
673.0071627146776,31855.965310344825
673.3462824552458,32002.342318965533
673.6853522412916,31909.735913793094
674.0243720631324,31846.8728275862
674.3633419110857,31982.110215517234
674.7022617754692,31870.78712068966
675.0411316466003,31868.188318965516
675.3799515147962,31751.01625862069
675.718721370375,32268.73611206896
676.0574412036539,31931.39702586207
676.3961110049503,31987.939241379318
676.7347307645817,32401.275000000005
677.0733004728659,31876.935181034478
677.4118201201202,31922.80968103448
677.750289696662,31752.019887931045
678.088709192809,32048.56243965517
678.4270785988788,32091.3064137931
678.7653979051886,31863.562318965516
679.103667102056,31832.994827586215
679.4418861797986,31403.61429310346
679.780055128734,31891.796870689643
680.1181739391793,31999.404543103446
680.4562426014525,31898.83556896551
680.794261105871,31804.92643965517
681.132229442752,31537.788232758623
681.470147602413,31917.824767241378
681.808015575172,31453.41690517241
682.1458333513463,31425.11588793102
682.4836009212529,31462.250172413795
682.82131827521,31204.849163793104
683.158985403535,30899.207482758626
683.4966022965449,31094.58287068965
683.8341689445576,31185.527637931038
684.1716853378906,30961.592017241375
684.5091514668615,31099.620956896553
684.8465673217872,30755.51568103449
685.1839328929861,31121.421646551724
685.5212481707752,30715.795887931028
685.858513145472,30881.23520689655
686.1957278073941,30396.80793103448
686.532892146859,30104.51917241379
686.8700061541842,30334.310405172415
687.207069819687,30006.269844827588
687.5440831336854,29909.250129310352
687.8810460864966,30070.84774137931
688.2179586684379,29827.517482758623
688.554820869827,29728.57026724138
688.8916326809817,29241.404612068964
689.228394092219,29751.39452586207
689.5651050938567,29492.976594827593
689.9017656762122,29325.46355172414
690.2383758296032,29215.13743965518
690.574935544347,28981.58425862068
690.911444810761,28935.357491379316
691.2479036191631,28776.597956896545
691.5843119598705,28831.525060344826
691.9206698232007,28520.473086206905
692.2569771994715,28646.05968103448
692.593234079,28376.455603448278
692.9294404521039,28239.024853448267
693.2655963091007,28188.60411206896
693.6017016403081,27892.433767241375
693.9377564360432,27853.292224137935
694.2737606866239,27520.512672413788
694.6097143823674,27595.14680172414
694.9456175135914,27250.94847413793
695.2814700706133,27595.027163793104
695.6172720437506,27459.198232758623
695.953023423321,27079.347801724132
696.2887241996418,26996.571646551725
696.6243743630305,26777.760517241386
696.9599739038048,26732.231637931036
697.295522812282,26597.007543103453
697.6310210787797,26501.928620689654
697.9664686936152,26440.46795689655
698.3018656471065,26231.826051724132
698.6372119295706,26075.69855172413
698.9725075313253,25983.643810344827
699.3077524426881,26014.576862068967
699.6429466539763,25872.247603448264
699.9780901555074,25640.296241379314
700.3131829375992,25783.090758620685
700.648224990569,25474.012810344833
700.9832163047344,25348.59237931035
701.3181568704127,25300.438112068972
701.6530466779217,24966.601758620694
701.9878857175788,25153.104
702.3226739797014,24843.221818965514
702.657411454607,24891.881224137927
702.9920981326133,24686.848396551723
703.3267340040376,24912.857741379303
703.6613190591974,24483.563612068967
703.9958532884106,24420.354905172408
704.3303366819943,24364.696681034486
704.664769230266,24362.609663793108
704.9991509235432,24279.295137931036
705.3334817521437,24040.810215517242
705.6677617063847,23887.467620689662
706.001990776584,23826.764663793107
706.3361689530589,23789.617086206898
706.670296226127,23641.92406034483
707.0043725861057,23681.996120689662
707.3383980233124,23629.322198275862
707.6723725280649,23539.527284482756
708.0062960906805,23421.411413793106
708.3401687014768,23390.07956896552
708.6739903507713,23265.888750000002
709.0077610288816,23045.382750000004
709.341480726125,23057.27343103449
709.675149432819,23277.015077586206
710.0087671392814,22996.351137931037
710.3423338358294,22923.62456896552
710.6758495127806,22940.686267241374
711.0093141604527,22412.41168965518
711.3427277691629,22622.402844827593
711.6760903292287,22797.220448275864
712.0094018309679,22482.71891379311
712.3426622646979,22515.75892241379
712.675871620736,22476.81677586207
713.0090298893998,22497.414439655175
713.3421370610071,22564.365155172407
713.6751931258752,22091.875086206892
714.0081980743214,21824.098810344833
714.3411518966633,22329.582362068966
714.6740545832188,22643.884499999996
715.0069061243048,22041.627155172413
715.3397065102391,21809.615974137927
715.6724557313395,22079.28651724138
716.005153777923,22121.824448275864
716.3378006403074,22048.92506896552
716.6703963088099,21975.068586206893
717.0029407737486,22111.123499999994
717.3354340254403,22135.782206896547
717.6678760542031,21778.383827586214
718.0002668503543,21844.430612068965
718.3326064042111,21472.58927586206
718.6648947060913,21700.10074137931
718.9971317463124,21675.82088793103
719.3293175151921,21656.107215517237
719.6614520030474,21519.84625862069
719.9935352001961,21226.03543965517
720.3255670969559,21564.20534482759
720.657547683644,21383.492250000003
720.9894769505778,21935.61465517241
721.3213548880752,21660.261310344828
721.6531814864536,21326.87027586207
721.9849567360303,21562.35095689655
722.3166806271229,21592.2670862069
722.6483531500489,21323.5204137931
722.9799742951261,21262.338905172415
723.3115440526715,21057.5254137931
723.6430624130029,21147.72576724138
723.9745293664379,21111.296017241377
724.3059449032936,21334.566982758613
724.6373090138878,21219.920612068963
724.9686216885382,21418.267008620685
725.2998829175622,21068.525456896554
725.6310926912768,21301.008543103446
725.962251,21387.659637931032
726.2933578340493,21411.221663793105
726.624413183742,21189.379706896547
726.9554170393957,21172.47087931034
727.2863693913281,21345.16158620689
727.6172702298564,21316.2490862069
727.9481195452983,21385.339991379304
728.278917327971,21099.212586206886
728.6096635681926,21237.613732758622
728.94035825628,20806.631379310344
729.2710013825509,20963.828974137927
729.6015929373231,21199.535637931025
729.9321329109138,20891.467965517244
730.2626212936404,20871.69447413793
730.5930580758207,21273.08637931035
730.9234432477722,20795.844025862072
731.253776799812,21490.43526724138
731.5840587222582,21108.411413793106
731.9142890054278,20967.24530172413
732.2444676396386,20942.513482758626
732.574594615208,20999.40796551724
732.9046699224534,20884.848000000005
733.2346935516928,21190.954939655174
733.564665493243,20946.089327586204
733.8945857374217,20985.88887931035
734.2244542745469,21187.11987931034
734.5542710949358,20793.790241379316
734.8840361889054,21140.500965517243
735.2137495467739,20858.707112068965
735.5434111588587,20899.237784482757
735.873021015477,21114.100862068968
736.2025791069465,21250.70743965517
736.5320854235848,21064.976198275865
736.8615399557093,21033.48483620689
737.1909426936373,21258.384206896553
737.5202936276866,21195.428068965517
737.8495927481747,21093.9551637931
738.178840045419,20943.224663793102
738.5080355097368,21307.927603448272
738.8371791314461,21285.36256034482
739.166270900864,21326.405017241377
739.4953108083082,21064.29825000001
739.8242988440961,21194.0455862069
740.1532349985453,21189.107198275866
740.4821192619731,21147.120931034475
740.8109516246973,21276.070681034482
741.1397320770353,21102.004137931028
741.4684606093047,21097.477836206897
741.7971372118227,21012.315568965514
742.1257618749069,21050.207560344825
742.4543345888751,21099.7908362069
742.7828553440444,21361.758025862066
743.1113241307326,21069.60884482759
743.4397409392571,21300.696155172416
743.7681057599356,21260.298413793105
744.0964185830851,21223.217301724133
744.4246793990236,21283.488232758624
744.7528881980685,21013.797750000005
745.081044970537,21379.11217241379
745.4091497067471,21102.828310344827
745.737202397016,21258.90928448276
746.0652030316613,21180.86547413793
746.3931516010002,21136.812129310347
746.7210480953507,21239.31525
747.0488925050303,21189.492698275866
747.3766848203559,21148.044801724143
747.7044250316454,21142.56804310345
748.0321131292166,21094.466948275858
748.3597491033865,21115.004793103453
748.6873329444727,21135.928137931038
749.014864642793,21106.743129310344
749.3423441886647,21121.67793103448
749.6697715724052,21091.768448275856
749.9971467843322,21012.98687068966
750.3244698147632,21068.04025862069
750.6517406540157,21158.393482758627
750.9789592924069,20928.336387931035
751.3061257202547,21031.843137931035
751.6332399278766,21200.9048275862
751.9603019055899,20933.27477586206
752.287311643712,21093.56301724138
752.6142691325607,21014.555456896556
752.9411743624535,21020.863034482758
753.2680273237074,21001.694379310346
753.5948280066407,20865.340370689653
753.9215764015704,20762.777431034487
754.248272498814,20860.056362068968
754.5749162886892,20835.032094827584
754.9015077615135,20704.13490517241
755.2280469076043,20793.71048275862
755.554533717279,20733.559189655174
755.8809681808553,20758.10490517241
756.2073502886508,20579.532
756.5336800309826,20575.73681896551
756.8599573981685,20560.655793103448
757.1861823805261,20620.341827586206
757.5123549683728,20421.098146551718
757.8384751520258,20596.68010344828
758.1645429218031,20453.892232758622
758.4905582680221,20524.571663793104
758.816521181,20349.574603448276
759.1424316510545,20266.093913793105
759.4682896685033,20326.0391637931
759.7940952236635,20194.670068965523
760.1198483068528,20181.948568965516
760.4455489083888,20168.682051724132
760.7711970185891,19953.526525862068
761.0967926277708,20042.48397413793
761.4223357262517,19907.04054310346
761.7478263043492,19849.42158620689
762.073264352381,19725.018077586206
762.3986498606644,19834.426965517247
762.7239828195169,19629.666646551723
763.0492632192563,19836.34781896551
763.3744910501996,19611.26234482758
763.6996663026646,19480.012887931036
764.0247889669689,19428.880965517237
764.3498590334299,19261.979405172424
764.674876492365,19288.18675862069
764.9998413340919,19064.942379310338
765.324753548928,19147.020646551726
765.6496131271908,19117.131103448286
765.9744200591978,18879.377301724136
766.2991743352666,18772.487456896553
766.6238759457146,18994.103431034484
766.9485248808593,18567.567620689657
767.2731211310183,18867.88541379311
767.5976646865092,18604.030603448275
767.9221555376491,18465.968431034486
768.2465936747559,18361.338413793103
768.5709790881469,18213.891310344825
768.8953117681399,18079.24546551724
769.2195917050519,18056.826646551726
769.5438188892008,18016.163043103446
769.8679933109041,17840.674137931033
770.1921149604792,17703.861517241374
770.5161838282434,17779.27993965517
770.8401999045146,17654.12537068966
771.16416317961,17455.23395689655
771.4880736438472,17371.819732758624
771.811931287544,17376.88440517241
772.1357361010175,17093.58843103448
772.4594880745854,17174.8757586207
772.7831871985649,17078.56722413793
773.106833463274,17082.86754310345
773.4304268590299,16843.299232758618
773.7539673761501,16808.27855172414
774.0774550049523,16787.827112068964
774.4008897357538,16777.086284482753
774.7242715588721,16524.351155172415
775.047600464625,16362.726956896551
775.3708764433297,16439.96653448276
775.6940994853038,16158.717698275863
776.0172695808648,16078.347594827583
776.3403867203302,16190.641086206895
776.6634508940177,15932.29626724138
776.9864620922444,15881.151051724144
777.3094203053281,15844.555137931038
777.6323255235864,15735.618155172415
777.9551777373364,15562.54194827586
778.2779769368959,15466.02072413793
778.6007231125826,15359.636017241379
778.9234162547136,15185.65587931035
779.2460563536066,15120.360155172415
779.568643399579,15108.263431034486
779.8911773829484,15077.396844827586
780.2136582940323,14750.074112068964
780.5360861231482,14808.922681034484
780.8584608606136,14630.62893103448
781.1807824967461,14569.939267241378
781.503051021863,14530.226120689662
781.8252664262819,14440.710362068965
782.1474287003205,14334.538344827586
782.4695378342959,14206.685275862068
782.7915938185259,14241.174232758623
783.1135966433282,14161.947336206895
783.4355462990198,14048.869551724136
783.7574427759185,14058.334241379313
784.0792860643418,13960.34412931035
784.4010761546072,13862.540120689657
784.722813037032,13770.751241379308
785.0444967019339,13761.632172413789
785.3661271396305,13723.348034482757
785.6877043404394,13707.695405172413
786.0092282946775,13614.178422413795
786.3306989926629,13616.17903448276
786.6521164247129,13636.045577586205
786.9734805811449,13587.917896551724
787.2947914522766,13476.402051724133
787.6160490284254,13544.176939655174
787.9372532999091,13621.775431034483
788.2584042570446,13472.753094827585
788.5795018901498,13433.485267241376
788.9005461895424,13454.85393103448
789.2215371455394,13474.507784482765
789.5424747484585,13419.195181034482
789.8633589886175,13575.276155172412
790.1841898563337,13639.129577586207
790.5049673419245,13534.811948275861
790.8256914357073,13564.063422413792
791.146362128,13456.136715517245
791.4669794091199,13563.44529310345
791.7875432693843,13661.5683362069
792.1080536991111,13618.266051724137
792.4285106886177,13598.399508620692
792.7489142282213,13630.967612068967
793.0692643082398,13612.76270689655
793.3895609189905,13709.54979310345
793.7098040507909,13808.490362068967
794.0299936939585,13658.424517241381
794.350129838811,13786.131362068969
794.6702124756658,13777.49084482759
794.9902415948401,13766.072068965519
795.3102171866518,13738.694922413792
795.6301392414183,13629.671534482757
795.9500077494572,13788.490887931035
796.2698227010857,13795.064327586213
796.5895840866215,13769.568155172417
796.9092918963823,13752.214008620696
797.2289461206852,13819.377413793107
797.5485467498479,13793.582146551722
797.8680937741881,13694.156379310349
798.187587184023,13659.095818965514
798.5070269696703,13858.332853448277
798.8264131214474,13812.98343103448
799.145745629672,13894.47015517241
799.4650244846613,13831.83969827586
799.7842496767328,13757.012818965515
800.1034211962044,13905.350560344832
800.4225390333933,13889.658051724135
800.741603178617,13934.103543103445
801.0606136221932,13766.470862068963
801.3795703544392,13689.583551724143
801.6984733656726,13803.405749999998
802.0173226462109,13616.584474137931
802.3361181863717,13963.973146551725
802.6548599764723,13942.777293103445
802.9735480068302,13756.740310344827
803.2921822677633,13437.911870689653
803.6107627495887,13750.11369827586
803.929289442624,13622.493258620692
804.2477623371868,13590.669568965519
804.5661814235946,13516.414293103444
804.8845466921647,13538.327974137927
805.2028581332147,13519.83726724138
805.5211157370624,13598.31975
805.8393194940251,13457.200163793103
806.15746939442,13447.077465517246
806.475565428565,13461.201387931034
806.7936075867775,13401.282724137927
807.111595859375,13283.326370689654
807.429530236675,13227.39563793103
807.7474107089951,13321.14525
808.0652372666526,13258.328689655173
808.383009899965,13177.998465517241
808.70072859925,13188.858931034478
809.0183933548252,13135.427301724141
809.3360041570078,13278.14870689655
809.6535609961155,13019.577905172413
809.9710638624657,12797.303922413794
810.2885127463761,12981.293767241381
810.6059076381638,12777.211396551722
810.9232485281467,12773.668784482757
811.2405354066423,12776.320758620686
811.5577682639678,12517.151767241377
811.8749470904407,12372.110715517243
812.1920718763791,12518.075637931035
812.5091426121,12647.723275862072
812.8261592879209,12667.636344827586
813.1431218941593,12576.119974137931
813.4600304211331,12526.157844827585
813.7768848591593,12488.73775862069
814.0936851985556,12557.104189655172
814.4104314296397,12205.946922413794
814.7271235427289,12075.893844827588
815.0437615281405,12240.921077586205
815.3603453761925,12315.761250000003
815.6768750772022,12336.97039655172
815.9933506214869,12077.78811206897
816.3097719993643,11989.455439655174
816.626139201152,12025.805431034481
816.9424522171673,11975.451155172412
817.2587110377277,12018.09543103448
817.5749156531509,12154.675422413795
817.8910660537543,12025.566155172412
818.2071622298554,11884.825422413796
818.5232041717716,11879.574646551722
818.8391918698208,11851.924991379308
819.15512531432,11690.646413793107
819.4710044955867,11694.129206896552
819.786829403939,11608.980232758619
820.1026000296939,11719.372810344828
820.4183163631691,11580.546284482756
820.733978394682,11428.612758620688
821.0495861145503,11387.57694827586
821.3651395130912,11458.209853448272
821.6806385806223,11492.286724137932
821.9960833074613,11226.225258620694
822.3114736839257,11369.704370689653
822.6268097003326,11362.320051724135
822.942091347,11120.212758620692
823.2573186142452,11237.424698275861
823.5724914923858,11273.615172413793
823.8876099717388,11250.4585862069
824.2026740426224,11277.46352586207
824.5176836953539,11019.617198275862
824.8326389202506,11089.545568965515
825.1475397076301,10987.627344827586
825.4623860478102,10976.574129310346
825.777177931108,10817.927586206899
826.0919153478409,10998.973008620691
826.406598288327,10870.076431034482
826.7212267428835,11027.539887931034
827.0358007018276,10910.706801724138
827.3503201554771,10837.069655172412
827.6647850941497,10985.846068965511
827.9791955081625,10850.834663793103
828.2935513878332,10855.34102586207
828.6078527234795,10633.658586206897
828.9220995054185,10663.953568965513
829.236291723968,10856.590577586207
829.5504293694454,10698.402646551722
829.8645124321683,10723.493379310343
830.178540902454,10658.111249999998
830.4925147706201,10583.77621551724
830.8064340269843,10645.203646551727
831.120298661864,10542.786931034481
831.4341086655764,10609.66453448276
831.7478640284395,10538.453379310344
832.0615647407706,10552.510836206897
832.3752107928871,10453.53703448276
832.6888021751064,10345.630267241377
833.0023388777464,10431.922448275862
833.3158208911243,10344.121500000003
833.6292482055577,10370.973568965517
833.9426208113641,10485.978853448276
834.2559386988611,10475.012043103448
834.569201858366,10192.48042241379
834.8824102801964,10302.234931034485
835.19556395467,10256.087922413792
835.5086628721041,10310.709284482758
835.821707022816,10210.3264137931
836.1346963971237,10124.373206896551
836.4476309853444,10228.996577586207
836.7605107777956,10156.289948275862
837.0733357647947,10134.037293103447
837.3861059366598,10094.124750000003
837.6988212837077,10147.882060344824
838.0114817962561,10153.239181034483
838.3240874646227,9939.120517241381
838.6366382791251,9970.49224137931
838.9491342300803,9996.506844827585
839.2615753078062,10030.29126724138
839.5739615026203,10079.628620689655
839.88629280484,9987.514060344827
840.1985692047826,9983.958155172415
840.510790692766,9930.440120689655
840.8229572591076,9894.070189655175
841.1350688941246,9836.411353448277
841.4471255881351,9908.719189655172
841.7591273314559,9889.311258620688
842.0710741144052,9847.311698275862
842.3829659272999,9870.70756034483
842.6948027604578,9703.626543103448
843.0065846041965,9797.103646551726
843.3183114488334,9768.038275862067
843.6299832846859,9799.456525862073
843.9416001020717,9709.296051724137
844.253161891308,9682.995646551723
844.5646686427127,9622.598431034485
844.876120346603,9688.472405172415
845.1875169932966,9649.091586206896
845.4988585731109,9696.321982758622
845.8101450763634,9558.931112068969
846.1213764933716,9553.0755
846.4325528144531,9566.448362068966
846.7436740299254,9525.186568965519
847.0547401301059,9616.437077586206
847.3657511053123,9489.99307758621
847.6767069458617,9540.958836206893
847.987607642072,9450.6986637931
848.2984531842606,9518.48019827586
848.6092435627448,9509.952672413796
848.9199787678427,9420.337215517244
849.2306587898711,9415.11302586207
849.5412836191479,9427.787999999999
849.8518532459905,9384.372724137933
850.1623676607164,9388.433767241379
850.4728268536431,9293.64729310345
850.783230815088,9284.455112068961
851.093579535369,9265.705189655171
851.4038730048032,9297.562112068963
851.7141112137083,9215.988982758623
852.0242941524017,9233.821681034482
852.3344218112011,9241.564913793101
852.6444941804235,9190.30670689655
852.9545112503871,9123.35599137931
853.264473011409,9068.276017241378
853.5743794538067,9116.523336206894
853.8842305678979,9050.310387931035
854.194026344,9013.109637931035
854.5037667724305,9035.31576724138
854.8134518435068,9022.374931034483
855.1230815475466,8946.212094827582
855.4326558748674,8968.072603448276
855.7421748157863,8912.740060344826
856.0516383606214,8931.556448275864
856.3610464996898,8864.745310344824
856.6703992233095,8819.655103448275
856.9796965217972,8802.533586206895
857.2889383854709,8833.280534482761
857.5981248046484,8818.265974137936
857.9072557696466,8714.991853448275
858.2163312707833,8720.84746551724
858.5253512983759,8681.978431034486
858.8343158427422,8654.315482758619
859.1432248941993,8661.62668965517
859.4520784430649,8678.655155172415
859.7608764796566,8606.805931034483
860.0696189942919,8537.56880172414
860.378305977288,8525.63824137931
860.6869374189627,8534.478155172417
860.9955133096336,8453.08448275862
861.3040336396177,8509.261137931031
861.612498399233,8419.326646551723
861.9209075787969,8446.949715517243
862.2292611686267,8340.618181034482
862.5375591590403,8305.657318965516
862.8458015403547,8338.610922413793
863.1539883028879,8267.86502586207
863.462119436957,8210.698034482757
863.7701949328797,8121.594362068967
864.0782147809736,8126.559336206894
864.386178971556,8066.634025862073
864.6940874949445,8034.6441724137985
865.0019403414566,8061.941560344826
865.3097375014099,8068.687810344825
865.6174789651217,7997.855508620689
865.9251647229097,7979.763594827586
866.2327947650913,7871.059241379309
866.5403690819841,7851.870646551723
866.8478876639055,7820.359344827588
867.1553505011728,7824.9786982758615
867.4627575841041,7761.9228620689655
867.7701089030164,7721.96379310345
868.0774044482273,7649.177405172415
868.3846442100546,7621.820198275862
868.6918281788154,7618.417163793104
868.9989563448274,7551.406629310342
869.3060286984081,7543.736508620689
869.6130452298751,7461.990568965517
869.9200059295456,7385.462172413792
870.2269107877374,7398.409655172414
870.5337597947679,7246.708758620688
870.8405529409546,7302.852181034482
871.1472902166151,7132.408008620689
871.4539716120669,7116.462931034484
871.7605971176272,7113.751137931036
872.0671667236139,7032.576801724137
872.3736804203443,6951.774672413795
872.6801381981361,6963.55900862069
872.9865400473064,6885.820939655175
873.2928859581732,6860.517517241378
873.5991759210535,6861.521146551726
873.9054099262653,6817.820068965515
874.2115879641259,6863.348948275865
874.5177100249526,6810.78801724138
874.8237760990634,6787.65801724138
875.1297861767753,6790.123887931037
875.435740248406,6795.294905172414
875.741638304273,6745.605284482756
876.0474803346939,6811.878051724138
876.353266329986,6714.592474137933
876.658996280467,6753.189
876.9646701764544,6752.178724137931
877.2702880082657,6662.915534482759
877.5758497662182,6700.84075862069
877.8813554406296,6669.116767241379
878.1868050218173,6685.866077586208
878.4921985000991,6695.948896551724
878.7975358657919,6769.659155172412
879.1028171092139,6666.597724137933
879.4080422206821,6620.517181034484
879.7132111905144,6616.283327586207
880.018324009028,6703.240163793105
880.3233806665403,6634.235663793104
880.6283811533692,6742.873551724138
880.933325459832,6638.409698275862
881.2382135762464,6629.955284482758
881.5430454929294,6686.99599137931
881.847821200199,6680.881163793102
882.1525406883726,6698.261896551725
882.4572039477674,6675.9893017241375
882.7618109687014,6728.982258620688
883.0663617414918,6671.250310344829
883.3708562564561,6662.058129310346
883.6752945039119,6725.758681034483
883.9796764741768,6711.136267241382
884.284002157568,6737.948456896551
884.5882715444033,6771.839224137933
884.8924846250001,6693.46973275862
885.1966413896757,6742.215543103448
885.500741828748,6814.915525862067
885.8047859325343,6704.815396551723
886.1087736913521,6714.745344827587
886.4127050955188,6749.61980172414
886.7165801353522,6760.207758620689
887.0203988011696,6670.751818965517
887.3241610832885,6692.147068965517
887.6278669720265,6728.483767241378
887.931516457701,6764.641008620689
888.2351095306296,6740.2415172413785
888.5386461811297,6728.902499999998
888.8421263995189,6712.658327586203
889.1455501761147,6740.188344827586
889.4489175012345,6758.878448275862
889.7522283651961,6683.5730172413805
890.0554827583167,6691.628637931035
890.3586806709139,6720.195517241378
890.6618220933051,6656.388620689657
890.964907015808,6659.991051724137
891.26793542874,6629.264043103451
891.5709073224186,6584.472931034483
891.8738226871615,6588.454215517242
892.1766815132858,6567.816672413792
892.4794837911094,6586.905568965515
892.7822295109495,6566.447482758618
893.084918663124,6523.384474137933
893.38755123795,6535.268508620691
893.6901272257452,6473.229594827589
893.9926466168271,6487.074362068966
894.295109401513,6429.588336206895
894.5975155701208,6401.134448275861
894.8998651129676,6380.742827586207
895.2021580203713,6311.239836206898
895.5043942826492,6307.630758620689
895.8065738901186,6291.360000000002
896.1086968330975,6284.2216034482735
896.410763101903,6194.971706896553
896.7127726868525,6224.867896551725
897.014725578264,6162.26402586207
897.3166217664545,6115.286198275863
897.618461241742,6107.968344827586
897.9202439944438,6089.397879310345
898.2219700148772,6011.8326206896545
898.5236392933599,6061.894448275862
898.8252518202094,5926.3579655172425
899.1268075857431,5953.396137931033
899.4283065802786,5895.471439655173
899.7297487941335,5873.444767241379
900.031134217625,5834.196879310342
900.3324628410709,5769.120491379312
900.6337346547887,5776.757379310343
900.9349496490956,5737.004353448276
901.2361078143095,5680.581775862071
901.5372091407476,5655.118836206898
901.8382536187277,5607.988137931035
902.1392412385669,5593.033396551726
902.4401719905832,5552.442905172415
902.7410458650936,5513.813146551724
903.0418628524161,5449.421353448275
903.3426229428677,5429.601336206897
903.6433261267663,5378.68875
903.9439723944292,5301.575456896551
904.2445617361741,5283.682939655173
904.5450941423185,5225.784827586207
904.8455696031795,5242.068879310343
905.145988109075,5221.065775862069
905.4463496503224,5126.3922931034485
905.7466542172392,5079.534103448278
906.046901800143,5092.448353448277
906.3470923893511,5024.234793103448
906.6472259751812,4929.807232758617
906.9473025479507,4934.931724137931
907.2473220979772,4891.662672413795
907.5472846155781,4856.316310344827
907.847190091071,4900.701982758622
908.1470385147733,4832.614706896552
908.4468298770025,4789.059853448276
908.7465641680764,4729.034844827584
909.0462413783121,4731.54724137931
909.345861498027,4610.161267241378
909.6454245175394,4591.3781120689655
909.944930427166,4598.749137931034
910.2443792172248,4530.017146551724
910.5437708780329,4557.587043103449
910.843105399908,4518.7778275862065
911.1423827731678,4440.109241379312
911.4416029881294,4409.282534482758
911.7407660351107,4370.606250000001
912.039871904429,4347.682293103447
912.3389205864019,4285.570267241379
912.6379120713467,4255.208818965517
912.9368463495812,4222.055818965517
913.2357234114227,4190.35176724138
913.5345432471886,4147.9467672413775
913.8333058471968,4124.823413793102
914.1320112017644,4092.8933793103465
914.4306593012092,4065.0310344827585
914.7292501358485,4034.363844827586
915.027783696,3942.0897672413803
915.326259971981,3964.5617586206886
915.6246789541092,3929.4214396551706
915.9230406327019,3881.5662672413796
916.2213449980769,3876.062922413793
916.5195920405514,3802.0934482758616
916.817781750443,3861.3275172413787
917.1159141180693,3747.0267672413793
917.4139891337477,3752.34400862069
917.7120067877958,3702.322060344827
918.0099670705309,3691.4815344827603
918.3078699722709,3683.479086206897
918.6057154833329,3638.0565517241384
918.9035035940346,3618.0637241379304
919.2012342946937,3572.9203448275844
919.4989075756272,3581.82672413793
919.7965234271528,3499.642112068963
920.0940818395884,3499.881387931036
920.391582803251,3485.119396551724
920.6890263084584,3532.143749999999
920.986412345528,3446.3567068965517
921.2837409047773,3374.3612586206905
921.5810119765239,3408.1922068965523
921.8782255510852,3403.1674137931027
922.1753816187786,3306.719301724137
922.4724801699219,3307.9887931034486
922.7695211948325,3288.1421896551738
923.0665046838276,3257.042974137932
923.3634306272252,3252.1311724137922
923.6602990153425,3212.9165172413786
923.957109838497,3144.6763706896545
924.2538630870064,3143.3204741379313
924.550558751188,3140.7681982758613
924.8471968213594,3123.6466810344828
925.143777287838,3093.7637844827577
925.4403001409416,3103.992827586208
925.7367653709874,3051.3986637931034
926.033172968293,3025.796146551723
926.3295229231761,3006.0691810344833
926.6258152259538,2977.6618189655173
926.922049866944,2892.060879310346
927.2182268364639,2964.6744568965514
927.5143461248313,2973.534310344828
927.8104077223635,2931.7873189655174
928.1064116193779,2865.654129310344
928.4023578061923,2874.7200258620687
928.6982462731241,2874.0620172413787
928.9940770104909,2811.2321637931027
929.2898500086097,2806.13425862069
929.5855652577987,2735.228844827586
929.881222748375,2726.036663793103
930.1768224706561,2713.2885775862082
930.4723644149599,2767.477913793102
930.7678485716033,2721.138155172414
931.0632749309043,2702.733853448276
931.3586434831801,2682.1295431034478
931.6539542187485,2641.8115603448264
931.9492071279267,2629.1033534482763
932.2444022010322,2647.6206465517243
932.539539428383,2562.398560344828
932.834618800296,2580.3309568965515
933.1296403070891,2568.486801724139
933.4246039390796,2537.699974137931
933.719509686585,2527.251594827586
934.0143575399229,2497.5016293103454
934.3091474894109,2474.657431034483
934.6038795253663,2443.4452241379313
934.8985536381067,2473.108784482758
935.1931698179496,2436.6657413793105
935.4877280552125,2427.4536206896555
935.7822283402131,2404.9882758620697
936.0766706632685,2355.4515258620695
936.3710550146964,2342.1384827586216
936.6653813848145,2341.327603448275
936.9596497639401,2304.851327586208
937.2538601423907,2312.993353448276
937.5480125104838,2302.9504137931026
937.8421068585369,2297.6796982758615
938.1361431768677,2294.1171465517236
938.4301214557936,2271.7448534482755
938.724041685632,2230.3368362068964
939.0179038567005,2210.50352586207
939.3117079593167,2199.3107327586217
939.6054539837977,2125.9261551724144
939.8991419204615,2172.0997500000003
940.1927717596254,2146.576991379311
940.4863434916068,2121.3865603448276
940.7798571067235,2128.0663448275864
941.0733125952926,2113.610094827586
941.3667099476321,2088.7254051724144
941.660049154059,2089.117551724138
941.9533302048911,2084.4981982758627
942.2465530904459,2072.268543103449
942.5397178010408,2046.0346034482761
942.8328243269934,2044.0273448275875
943.1258726586211,2056.9947672413796
943.4188627862416,1979.5757327586205
943.7117947001722,1989.6784913793101
944.0046683907303,1990.7552327586204
944.2974838482338,1960.46025
944.5902410629999,1949.7194224137938
944.8829400253463,1945.0535431034473
945.1755807255904,1903.4128965517252
945.4681631540498,1951.7599137931034
945.7606873010416,1920.4480086206895
946.0531531568838,1870.28648275862
946.3455607118939,1900.7742155172416
946.637909956389,1835.3655000000006
946.9302008806869,1891.7814310344834
947.222433475105,1843.2616034482771
947.5146077299611,1837.6718534482757
947.8067236355722,1776.6764482758613
948.0987811822561,1802.1194482758626
948.3907803603304,1842.9093362068961
948.6827211601122,1766.4540517241387
948.9746035719196,1751.4860172413794
949.2664275860697,1730.230344827586
949.5581931928801,1750.9210603448273
949.8499003826682,1733.759663793104
950.1415491457516,1707.798232758621
950.433139472448,1736.6110344827587
950.7246713530745,1673.9141120689644
951.0161447779491,1664.808336206896
951.3075597373888,1658.9660172413794
951.5989162217114,1682.3219999999992
951.8902142212344,1663.831293103448
952.1814537262751,1629.435387931035
952.4726347271514,1618.2293017241382
952.7637572141804,1567.8085603448267
953.0548211776797,1613.164629310344
953.345826607967,1579.4333793103453
953.6367734953598,1575.930646551725
953.9276618301752,1568.9584137931033
954.218491602731,1550.1885517241378
954.5092628033449,1526.7461637931033
954.7999754223339,1547.3637672413793
955.0906294500162,1533.0404482758618
955.3812248767088,1520.8041465517242
955.6717616927293,1533.5854655172416
955.9622398883953,1512.874810344828
956.252659454024,1492.9750344827585
956.5430203799333,1477.50850862069
956.8333226564404,1478.8577586206898
957.123566273863,1472.8426293103455
957.4137512225187,1454.2987499999997
957.7038774927249,1422.1493793103457
957.9939450747991,1433.6479137931033
958.2839539590585,1414.6454224137926
958.573904135821,1416.6792672413792
958.8637955954039,1394.1873362068968
959.1536283281249,1433.8672500000005
959.4434023243015,1398.9728534482751
959.7331175742511,1394.5396034482756
960.0227740682911,1371.0174568965517
960.3123717967391,1349.675379310345
960.6019107499126,1332.234827586207
960.8913909181291,1356.6343189655172
961.1808122917063,1338.602224137932
961.4701748609615,1311.0854999999997
961.7594786162123,1300.976094827586
962.0487235477761,1320.742939655172
962.3379096459703,1302.0063103448272
962.6270369011127,1292.5881465517236
962.9161053035206,1271.8509051724138
963.2051148435118,1279.8467068965515
963.4940655114033,1268.5209827586202
963.7829572975131,1266.6865344827584
964.0717901921586,1252.1571724137928
964.3605641856568,1241.5293362068956
964.6492792683258,1205.7376551724128
964.9379354304829,1225.2319913793106
965.2265326624457,1227.4054137931037
965.5150709545317,1195.0101206896547
965.8035502970582,1212.2712155172417
966.0919706803429,1179.5236551724142
966.380332094703,1169.6003534482754
966.6686345304566,1168.8625862068968
966.9568779779205,1182.1291034482765
967.2450624274128,1147.7664310344828
967.5331878692509,1121.4992586206897
967.821254293752,1139.6044655172414
968.1092616912339,1126.3445948275862
968.3972100520137,1119.9306724137928
968.6850993664095,1111.0309396551727
968.9729296247382,1126.4908189655177
969.2607008173178,1091.4103189655166
969.5484129344657,1093.2447672413791
969.8360659664992,1090.027836206897
970.123659903736,1093.85625
970.4111947364933,1085.7607499999995
970.698670455089,1061.7135258620701
970.9860870498403,1052.3086551724136
971.273444511065,1044.3660258620687
971.5607428290805,1022.625155172414
971.8479819942042,1042.7708534482767
972.1351619967537,1037.7194741379312
972.4222828270463,1012.123603448277
972.7093444753998,1007.1054568965517
972.9963469321315,996.5507327586206
973.2832901875591,993.3537413793103
973.570174232,995.9791293103449
973.8569990557718,997.9132758620692
974.1437646491918,988.561577586207
974.4304710025773,975.5742155172411
974.7171181062464,960.1076896551717
975.0037059505163,949.0278879310342
975.2902345257045,935.6550258620691
975.5767038221287,955.8007241379305
975.8631138301062,942.0955344827589
976.1494645399545,920.8598017241384
976.4357559419909,920.9196206896547
976.7219880265335,912.6513103448276
977.0081607838993,902.216224137931
977.294274204406,922.7806551724138
977.5803282783712,895.5165000000002
977.8663229961121,881.4789827586201
978.1522583479466,890.5116465517244
978.4381343241918,875.4173275862067
978.7239509151655,865.4740862068968
979.0097081111849,855.8099999999997
979.2954059025678,844.1253620689656
979.5810442796319,838.3694482758619
979.8666232326942,831.463681034483
980.1521427520727,829.3766637931037
980.4376028280842,837.1464827586215
980.7230034510469,834.3549310344824
981.0083446112778,808.0412327586205
981.293626299095,830.2207758620693
981.5788485048156,825.6213620689655
981.8640112187571,807.6889655172404
982.1491144312372,778.5704224137926
982.4341581325729,795.6121810344825
982.7191423130824,795.492543103448
983.0040669630827,764.7721810344826
983.2889320728916,776.8689051724145
983.5737376328267,771.6247758620689
983.8584836332051,765.516594827586
984.1431700643446,752.702043103448
984.4277969165624,770.3087586206907
984.7123641801765,741.3962586206892
984.9968718455038,740.4856810344834
985.2813199028625,736.3781120689653
985.5657083425697,713.6601982758611
985.8500371549429,716.2058275862073
986.1343063302998,715.6342241379309
986.4185158589573,724.7399999999998
986.7026657312338,707.7580603448271
986.9867559374461,704.0825172413793
987.2707864679121,681.5772931034487
987.5547573129493,685.5918103448275
987.838668462875,693.8202413793097
988.1225199080069,678.7923879310351
988.4063116386621,686.8812413793103
988.6900436451588,661.7772155172413
988.9737159178138,647.8261034482755
989.257328446945,656.546379310345
989.5408812228701,645.8786637931037
989.824374235906,655.715560344827
990.1078074763708,652.2792931034485
990.3911809345815,646.7560086206902
990.6744946008561,641.0133879310351
990.9577484655115,629.3021637931038
991.2409425188658,630.2526206896559
991.5240767512364,611.795146551724
991.8071511529406,619.7111896551723
992.090165714296,612.9516465517245
992.3731204256198,609.2761034482762
992.6560152772302,580.9152672413793
992.9388502594439,598.4488706896552
993.2216253625792,578.3297586206902
993.504340576953,588.5255689655173
993.786995892883,602.9020603448275
994.069591300687,577.831267241379
994.3521267906818,559.1943362068962
994.6346023531856,553.4517155172421
994.9170179785156,535.0274741379308
995.1993736569893,552.2420431034484
995.4816693789244,561.1484224137937
995.7639051346382,548.8456551724134
996.0460809144483,528.174879310345
996.328196708672,522.0334655172414
996.610252507627,521.9603534482762
996.8922483016308,535.3930344827584
997.174184081001,519.2419137931038
997.4560598360551,509.01951724137916
997.7378755571104,497.28170689655144
998.0196312344846,516.2775517241378
998.3013268584948,488.68106896551694
998.582962419459,498.0726465517241
998.8645379076945,484.10159482758627
999.146053313519,475.45443103448224
999.4275086272497,485.25144827586223
999.7089038392044,481.08406034482755
999.9902389397004,484.9257672413796
1000.2715139190549,468.7746465517246
1000.5527287675861,459.0042155172416
1000.8338834756111,452.0851551724138
1001.1149780334474,470.57586206896576
1001.3960124314128,439.50987931034524
1001.6769866598245,438.2536810344827
1001.9579007090001,436.18660344827595
1002.2387545692569,456.7909137931033
1002.5195482309128,448.303267241379
1002.8002816842849,417.14423275862123
1003.0809549196912,437.934646551724
1003.3615679274488,427.8518275862068
1003.6421206978755,428.45666379310273
1003.9226132212885,399.9761896551722
1004.2030454880053,404.8946379310353
1004.4834174883438,407.11458620689655
1004.7637292126209,400.64084482758653
1005.0439806511547,410.5043275862063
1005.3241717942625,401.93027586206904
1005.6043026322618,404.2166896551721
1005.88437315547,391.22268103448323
1006.1643833542047,393.74837068965576
1006.4443332187833,386.570094827586
1006.7242227395233,365.9990172413793
1007.0040519067426,379.4250517241376
1007.2838207107583,366.9561206896551
1007.5635291418881,358.4884137931033
1007.8431771904494,362.9615431034483
1008.1227648467594,361.3996034482766
1008.4022921011363,350.4926120689652
1008.6817589438969,354.8793362068968
1008.9611653653593,352.865431034483
1009.2405113558408,348.59169827586175
1009.5197969056588,351.3433706896549
1009.7990220051308,326.82424137931025
1010.0781866445743,331.05809482758605
1010.357290814307,340.97474999999986
1010.6363345046461,330.9185172413793
1010.9153177059095,332.8194310344827
1011.1942404084145,331.74268965517217
1011.4731026024787,325.3420603448276
1011.7519042784193,295.21988793103515
1012.0306454265539,295.96430172413807
1012.3093260372002,289.4041551724142
1012.5879461006755,318.3498879310346
1012.8665056072978,300.6168879310344
1013.145004547384,304.23261206896564
1013.423442911252,287.7225775862064
1013.701820689219,289.3044568965515
1013.9801378716024,279.48085344827587
1014.2583944487204,290.0953965517233
1014.5365904108897,292.8869482758623
1014.8147257484286,284.71833620689586
1015.0928004516539,275.1539482758626
1015.3708145108835,271.35212068965507
1015.6487679164347,264.51946551724177
1015.926660658625,257.8795603448277
1016.204492727772,269.7503017241379
1016.4822641141933,243.98162068965462
1016.7599748082064,239.04323275862066
1017.0376248001287,258.43122413793117
1017.3152140802778,242.35986206896587
1017.592742638971,257.8662672413791
1017.8702104665258,257.9061465517241
1018.1476175532599,257.580465517241
1018.4249638894908,232.68912931034492
1018.7022494655358,255.4868017241381
1018.9794742717129,239.32903448275852
1019.2566382983392,236.7834051724144
1019.5337415357322,229.4788448275856
1019.8107839742094,229.07340517241323
1020.0877656040884,232.25710344827576
1020.3646864156866,220.31989655172447
1020.6415463993217,226.59424137931046
1020.9183455453111,230.8081551724133
1021.1950838439726,215.93981896551736
1021.4717612856232,212.12469827586165
1021.7483778605803,217.3688275862071
1022.0249335591622,221.51627586206928
1022.3014283716853,202.66665517241427
1022.5778622884684,217.58816379310406
1022.8542352998282,211.3869310344828
1023.1305473960822,187.70526724137903
1023.4067985675482,178.45991379310362
1023.6829888045435,201.1512413793098
1023.9591180973856,198.2068189655172
1024.2351864363918,199.62918103448283
1024.5111938118805,201.03825000000006
1024.7871402141682,189.94515517241393
1025.063025633573,180.14813793103394
1025.3388500604121,188.8883534482759
1025.6146134850028,170.71003448275815
1025.8903158976632,171.17529310344776
1026.1659572887106,173.11608620689663
1026.4415376484621,190.6895689655173
1026.717056967236,181.7765431034477
1026.9925152353492,157.69608620689723
1027.2679124431193,156.66587068965532
1027.5432485808635,150.1190172413792
1027.8185236389,156.419948275862
1028.0937376075456,166.555939655173
1028.3688904771186,168.3305689655174
1028.643982237936,172.0459913793104
1028.9190128803152,165.10699137931056
1029.193982394574,150.26524137931028
1029.4688907710297,191.42733620689637
1029.7437379999997,148.25798275862053
1030.0185240718022,161.47797413793114
1030.293248976754,157.23747413793103
1030.5679127051728,142.93409482758602
1030.842515247376,153.49546551724166
1031.1170565936816,142.29602586206875
1031.3915367344061,140.46822413793075
1031.665955659868,142.05010344827565
1031.9403133603844,130.45851724137947
1032.2146098262729,154.14682758620643
1032.488845047851,132.06033620689595
1032.7630190154362,156.79880172413777
1033.0371317193458,142.3757844827585
1033.3111831498973,134.22046551724134
1033.5851732974086,127.09536206896564
1033.859102152197,149.58064655172439
1034.13296970458,128.57089655172513
1034.4067759448753,114.75271551724131
1034.6805208633998,133.4494655172416
1034.9542044504717,128.7569999999996
1035.227826696408,114.97869827586237
1035.5013875915265,123.73885344827636
1035.7748871261447,113.37023275861998
1036.0483252905797,107.08924137931035
1036.32170207515,110.9375948275856
1036.595017470172,113.03125862068964
1036.8682714659637,109.37565517241364
1037.1414640528424,111.7617672413794
1037.4145952211256,113.25724137931093
1037.6876649611315,123.69232758620706
1037.960673263177,98.48195689655154
1038.2336201175794,111.58895689655219
1038.5065055146567,100.30975862068976
1038.7793294447265,109.60163793103538
1039.0520918981051,98.0831637931044
1039.3247928651115,101.51278448275866
1039.5974323360626,103.48681034482775
1039.8700103012757,103.51339655172433
1040.142526751069,112.83186206896517
1040.414981675759,109.129732758621
1040.6873750656641,98.11639655172371
1040.9597069111012,96.00943965517195
1041.231977202388,102.03121551724166
1041.5041859298422,112.02098275862045
1041.776333083781,92.97196551724096
1042.0484186545225,99.55205172413844
1042.3204426323834,94.68012931034468
1042.5924050076817,77.37915517241368
