371.46153840273,13.984344827586028
371.8391998916188,15.180724137931293
372.21681955928005,3.4761465517242414
372.59439739603135,-9.298525862069255
372.97193339219024,3.8948793103450043
373.3494275380741,-2.725086206896549
373.72687982400055,5.516637931034666
374.104290240287,11.438715517241235
374.481658777251,18.131793103448217
374.85898542521005,17.719706896551088
375.2362701744817,26.459922413793265
375.61351301538343,12.096724137931005
375.9907139382327,6.108181034482641
376.36787293334714,-7.902750000000424
376.7449899910441,21.588000000000193
377.12206510164117,16.88888793103456
377.49909825545586,13.113646551723832
377.8760894428056,20.916698275862245
378.25303865400804,10.654422413792418
378.62994587938056,8.906379310344619
379.0068111092407,1.1365603448273305
379.38363433390595,2.2664741379307998
379.76041554369385,14.722112068965771
380.13715472892187,62.4775862068966
380.51385187990763,60.29751724137918
380.89050698696843,60.86912068965512
381.26712004042196,51.597181034482674
381.64369103058567,60.41050862069005
382.02021994777704,87.52179310344786
382.3967067823135,69.53622413793096
382.77315152451274,64.3253275862071
383.14955416469223,74.34832758620655
383.52591469316934,79.83837931034509
383.90223310026164,70.4667413793104
384.27850937628665,77.83112068965534
384.65474351156195,72.38094827586224
385.0309354964049,75.18579310344785
385.4070853211331,87.30245689655135
385.783192976064,47.72888793103493
386.15925845151514,70.63290517241398
386.5352817378041,71.9888017241376
386.9112628252483,79.18037068965532
387.2872017041652,84.75682758620678
387.6630983648723,79.19366379310395
388.03895279768733,79.26677586206893
388.4147649929276,85.91332758620638
388.79053494091056,80.94170689655175
389.16626263195394,98.52848275862038
389.541948056375,77.2993965517237
389.91759120449143,76.58821551724168
390.2931920666206,96.55445689655153
390.66875063308015,71.30420689655148
391.04426689418744,87.20940517241365
391.41974084026015,89.7882672413798
391.79517246161566,81.18762931034507
392.17056174857146,106.3115948275854
392.54590869144516,104.54361206896579
392.9212132805541,98.70129310344873
393.296475506216,96.82031896551712
393.6716953587482,91.27044827586201
394.04687282846834,110.73819827586203
394.4220079056938,108.81734482758611
394.79710058074215,107.54120689655156
395.1721508439309,94.84629310344826
395.5471586855775,109.00344827586218
395.92212409599955,100.46927586206903
396.29704706551445,71.05828448275861
396.67192758443974,93.370758620689
397.04676564309307,107.9267068965512
397.4215612317917,116.61374999999998
397.7963143408533,116.26148275862101
398.1710249605953,112.97143965517216
398.54569308133523,114.69954310344815
398.92031869339064,115.74305172413801
399.29490178707897,121.778120689655
399.6694423527178,115.24456034482728
400.0439403806246,97.44509482758599
400.41839586111684,124.90864655172413
400.792808784512,125.10139655172406
401.1671791411277,118.5080172413791
401.5415069212814,114.22099137931014
401.91579211529057,107.14241379310329
402.2900347134728,114.00830172413816
402.6642347061454,151.38186206896535
403.0383920836261,135.6561206896547
403.41250683623224,131.88087931034488
403.7865789542815,141.07970689655167
404.1606084280912,125.42707758620713
404.53459524797904,125.71952586206953
404.9085394042624,148.4241465517241
405.2824408872587,145.28032758620702
405.65629968728564,147.73290517241435
406.0301157946606,152.23262068965505
406.4038891997011,155.60906896551774
406.7776198927248,154.1335344827587
407.15130786404893,152.32567241379297
407.5249531039912,172.09251724137903
407.8985556028691,162.64776724137937
408.272115351,166.57587931034504
408.64563233870155,175.7348275862064
409.01910655629126,168.31727586206853
409.39253799408647,167.9118362068964
409.7659266424049,173.22907758620727
410.13927249156393,176.52576724137907
410.51257553188105,185.13305172413789
410.8858357536738,191.50709482758634
411.25905314725975,164.3426379310347
411.63222770295624,176.80492241379284
412.00535941108103,182.0091724137926
412.3784482619514,180.2212499999996
412.75149424588494,186.98079310344883
413.1244973531991,191.26781896551688
413.4974575742115,179.08468965517272
413.87037489923966,186.65511206896576
414.2432493186009,188.81524137931046
414.6160808226129,184.11612931034506
414.9888694015931,210.81532758620665
415.3616150458589,219.96098275862028
415.734317745728,215.5809051724134
416.1069774915178,208.98752586206888
416.47959427354584,211.8721293103456
416.8521680821296,210.090853448276
417.2246989075866,222.71930172413772
417.5971867402344,212.27092241379364
417.9696315703904,223.00510344827626
418.34203338837216,219.56883620689655
418.71439218449717,202.08840517241333
419.08670794908295,225.17852586206868
419.458980672447,215.49449999999956
419.8312103449069,239.91393103448286
420.20339695678,248.38163793103467
420.5755404983839,238.51815517241357
420.9476409600361,250.52182758620734
421.3196983320541,260.10615517241354
421.6917126047555,245.5302672413793
422.0636837684576,253.33996551724113
422.4356118134781,282.7576034482761
422.8074967301344,301.99937068965505
423.179338508744,257.7865086206896
423.5511371396245,290.15521551724123
423.92289261309327,288.6530948275863
424.29460491946793,284.1533793103447
424.666274049066,308.54622413793095
425.0378999922049,313.07252586206937
425.4094827392022,312.0024310344827
425.7810222803753,326.6049051724142
426.1525186060418,323.61395689655205
426.5239717065192,325.83390517241355
426.895381572125,317.42601724137944
427.2667481931767,340.6490689655168
427.63807155999183,343.30104310344836
428.00935166288787,377.5174913793105
428.3805884921823,362.64915517241343
428.7517820381926,347.68776724137956
429.1229322912364,362.615922413793
429.4940392416312,355.989310344828
429.8651028796943,396.95200862068987
430.23612319574346,380.0631206896553
430.60710018009604,377.21175000000017
430.97803382306955,383.53926724137887
431.3489241149815,381.5453017241384
431.71977104614945,366.5307413793105
432.0905746068909,387.0885258620692
432.4613347875234,384.7024137931039
432.8320515783643,409.81973275862015
433.20272496973126,427.08747413793117
433.5733549519417,417.8155344827585
433.94394151531304,433.3551724137926
434.31448465016297,394.2402155172415
434.68498434680896,412.18590517241364
435.0554405955685,426.13037068965514
435.425853386759,391.13627586206917
435.79622271069803,454.5510258620691
436.1665485577032,438.7721120689655
436.53683091809177,428.5031896551718
436.9070697821815,427.79865517241365
437.2772651402898,417.40344827586205
437.6474169827341,444.6808965517241
438.017525299832,439.7092758620695
438.387590081901,454.47791379310365
438.7576113192586,439.81562068965536
439.12758900222224,457.22958620689724
439.4975231211095,441.377560344828
439.8674136662379,473.1281379310344
440.2372606279249,456.97037068965506
440.60706399648797,448.4561379310344
440.9768237622447,471.78553448275807
441.34653991551255,450.4899827586207
441.716212446609,483.80250000000024
442.08584134585163,463.96254310344784
442.4554266035579,478.9172844827592
442.8249682100453,450.2839396551724
443.1944661556314,486.28831034482755
443.56392043063363,508.9464051724142
443.93333102536957,472.68946551724116
444.3026979301566,516.4370689655168
444.67202113531243,519.554301724138
445.04130063115434,530.4945258620689
445.41053640800004,503.4630000000002
445.7797284561669,527.0582586206901
446.1488767659724,513.7518620689659
446.5179813277342,539.1350431034487
446.88704213176965,552.5743706896549
447.2560591683964,564.7442068965515
447.62503242793184,573.9496810344831
447.99396190069353,592.2675775862072
448.36284757699894,623.1541034482761
448.73168944716554,621.9045517241377
449.10048750151105,625.9655948275861
449.4692417303527,633.6888879310347
449.83795212400815,638.8864913793097
450.20661867279483,636.7795344827582
450.57524136703034,690.3773275862075
450.94382019703215,722.9387844827584
451.3123551531177,729.4590517241377
451.6808462256046,733.9853534482763
452.0492934048102,728.814336206897
452.41769668105223,739.0566724137927
452.786056044648,764.6060172413793
453.15437148591514,761.8144655172418
453.5226429951711,830.6727413793101
453.8908705627333,813.4249396551718
454.2590541789195,851.7954827586209
454.62719383404686,821.2479310344831
454.9952895184332,839.1470948275858
455.36334122239583,838.3960344827583
455.73134893625235,840.6890948275861
456.09931265032026,919.6301896551727
456.467232354917,844.4576896551721
456.8351080403602,858.0831206896557
457.2029396969672,923.5383620689654
457.5707273150556,926.3830862068971
457.93847088494294,940.8925086206903
458.30617039694664,913.3359051724135
458.6738258413843,954.3650689655171
459.0414372085733,944.5281724137931
459.4090044888313,924.9141982758615
459.77652767247565,969.6321982758627
460.144006749824,976.1989913793107
460.5114417111938,971.6461034482766
460.8788325469025,948.6224482758619
461.24617924726766,1018.7369224137924
461.61348180260677,971.3137758620692
461.98074020323736,960.8454568965517
462.34795443947695,1022.2463017241371
462.715124501643,982.0147241379309
463.08225038005304,1049.3376465517247
463.4493320650245,1038.0916810344827
463.816369546875,1019.1755948275854
464.183362815922,1062.590870689655
464.550311862483,1060.915939655172
464.9172166768755,1055.4125948275862
465.28407724941707,1065.8676206896555
465.6508935704251,1071.6634137931042
466.01766563021727,1054.9805689655175
466.3843934191109,1076.475517241379
466.75107692742347,1080.3637499999998
467.11771614547274,1092.2544310344826
467.484311063576,1075.9039137931031
467.8508616720508,1127.5010948275858
468.21736796121473,1114.8593534482748
468.58382992138525,1140.0032586206898
468.9502475428798,1162.488543103449
469.31662081601587,1190.669922413792
469.6829497311111,1178.3538620689649
470.0492342784829,1189.8723362068965
470.41547444844883,1211.4802758620688
470.78167023132636,1195.4820258620684
471.147821617433,1233.4006034482763
471.5139285970863,1252.1837586206902
471.8799911606036,1246.4477844827588
472.2460092983026,1264.7590344827584
472.6119830005008,1310.081870689655
472.97791225751564,1299.8993534482759
473.3437970596646,1335.8904310344833
473.70963739726517,1328.8583793103453
474.075433260635,1379.0597844827582
474.44118464009136,1380.927465517241
474.80689152595204,1402.3227155172406
475.17255390853427,1439.5234655172424
475.53817177815574,1463.1918362068966
475.903745125134,1461.5169051724142
476.26927393978633,1531.7776034482763
476.6347582124304,1522.558836206896
477.0001979333836,1571.5439224137924
477.36559309296365,1583.3814310344824
477.7309436814879,1637.2916120689656
478.09624968927386,1619.1265862068965
478.461511106639,1657.3575517241377
478.826727923901,1667.5533620689664
479.1919001313771,1717.907637931035
479.557027719385,1732.6696293103444
479.9221106782422,1808.852405172413
480.2871489982661,1830.8192586206894
480.6521426697744,1838.5425517241374
481.01709168308435,1871.469568965517
481.38199602851364,1894.7923189655173
481.74685569637967,1938.6063879310343
482.111670677,1961.424
482.4764409606922,1997.707525862068
482.84116653777363,2064.020172413794
483.2058473985619,2066.751905172414
483.57048353337444,2114.2282241379307
483.93507493252883,2128.5714827586203
484.29962158634265,2141.685129310344
484.6641234851332,2185.8182327586205
485.02858061921813,2224.926543103449
485.3929929789149,2264.141198275863
485.757360554541,2285.576327586207
486.121683336414,2313.352267241379
486.4859613148513,2347.58200862069
486.8501944801706,2378.4353017241374
487.2143828226892,2390.2661637931033
487.57852633272466,2401.698232758621
487.94262500059455,2483.337827586208
488.3066788166163,2495.115517241379
488.67068777110745,2521.1367672413803
489.0346518543855,2528.368215517241
489.39857105676805,2589.7225344827575
489.7624453685724,2547.1580172413805
490.12627478011626,2581.2282413793096
490.49005928171704,2604.079086206896
490.85379886369225,2597.65851724138
491.2174935163594,2659.5711465517243
491.581143230036,2673.4624396551735
491.94474799503956,2682.5349827586206
492.30830780168753,2682.7875517241373
492.67182264029753,2732.703155172414
493.035292501187,2721.63
493.3987173746735,2747.804120689655
493.7620972510744,2722.3611206896558
494.1254321207073,2741.0645172413797
494.48872197388977,2724.062637931035
494.8519668009391,2754.630129310347
495.21516659217303,2772.0706810344823
495.5783213379091,2754.5968965517245
495.9414310284645,2763.5697413793105
496.30449565415705,2759.6083965517237
496.66751520530397,2761.2500948275856
497.03048967222315,2775.752870689656
497.39341904523167,2835.3790862068972
497.75630331464737,2808.1282241379304
498.11914247078755,2785.8689224137934
498.4819365039699,2813.0466724137946
498.8446854045118,2820.171775862069
499.20738916273064,2819.6466982758625
499.5700477689442,2801.149344827586
499.93266121346977,2848.1537586206905
500.29522948662503,2796.330594827587
500.6577525787273,2822.8436896551725
501.02023048009426,2842.9229224137944
501.38266318104326,2790.368637931034
501.7450506718919,2845.5350172413782
502.1073929429577,2849.263732758621
502.469689984558,2870.8916120689655
502.8319417870105,2876.7139913793103
503.1941483406327,2856.3821896551735
503.5563096357421,2887.3617672413807
503.91842566265603,2883.340603448276
504.28049641169207,2875.9895172413794
504.64252187316794,2940.6936982758634
505.0045020374009,2926.79575862069
505.36643689470856,2945.552327586207
505.72832643540835,2971.2146637931037
506.0901706498178,2985.099310344828
506.45196952825466,2977.1433879310343
506.813723061036,3018.8637931034486
507.1754312384797,3016.105474137931
507.537094050903,3070.102060344828
507.8987114886236,3027.9762155172407
508.26028354195887,3088.1275086206897
508.62181020122637,3127.674491379311
508.9832914567437,3107.874413793103
509.3447272988281,3143.9585431034484
509.7061177177974,3172.000344827587
510.0674627039689,3110.9251810344826
510.42876224766013,3139.6382844827576
510.7900163391887,3213.2687844827583
511.151224968872,3185.0940517241384
511.51238812702763,3164.4963879310353
511.87350580397293,3243.703344827585
512.2345779900257,3386.477922413793
512.5956046755031,3348.559344827585
512.9565858507228,3330.4408448275863
513.3175215060025,3338.96172413793
513.6784116316593,3455.356137931035
514.0392562180111,3446.050965517241
514.4000552553752,3474.730836206896
514.7608087340691,3447.5397931034463
515.1215166444102,3587.3765948275854
515.4821789767162,3581.8798965517235
515.8427957213047,3614.0492068965514
516.2033668684929,3645.288000000001
516.5638924085987,3661.3726551724135
516.924372331939,3668.338241379311
517.284806628832,3705.71180172414
517.6451952895948,3725.5783448275856
518.0055383045449,3790.043249999999
518.365835664,3873.464120689653
518.7260873582774,3838.689362068966
519.0862933776949,3937.5900517241384
519.4464537125696,3949.7665344827597
519.8065683532194,3937.629931034482
520.1666372899614,3981.4373534482756
520.5266605131134,3997.6881724137925
520.8866380129929,4093.6710258620683
521.2465697799173,4086.067370689656
521.6064558042042,4114.70071551724
521.966296076171,4140.243413793102
522.3260905861354,4188.111879310343
522.6858393244146,4174.300344827586
523.0455422813262,4273.480189655173
523.405199447188,4312.70149137931
523.7648108123171,4358.516172413792
524.1243763670313,4373.357922413792
524.4838961016479,4352.687146551724
524.8433700064846,4403.413629310344
525.2027980718589,4436.5400431034495
525.5621802880879,4513.174784482757
525.9215166454898,4514.876301724138
526.2808071343813,4531.599025862068
526.6400517450808,4574.967775862069
526.999250467905,4550.920551724139
527.3584032931719,4616.581836206895
527.7175102111987,4600.404129310346
528.0765712123032,4621.952249999999
528.4355862868027,4654.021862068965
528.7945554250149,4663.752413793101
529.153478617257,4654.905853448276
529.5123558538468,4710.803353448276
529.8711871251016,4736.3394051724135
530.229972421339,4745.591405172415
530.5887117328764,4712.378586206898
530.9474050500316,4719.0783103448275
531.3060523631218,4677.2449137931035
531.6646536624647,4739.516456896553
532.0232089383777,4750.94852586207
532.3817181811784,4728.277137931036
532.740181381184,4812.734870689655
533.0985985287124,4773.021724137929
533.4569696140809,4773.128068965516
533.815294627607,4762.666396551724
534.1735735596084,4800.658086206897
534.5318064004024,4794.742655172413
534.8899931403066,4790.223000000001
535.2481337696383,4747.831293103449
535.6062282787153,4777.268870689656
535.9642766578552,4751.466956896552
536.322278897375,4777.621137931035
536.6802349875926,4755.228905172413
537.0381449188254,4763.876068965517
537.396008681391,4755.906853448274
537.7538262656067,4768.954034482758
538.1115976617901,4782.499706896553
538.4693228602589,4710.132051724138
538.8270018513302,4811.79770689655
539.184634625322,4739.5696293103465
539.5422211725514,4751.9322155172395
539.8997614833361,4710.5308448275855
540.2572555479934,4770.861594827587
540.6147033568411,4775.7335172413805
540.9721049001965,4774.8561724137935
541.3294601683773,4751.546715517241
541.6867691517009,4729.839077586206
542.0440318404848,4746.774491379311
542.4012482250464,4736.751491379309
542.7584182957032,4738.559353448276
543.1155420427729,4805.403724137932
543.472619456573,4801.774706896552
543.8296505274208,4775.8930344827595
544.1866352456341,4775.321431034483
544.54357360153,4832.64793965517
544.9004655854266,4849.423836206897
545.2573111876407,4766.056137931031
545.6141103984902,4797.514267241379
545.9708632082926,4746.289293103447
546.3275696073654,4768.55524137931
546.684229586026,4875.086172413796
547.040843134592,4804.652663793102
547.397410243381,4860.430525862069
547.7539309027102,4814.217051724139
548.1104051028973,4840.058844827587
548.46683283426,4757.854293103446
548.8232140871154,4826.214077586208
549.1795488517813,4924.589689655173
549.5358371185752,4833.777853448275
549.8920788778144,4862.736879310344
550.2482741198164,4947.932379310345
550.604422834899,4915.5769655172435
550.9605250133797,4920.71475
551.3165806455755,4959.165051724139
551.6725897218045,4868.313336206897
552.0285522323837,4978.3536465517245
552.3844681676312,4997.130155172413
552.740337517864,5013.035353448277
553.0961602733997,5047.245155172415
553.451936424556,5118.609181034482
553.8076659616502,5047.371439655171
554.1633488749999,5121.055112068963
554.5189851549228,5120.709491379312
554.8745747917361,5122.7965086206905
555.2301177757573,5153.310827586209
555.5856140973041,5233.408422413793
555.9410637466939,5208.417387931033
556.2964667142442,5244.096077586207
556.6518229902725,5320.2190344827595
557.0071325650965,5355.851198275862
557.3623954290335,5285.829775862067
557.717611572401,5295.148241379308
558.0727809855165,5361.068741379313
558.4279036586978,5367.190215517243
558.7829795822619,5419.890724137931
559.1380087465267,5428.956620689654
559.4929911418096,5458.7929913793105
559.8479267584282,5507.359344827586
560.2028155866997,5556.111801724138
560.5576576169418,5556.736577586206
560.9124528394722,5588.25452586207
561.267201244608,5673.230689655173
561.6219028226669,5646.950224137931
561.9765575639667,5649.5423793103455
562.3311654588246,5761.244327586208
562.6857264975578,5789.7912672413795
563.0402406704843,5765.970025862068
563.3947079679216,5761.231034482759
563.7491283801869,5847.117775862069
564.1035018975979,5845.721999999999
564.4578285104722,5874.116068965517
564.812108209127,5942.24322413793
565.1663409838801,5935.290931034482
565.5205268250488,5983.152750000003
565.8746657229508,5980.826456896552
566.2287576679033,6046.0357758620685
566.582802650224,6102.664396551725
566.9368006602307,6039.25629310345
567.2907516882406,6045.723387931035
567.6446557245708,6143.234948275863
567.9985127595396,6117.3200431034475
568.3523227834639,6165.281560344827
568.7060857866617,6132.10197413793
569.05980175945,6205.612836206897
569.4134706921468,6206.5765862068965
569.7670925750693,6200.81402586207
570.1206673985349,6219.696879310346
570.4741951528614,6181.798241379312
570.8276758283661,6219.072103448276
571.1811094153666,6240.90602586207
571.5344959041804,6220.2751293103465
571.887835285125,6257.362887931036
572.241127548518,6240.7066293103435
572.5943726846766,6306.328034482759
572.9475706839186,6314.882146551725
573.3007215365616,6294.211370689654
573.6538252329226,6285.5309741379315
574.0068817633196,6275.3484568965505
574.35989111807,6319.275517241378
574.7128532874912,6233.933793103448
575.0657682619006,6301.529224137932
575.418636031616,6252.544137931034
575.7714565869547,6161.16069827586
576.1242299182344,6268.894655172412
576.4769560157722,6195.549956896551
576.8296348698861,6204.602560344827
577.1822664708935,6207.354232758619
577.5348508091115,6248.017836206896
577.887387874858,6202.88775
578.2398776584505,6105.150206896553
578.5923201502063,6158.681534482757
578.9447153404429,6137.585379310345
579.2970632194782,6121.66024137931
579.6493637776293,6060.904112068969
580.0016170052138,6074.0908706896535
580.3538228925493,6079.554336206896
580.7059814299532,6006.734715517243
581.058092607743,6001.670043103448
581.4101564162362,6024.879801724141
581.7621728457506,6008.582456896552
582.1141418866034,5939.471612068966
582.466063529112,5946.875870689657
582.8179377635942,5945.632965517243
583.1697645803674,5903.294431034482
583.5215439697491,5941.292767241381
583.8732759220567,5885.4085603448275
584.2249604276079,5890.852086206897
584.57659747672,5914.786318965518
584.9281870597107,5878.629077586209
585.2797291668975,5868.539612068964
585.6312237885977,5844.492387931034
585.982670915129,5845.834991379308
586.3340705368088,5861.2018189655155
586.6854226439547,5846.798741379309
587.0367272268841,5807.70372413793
587.3879842759146,5825.416784482759
587.7391937813636,5832.867568965518
588.0903557335488,5802.260198275862
588.4414701227875,5848.08152586207
588.7925369393971,5864.531741379311
589.1435561736955,5863.189137931035
589.494527816,5801.462612068963
589.8454518566281,5815.307379310345
590.1963282858972,5857.2471206896535
590.547157094125,5878.928172413793
590.8979382716288,5848.79270689655
591.2486718087263,5821.508612068967
591.5993576957351,5855.033818965517
591.9499959229723,5913.018336206897
592.3005864807558,5915.431034482756
592.6511293594028,5898.901060344828
593.0016245492311,5905.467853448279
593.3520720405579,5940.435362068965
593.7024718237009,5921.751905172416
594.0528238889776,5909.588715517241
594.4031282267056,5930.532
594.7533848272021,6003.079112068966
595.1035936807849,5988.7425
595.4537547777715,5989.619844827587
595.803868108479,6061.07027586207
596.1539336632253,6069.484810344828
596.5039514323281,6053.885353448275
596.8539214061043,6032.157775862068
597.2038435748719,6075.267310344828
597.5537179289481,6113.139362068965
597.9035444586507,6229.061870689656
598.2533231542969,6211.701077586209
598.6030540062044,6234.365818965518
598.9527370046907,6192.200094827585
599.3023721400731,6170.100310344828
599.6519594026695,6257.622103448277
600.001498782797,6252.185224137932
600.3509902707734,6317.859801724137
600.700433856916,6284.992603448274
601.0498295315423,6384.0195775862085
601.39917728497,6366.21346551724
601.7484771075166,6442.668749999997
602.0977289894995,6373.956698275862
602.4469329212361,6455.642818965518
602.796088893044,6427.753887931034
603.1451968952409,6468.842870689654
603.494256918144,6516.917379310347
603.8432689520711,6532.689646551726
604.1922329873393,6563.263784482758
604.5411490142665,6555.002120689656
604.89001702317,6586.294086206897
605.2388370043674,6645.016370689656
605.5876089481761,6594.083844827585
605.9363328449137,6570.029974137931
606.2850086848979,6624.252543103447
606.6336364584456,6677.704112068966
606.982216155875,6707.420844827589
607.3307477675032,6729.833017241379
607.6792312836478,6797.960172413792
608.0276666946264,6821.927637931033
608.3760539907562,6795.401250000001
608.7243931623551,6882.291620689655
609.0726841997404,6846.0878534482745
609.4209270932297,6889.410077586208
609.7691218331404,6902.370853448277
610.11726840979,6979.583844827587
610.4653668134961,6975.7354913793115
610.813417034576,6974.54575862069
611.1614190633476,6995.176655172414
611.5093728901279,6978.4074051724165
611.857278505235,7058.219198275862
612.2051358989859,7054.463896551725
612.5529450616983,7075.832560344827
612.9007059836897,7037.455370689655
613.2484186552775,7087.138344827586
613.5960830667797,7068.527999999999
613.943699208513,7074.337086206898
614.2912670707955,7089.471284482757
614.6387866439445,7117.978344827587
614.9862579182775,7146.944017241378
615.333680884112,7104.173456896551
615.6810555317657,7128.380198275861
616.0283818515558,7176.853499999999
616.3756598338,7061.662112068966
616.7228894688157,7167.674612068965
617.0700707469207,7203.273543103449
617.4172036584321,7122.365068965518
617.7642881936675,7176.880086206893
618.1113243429445,7215.662715517242
618.4583120965808,7158.927750000001
618.8052514448935,7129.084732758622
619.1521423782003,7195.237862068965
619.4989848868188,7122.006155172416
619.8457789610666,7229.161862068966
620.1925245912607,7164.623844827585
620.5392217677189,7115.253258620689
620.885870480759,7040.173810344828
621.2324707206981,7121.03575862069
621.5790224778539,7053.294103448279
621.9255257425439,7105.7885689655195
622.2719805050855,7067.211982758623
622.6183867557961,7108.772870689656
622.9647444849935,7092.468879310343
623.3110536829952,7035.5943362068965
623.6573143401184,7011.55375862069
624.0035264466808,7028.655336206897
624.349689993,7004.608112068965
624.6958049693934,6947.035681034482
625.0418713661784,6894.52792241379
625.3878891736726,6897.073551724137
625.7338583821937,6839.946439655177
626.0797789820589,6840.444931034481
626.4256509635858,6844.0074827586195
626.7714743170919,6918.701431034479
627.117249032895,6781.656181034481
627.462975101312,6772.8495
627.808652512661,6751.474189655173
628.1542812572592,6685.932543103449
628.499861325424,6684.922267241377
628.8453927074733,6700.488491379309
629.1908753937244,6666.0327672413805
629.5363093744947,6655.817017241379
629.8816946401017,6579.7738189655165
630.227031180863,6588.899534482756
630.5723189870963,6539.322905172412
630.9175580491187,6531.579672413791
631.2627483572479,6500.055077586207
631.6078899018016,6503.69074137931
631.9529826730972,6463.698439655174
632.2980266614518,6437.756948275861
632.6430218571834,6433.709198275864
632.9879682506095,6406.3652844827575
633.3328658320472,6438.188974137931
633.6777145918143,6352.435163793105
634.0225145202284,6305.304465517242
634.3672656076068,6288.934008620691
634.7119678442671,6342.272586206897
635.0566212205266,6314.264017241379
635.4012257267033,6224.96094827586
635.7457813531141,6234.119896551722
636.0902880900769,6204.2968189655185
636.4347459279091,6153.337706896553
636.7791548569284,6158.767939655173
637.1235148674518,6133.982948275861
637.4678259497972,6093.193060344827
637.8120880942822,6083.196646551725
638.1563012912239,6081.063103448277
638.5004655309402,6001.277896551725
638.8445808037485,6070.834060344828
639.1886470999663,5990.370905172413
639.5326644099108,5974.532172413791
639.8766327238999,5934.107844827587
640.2205520322509,5946.118163793106
640.5644223252815,5933.051043103447
640.9082435933088,5855.452551724138
641.252015826651,5951.568336206898
641.5957390156251,5895.172344827587
641.9394131505485,5846.572758620689
642.283038221739,5825.955155172414
642.6266142195141,5843.462172413793
642.9701411341911,5771.180922413793
643.3136189560876,5816.41070689655
643.6570476755212,5835.0276982758605
644.0004272828095,5819.082620689656
644.3437577682696,5793.300646551724
644.6870391222192,5782.446827586207
645.030271334976,5748.336724137931
645.3734543968574,5760.194172413795
645.7165882981807,5736.824896551725
646.0596730292636,5692.173362068964
646.4027085804239,5773.2945258620675
646.7456949419784,5705.938370689659
647.0886321042451,5691.827741379309
647.4315200575415,5717.210922413792
647.7743587921849,5733.920353448275
648.1171482984928,5646.790706896551
648.459888566783,5674.952146551724
648.8025795873729,5625.149534482758
649.1452213505797,5637.611818965517
649.4878138467211,5665.314646551724
649.8303570661149,5632.101827586209
650.172850999078,5619.878818965517
650.5152956359285,5590.607405172412
650.8576909669837,5613.717465517244
651.2000369825611,5611.424405172414
651.542333672978,5558.351689655172
651.8845810285519,5627.249844827586
652.2267790396008,5674.686284482758
652.5689276964417,5578.364456896555
652.9110269893924,5623.607534482758
653.2530769087704,5629.144112068963
653.5950774448929,5604.791146551725
653.9370285880777,5587.051500000001
654.2789303286421,5611.025612068966
654.6207826569039,5683.512905172414
654.9625855631804,5594.2098362068955
655.3043390377888,5657.0197499999995
655.6460430710474,5612.574258620691
655.9876976532731,5679.451862068965
656.3293027747835,5635.245646551726
656.6708584258962,5586.227327586208
657.0123645969287,5570.508232758622
657.3538212781983,5625.063129310345
657.6952284600228,5576.928801724138
658.0365861327195,5635.418456896552
658.3778942866063,5640.5894741379325
658.719152912,5598.26423275862
659.0603619992186,5646.56472413793
659.4015215385796,5630.107862068965
659.7426315204004,5607.509586206897
660.0836919349985,5686.989051724138
660.4247027726914,5658.189543103452
660.7656640237967,5645.062603448277
661.1065756786317,5671.549112068966
661.4474377275141,5715.409706896551
661.7882501607614,5657.990146551723
662.1290129686911,5679.99023275862
662.4697261416204,5711.880387931035
662.8103896698674,5700.222336206896
663.1510035437491,5727.8985775862075
663.4915677535832,5768.183327586208
663.8320822896872,5723.678017241378
664.1725471423786,5778.525362068966
664.5129623019748,5775.50782758621
664.8533277587933,5735.8079741379315
665.193643503152,5749.61950862069
665.5339095253681,5792.848681034484
665.8741258157589,5754.012879310345
666.2142923646422,5729.307646551725
666.5544091623356,5774.065525862069
666.8944761991562,5781.815405172412
667.2344934654218,5791.300034482757
667.57446095145,5827.610146551726
667.9143786475581,5789.492172413791
668.2542465440636,5825.549715517242
668.594064631284,5831.013181034483
668.9338328995372,5803.263827586206
669.27355133914,5838.317741379309
669.6132199404104,5833.266362068967
669.9528386936657,5836.77574137931
670.2924075892238,5812.86144827586
670.6319266174016,5816.31100862069
670.971395768517,5856.1238534482745
671.3108150328875,5844.126827586208
671.6501844008304,5848.3673275862075
671.9895038626635,5843.920784482757
672.328773408704,5864.631439655172
672.6679930292696,5813.865077586206
673.0071627146776,5834.781775862068
673.3462824552458,5857.33352586207
673.6853522412916,5863.361948275862
674.0243720631324,5816.384120689654
674.3633419110857,5876.116681034482
674.7022617754692,5830.594448275861
675.0411316466003,5853.186077586208
675.3799515147962,5805.071689655171
675.718721370375,5898.940939655172
676.0574412036539,5828.394439655172
676.3961110049503,5856.88820689655
676.7347307645817,5902.137931034484
677.0733004728659,5811.884405172414
677.4118201201202,5865.734767241378
677.750289696662,5769.851612068966
678.088709192809,5858.224163793104
678.4270785988788,5846.200551724138
678.7653979051886,5794.656543103447
679.103667102056,5766.747672413794
679.4418861797986,5697.211448275861
679.780055128734,5786.069198275863
680.1181739391793,5788.927215517242
680.4562426014525,5805.071689655172
680.794261105871,5768.322905172414
681.132229442752,5731.687112068966
681.470147602413,5787.970112068967
681.808015575172,5730.397681034483
682.1458333513463,5712.997008620689
682.4836009212529,5694.433189655173
682.82131827521,5670.924336206896
683.158985403535,5589.6037758620705
683.4966022965449,5620.47700862069
683.8341689445576,5620.496948275862
684.1716853378906,5589.244862068967
684.5091514668615,5633.092163793102
684.8465673217872,5550.395767241381
685.1839328929861,5636.880698275863
685.5212481707752,5530.150370689655
685.858513145472,5582.133051724138
686.1957278073941,5465.8582758620705
686.532892146859,5458.440724137931
686.8700061541842,5444.768767241378
687.207069819687,5407.514844827586
687.5440831336854,5378.356422413792
687.8810460864966,5419.119724137932
688.2179586684379,5343.2825689655165
688.554820869827,5357.32673275862
688.8916326809817,5265.032715517243
689.228394092219,5343.262629310345
689.5651050938567,5268.023663793105
689.9017656762122,5246.269500000002
690.2383758296032,5236.8380431034475
690.574935544347,5200.886844827586
690.911444810761,5156.454646551723
691.2479036191631,5149.103560344827
691.5843119598705,5174.519974137929
691.9206698232007,5084.266448275861
692.2569771994715,5144.716836206896
692.593234079,5067.6633620689645
692.9294404521039,5065.423474137931
693.2655963091007,5037.202215517243
693.6017016403081,4974.259370689658
693.9377564360432,4955.987999999999
694.2737606866239,4921.306293103449
694.6097143823674,4923.559474137932
694.9456175135914,4903.646405172414
695.2814700706133,4939.258629310344
695.6172720437506,4901.9980603448275
695.953023423321,4821.375387931036
696.2887241996418,4818.756646551725
696.6243743630305,4790.036896551723
696.9599739038048,4751.68629310345
697.295522812282,4745.405301724139
697.6310210787797,4720.181637931036
697.9664686936152,4687.633474137931
698.3018656471065,4662.3034655172405
698.6372119295706,4669.548206896551
698.9725075313253,4645.687086206896
699.3077524426881,4621.45375862069
699.6429466539763,4626.545017241379
699.9780901555074,4567.869258620691
700.3131829375992,4579.19498275862
700.648224990569,4531.924706896552
700.9832163047344,4497.894362068966
701.3181568704127,4490.749318965518
701.6530466779217,4433.808310344827
701.9878857175788,4452.35218965517
702.3226739797014,4394.374318965517
702.657411454607,4395.178551724137
702.9920981326133,4399.64503448276
703.3267340040376,4399.871017241381
703.6613190591974,4322.844129310344
703.9958532884106,4331.152318965516
704.3303366819943,4309.391508620693
704.664769230266,4308.633801724138
704.9991509235432,4313.186689655171
705.3334817521437,4231.427456896552
705.6677617063847,4223.245551724138
706.001990776584,4236.851043103448
706.3361689530589,4202.495017241379
706.670296226127,4068.095094827587
707.0043725861057,4185.466551724139
707.3383980233124,4160.176422413791
707.6723725280649,4134.05547413793
708.0062960906805,4124.677189655171
708.3401687014768,4137.013189655171
708.6739903507713,4122.224612068966
709.0077610288816,4054.788698275861
709.341480726125,4061.827396551725
709.675149432819,4103.507922413793
710.0087671392814,4060.3917413793106
710.3423338358294,4042.5656896551727
710.6758495127806,4040.15299137931
711.0093141604527,3954.3393620689635
711.3427277691629,3972.1787068965514
711.6760903292287,4001.370362068966
712.0094018309679,3957.782275862069
712.3426622646979,3970.949094827588
712.675871620736,3966.6354827586183
713.0090298893998,3966.1635775862082
713.3421370610071,3970.969034482758
713.6751931258752,3908.637672413794
714.0081980743214,3838.9286379310342
714.3411518966633,3912.718655172415
714.6740545832188,3982.095362068966
715.0069061243048,3865.7009482758613
715.3397065102391,3814.475974137932
715.6724557313395,3874.1819482758624
716.005153777923,3863.4810000000007
716.3378006403074,3833.18601724138
716.6703963088099,3850.4537586206898
717.0029407737486,3882.490137931034
717.3354340254403,3872.320913793101
717.6678760542031,3818.005293103449
718.0002668503543,3826.360008620688
718.3326064042111,3762.6528103448272
718.6648947060913,3800.604620689655
718.9971317463124,3794.2039913793105
719.3293175151921,3808.321267241379
719.6614520030474,3736.000137931035
719.9935352001961,3701.006043103448
720.3255670969559,3776.504224137931
720.657547683644,3746.2690603448277
720.9894769505778,3814.5889655172423
721.3213548880752,3767.3452758620697
721.6531814864536,3710.2513965517232
721.9849567360303,3752.250956896551
722.3166806271229,3752.9222586206906
722.6483531500489,3728.9016206896545
722.9799742951261,3709.9921810344836
723.3115440526715,3688.357655172413
723.6430624130029,3692.0199051724144
723.9745293664379,3650.7381724137936
724.3059449032936,3735.694396551725
724.6373090138878,3707.453198275861
724.9686216885382,3757.049767241379
725.2998829175622,3643.327267241378
725.6310926912768,3685.054318965516
725.962251,3728.569293103449
726.2933578340493,3717.1704568965524
726.624413183742,3690.870051724139
726.9554170393957,3678.148551724139
727.2863693913281,3694.1135689655175
727.6172702298564,3689.3945172413805
727.9481195452983,3698.2676637931045
728.278917327971,3648.624568965518
728.6096635681926,3677.623474137932
728.94035825628,3612.666724137929
729.2710013825509,3628.6915603448288
729.6015929373231,3683.5455517241376
729.9321329109138,3582.2521034482756
730.2626212936404,3643.1012844827583
730.5930580758207,3676.074827586206
730.9234432477722,3616.368853448276
731.253776799812,3704.0634568965515
731.5840587222582,3669.4548620689657
731.9142890054278,3608.778491379309
732.2444676396386,3650.7780517241385
732.574594615208,3640.874689655174
732.9046699224534,3633.3242068965496
733.2346935516928,3655.4239913793112
733.564665493243,3632.8855344827584
733.8945857374217,3629.5489655172405
734.2244542745469,3647.0692758620694
734.5542710949358,3589.92222413793
734.8840361889054,3641.3266551724146
735.2137495467739,3599.4733189655167
735.5434111588587,3610.3603706896556
735.873021015477,3622.3706896551703
736.2025791069465,3634.4208879310336
736.5320854235848,3617.5785258620695
736.8615399557093,3611.809318965518
737.1909426936373,3678.986017241381
737.5202936276866,3637.03298275862
737.8495927481747,3630.2069741379305
738.178840045419,3590.8726810344833
738.5080355097368,3675.489931034483
738.8371791314461,3650.73152586207
739.166270900864,3659.072948275862
739.4953108083082,3618.5622155172405
739.8242988440961,3635.849896551723
740.1532349985453,3624.863146551725
740.4821192619731,3635.5175689655175
740.8109516246973,3647.0227500000015
741.1397320770353,3620.0443965517243
741.4684606093047,3604.9500775862075
741.7971372118227,3614.301775862069
742.1257618749069,3594.102905172413
742.4543345888751,3621.686094827587
742.7828553440444,3649.229405172413
743.1113241307326,3622.344103448276
743.4397409392571,3643.799172413793
743.7681057599356,3638.0299655172416
744.0964185830851,3629.0637672413795
744.4246793990236,3664.077801724139
744.7528881980685,3606.013525862068
745.081044970537,3674.3600172413794
745.4091497067471,3596.3427931034485
745.737202397016,3635.112129310345
746.0652030316613,3621.4069396551713
746.3931516010002,3614.574284482759
746.7210480953507,3629.6752500000007
747.0488925050303,3623.1217500000002
747.3766848203559,3586.392905172415
747.7044250316454,3596.4026120689646
748.0321131292166,3573.5584137931037
748.3597491033865,3600.875741379311
748.6873329444727,3604.1192586206907
749.014864642793,3579.3209741379305
749.3423441886647,3584.5518103448285
749.6697715724052,3590.998965517243
749.9971467843322,3604.1391982758632
750.3244698147632,3587.542758620691
750.6517406540157,3604.916844827587
750.9789592924069,3552.65500862069
751.3061257202547,3578.596499999999
751.6332399278766,3613.1319827586212
751.9603019055899,3567.4967586206876
752.287311643712,3587.9415517241387
752.6142691325607,3587.7620948275876
752.9411743624535,3563.761396551725
753.2680273237074,3575.432741379309
753.5948280066407,3547.816318965516
753.9215764015704,3525.9425172413785
754.248272498814,3553.964379310345
754.5749162886892,3553.3994224137923
754.9015077615135,3503.98895689655
755.2280469076043,3514.935827586207
755.554533717279,3479.775568965517
755.8809681808553,3487.239646551724
756.2073502886508,3476.89096551724
756.5336800309826,3502.4735431034474
756.8599573981685,3491.712775862069
757.1861823805261,3494.437862068966
757.5123549683728,3474.5846120689657
757.8384751520258,3488.9212241379305
758.1645429218031,3433.2031810344834
758.4905582680221,3473.906663793104
758.816521181,3444.3361551724133
759.1424316510545,3450.052189655173
759.4682896685033,3432.6315775862067
759.7940952236635,3423.1602413793125
760.1198483068528,3404.0580517241383
760.4455489083888,3414.0544655172407
760.7711970185891,3349.443336206898
761.0967926277708,3371.5364741379312
761.4223357262517,3390.957698275862
761.7478263043492,3341.513999999999
762.073264352381,3356.3557499999997
762.3986498606644,3333.6311896551715
762.7239828195169,3312.0498362068975
763.0492632192563,3351.96902586207
763.3744910501996,3326.545965517241
763.6996663026646,3298.9162499999998
764.0247889669689,3291.7844999999998
764.3498590334299,3243.8562155172413
764.674876492365,3260.0272758620686
764.9998413340919,3212.6506551724137
765.324753548928,3246.209094827586
765.6496131271908,3218.978172413794
765.9744200591978,3199.6300603448294
766.2991743352666,3172.831163793102
766.6238759457146,3195.4493793103447
766.9485248808593,3132.8122758620684
767.2731211310183,3151.980931034482
767.5976646865092,3126.6043965517224
767.9221555376491,3107.1831724137937
768.2465936747559,3098.7287586206903
768.5709790881469,3082.61751724138
768.8953117681399,3066.2138275862067
769.2195917050519,3056.82225
769.5438188892008,3052.249422413793
769.8679933109041,3009.226293103448
770.1921149604792,2996.504793103448
770.5161838282434,3004.194853448277
770.8401999045146,2993.560370689654
771.16416317961,2952.8568879310346
771.4880736438472,2908.0591293103453
771.811931287544,2929.6072500000005
772.1357361010175,2870.8982586206903
772.4594880745854,2895.291103448275
772.7831871985649,2888.976879310343
773.106833463274,2886.098922413793
773.4304268590299,2833.232249999999
773.7539673761501,2846.1996724137935
774.0774550049523,2820.6303879310353
774.4008897357538,2858.1435258620677
774.7242715588721,2800.6176206896553
775.047600464625,2760.160060344827
775.3708764433297,2762.0942068965524
775.6940994853038,2738.465715517241
776.0172695808648,2718.1139741379316
776.3403867203302,2729.2469482758625
776.6634508940177,2662.5886810344823
776.9864620922444,2695.1235517241375
777.3094203053281,2691.627465517243
777.6323255235864,2665.1741896551734
777.9551777373364,2625.294879310344
778.2779769368959,2621.958310344828
778.6007231125826,2588.9515344827573
778.9234162547136,2566.9115689655173
779.2460563536066,2524.6793793103448
779.568643399579,2539.634120689655
779.8911773829484,2542.266155172414
780.2136582940323,2509.385663793103
780.5360861231482,2491.001301724137
780.8584608606136,2484.9197068965514
781.1807824967461,2471.420560344828
781.503051021863,2447.459741379311
781.8252664262819,2442.9533793103446
782.1474287003205,2410.6245517241377
782.4695378342959,2412.1133793103463
782.7915938185259,2407.5206120689663
783.1135966433282,2388.644405172414
783.4355462990198,2375.9295517241376
783.7574427759185,2397.756827586207
784.0792860643418,2367.0962844827595
784.4010761546072,2357.093224137931
784.722813037032,2325.189775862068
785.0444967019339,2340.1976896551732
785.3661271396305,2307.6295862068964
785.6877043404394,2302.677905172414
786.0092282946775,2289.185405172413
786.3306989926629,2316.642310344828
786.6521164247129,2313.1129913793106
786.9734805811449,2290.1757413793107
787.2947914522766,2280.152741379309
787.6160490284254,2283.057284482757
787.9372532999091,2302.697844827586
788.2584042570446,2264.606456896552
788.5795018901498,2253.6529396551723
788.9005461895424,2284.991431034483
789.2215371455394,2270.083215517241
789.5424747484585,2255.580439655173
789.8633589886175,2282.8512413793105
790.1841898563337,2319.3873362068957
790.5049673419245,2279.3418620689654
790.8256914357073,2301.0827327586217
791.146362128,2266.4674913793096
791.4669794091199,2268.4282241379324
791.7875432693843,2280.146094827587
792.1080536991111,2320.25803448276
792.4285106886177,2299.5939051724135
792.7489142282213,2290.089336206896
793.0692643082398,2292.156413793104
793.3895609189905,2266.1816896551722
793.7098040507909,2324.6447586206896
794.0299936939585,2294.349775862069
794.350129838811,2288.7932586206907
794.6702124756658,2299.7600689655183
794.9902415948401,2293.3262068965523
795.3102171866518,2307.755870689655
795.6301392414183,2280.750931034483
795.9500077494572,2305.7087327586205
796.2698227010857,2322.850189655172
796.5895840866215,2296.822293103449
796.9092918963823,2298.477284482759
797.2289461206852,2312.6676724137933
797.5485467498479,2331.2713706896548
797.8680937741881,2292.0633620689664
798.187587184023,2293.292974137931
798.5070269696703,2310.2815603448275
798.8264131214474,2278.756965517241
799.145745629672,2331.1982586206896
799.4650244846613,2299.2748706896564
799.7842496767328,2314.774629310344
800.1034211962044,2304.79150862069
800.4225390333933,2312.4283965517243
800.741603178617,2309.7498362068964
801.0606136221932,2324.0332758620684
801.3795703544392,2286.4935517241374
801.6984733656726,2316.9015258620702
802.0173226462109,2280.225853448276
802.3361181863717,2313.6978879310336
802.6548599764723,2317.2936724137935
802.9735480068302,2277.6802241379296
803.2921822677633,2236.411784482759
803.6107627495887,2297.1080948275867
803.929289442624,2271.645155172414
804.2477623371868,2297.9123275862066
804.5661814235946,2272.3762758620683
804.8845466921647,2268.2354741379313
805.2028581332147,2273.007698275862
805.5211157370624,2270.136387931035
805.8393194940251,2227.252836206897
806.15746939442,2252.4897931034484
806.475565428565,2248.9338879310344
806.7936075867775,2243.118155172414
807.111595859375,2208.1107672413787
807.429530236675,2227.950724137931
807.7474107089951,2226.8540431034476
808.0652372666526,2226.8473965517246
808.383009899965,2216.70475862069
808.70072859925,2200.380827586207
809.0183933548252,2193.0762672413794
809.3360041570078,2228.1900000000005
809.6535609961155,2182.50825
809.9710638624657,2127.5279741379304
810.2885127463761,2160.042905172414
810.6059076381638,2120.4626896551727
810.9232485281467,2126.624043103449
811.2405354066423,2123.692913793104
811.5577682639678,2065.515646551725
811.8749470904407,2061.3814913793117
812.1920718763791,2080.663137931034
812.5091426121,2112.739396551725
812.8261592879209,2103.2747068965527
813.1431218941593,2113.849370689655
813.4600304211331,2092.733275862069
813.7768848591593,2084.690948275863
814.0936851985556,2092.5072931034492
814.4104314296397,2020.1728706896545
814.7271235427289,2007.0326379310343
815.0437615281405,2048.367543103449
815.3603453761925,2053.2195258620686
815.6768750772022,2022.917896551724
815.9933506214869,2010.3226810344838
816.3097719993643,1988.322594827587
816.626139201152,1974.1587931034483
816.9424522171673,1987.8772758620692
817.2587110377277,2015.766206896552
817.5749156531509,2017.354732758621
817.8910660537543,1990.4029655172415
818.2071622298554,1962.38775
818.5232041717716,2003.6628362068966
818.8391918698208,1993.427146551724
819.15512531432,1940.5538275862073
819.4710044955867,1929.7465344827592
819.786829403939,1951.9393706896553
820.1026000296939,1945.8843620689659
820.4183163631691,1935.7350775862067
820.733978394682,1916.7990517241374
821.0495861145503,1922.0232413793103
821.3651395130912,1918.9458879310353
821.6806385806223,1907.6932758620694
821.9960833074613,1892.2068103448278
822.3114736839257,1869.455663793103
822.6268097003326,1889.5880689655178
822.942091347,1841.294224137931
823.2573186142452,1856.9468534482764
823.5724914923858,1839.8319827586213
823.8876099717388,1863.2012586206904
824.2026740426224,1874.0550775862066
824.5176836953539,1858.9408189655182
824.8326389202506,1858.0834137931033
825.1475397076301,1837.2531206896547
825.4623860478102,1835.9038706896545
825.777177931108,1787.5900862068968
826.0919153478409,1825.7346465517244
826.406598288327,1822.790224137932
826.7212267428835,1827.515922413793
827.0358007018276,1812.973267241379
827.3503201554771,1789.5175862068966
827.6647850941497,1827.5624482758624
827.9791955081625,1804.4125086206893
828.2935513878332,1791.5713706896552
828.6078527234795,1761.9742758620698
828.9220995054185,1761.8280517241376
829.236291723968,1806.778681034482
829.5504293694454,1770.1561810344838
829.8645124321683,1775.506655172414
830.178540902454,1782.306077586207
830.4925147706201,1776.297594827587
830.8064340269843,1780.564681034483
831.120298661864,1752.589344827587
831.4341086655764,1772.9410862068971
831.7478640284395,1756.4975172413797
832.0615647407706,1764.1078189655154
832.3752107928871,1731.0013448275868
832.6888021751064,1720.7324224137928
833.0023388777464,1737.966931034483
833.3158208911243,1707.8580517241378
833.6292482055577,1719.290120689655
833.9426208113641,1725.8236810344824
834.2559386988611,1728.0835086206891
834.569201858366,1680.9062844827588
834.8824102801964,1703.3251034482753
835.19556395467,1710.0181810344832
835.5086628721041,1715.587991379311
835.821707022816,1685.5921034482758
836.1346963971237,1692.6906206896545
836.4476309853444,1706.920887931035
836.7605107777956,1658.5406379310348
837.0733357647947,1666.3303965517237
837.3861059366598,1676.7987155172407
837.6988212837077,1694.5317155172418
838.0114817962561,1681.3449568965523
838.3240874646227,1640.0366379310346
838.6366382791251,1644.822155172414
838.9491342300803,1685.4591724137924
839.2615753078062,1653.9744568965518
839.5739615026203,1681.2452586206903
839.88629280484,1653.9345775862062
840.1985692047826,1669.121948275862
840.510790692766,1650.165982758621
840.8229572591076,1646.4970862068963
841.1350688941246,1626.9229913793101
841.4471255881351,1614.3543620689654
841.7591273314559,1642.4028103448286
842.0710741144052,1616.5543706896553
842.3829659272999,1638.5544568965518
842.6948027604578,1611.9150775862067
843.0065846041965,1608.8842499999998
843.3183114488334,1620.096982758621
843.6299832846859,1605.0558362068966
843.9416001020717,1611.8685517241368
844.253161891308,1595.737370689654
844.5646686427127,1577.2798965517245
844.876120346603,1617.2987844827583
845.1875169932966,1591.4104655172414
845.4988585731109,1583.2750862068965
845.8101450763634,1567.4496465517243
846.1213764933716,1572.0955862068972
846.4325528144531,1570.9124999999997
846.7436740299254,1604.025620689655
847.0547401301059,1589.5294913793095
847.3657511053123,1553.1462672413797
847.6767069458617,1575.199525862069
847.987607642072,1567.0242672413797
848.2984531842606,1556.5094224137943
848.6092435627448,1546.453189655173
848.9199787678427,1562.6508362068969
849.2306587898711,1544.4658706896553
849.5412836191479,1541.521448275861
849.8518532459905,1562.9765172413786
850.1623676607164,1562.850232758622
850.4728268536431,1515.3207413793104
850.783230815088,1543.6815775862071
851.093579535369,1518.750362068966
851.4038730048032,1525.6827155172423
851.7141112137083,1528.9860517241386
852.0242941524017,1524.552801724137
852.3344218112011,1512.1569827586213
852.6444941804235,1500.1134310344833
852.9545112503871,1522.7582327586201
853.264473011409,1492.8686896551724
853.5743794538067,1512.0041120689643
853.8842305678979,1525.8156465517247
854.194026344,1475.0559310344827
854.5037667724305,1483.8360258620687
854.8134518435068,1486.713982758621
855.1230815475466,1468.5755431034488
855.4326558748674,1484.7200172413804
855.7421748157863,1469.8649741379309
856.0516383606214,1476.1858448275864
856.3610464996898,1456.5652241379305
856.6703992233095,1450.5567413793106
856.9796965217972,1443.6709137931045
857.2889383854709,1460.061310344828
857.5981248046484,1465.518129310345
857.9072557696466,1446.9210775862061
858.2163312707833,1431.3083275862077
858.5253512983759,1440.427396551724
858.8343158427422,1427.3203965517237
859.1432248941993,1432.6376379310345
859.4520784430649,1412.312482758621
859.7608764796566,1415.236965517241
860.0696189942919,1413.9275948275858
860.378305977288,1380.3957413793107
860.6869374189627,1417.151172413794
860.9955133096336,1380.156465517242
861.3040336396177,1400.8405344827588
861.612498399233,1375.643456896552
861.9209075787969,1381.2664396551727
862.2292611686267,1369.847663793103
862.5375591590403,1375.231370689655
862.8458015403547,1372.559456896552
863.1539883028879,1369.0101982758624
863.462119436957,1374.1878620689654
863.7701949328797,1343.7067758620692
864.0782147809736,1352.06149137931
864.386178971556,1314.7344568965516
864.6940874949445,1314.9139137931038
865.0019403414566,1312.90000862069
865.3097375014099,1329.150827586207
865.6174789651217,1314.2824913793097
865.9251647229097,1305.6286810344827
866.2327947650913,1280.3385517241372
866.5403690819841,1300.630474137931
866.8478876639055,1301.5543448275862
867.1553505011728,1289.889646551724
867.4627575841041,1280.6708793103455
867.7701089030164,1264.971724137931
868.0774044482273,1252.4695603448272
868.3846442100546,1243.5233017241374
868.6918281788154,1242.8453534482771
868.9989563448274,1236.5843017241386
869.3060286984081,1222.865818965517
869.6130452298751,1233.1081551724137
869.9200059295456,1234.876137931034
870.2269107877374,1233.932327586208
870.5337597947679,1186.1170344827585
870.8405529409546,1200.3207155172413
871.1472902166151,1162.0099913793108
871.4539716120669,1159.7568103448275
871.7605971176272,1164.2232931034473
872.0671667236139,1160.5477499999997
872.3736804203443,1148.271568965517
872.6801381981361,1149.6208189655167
872.9865400473064,1127.5143879310347
873.2928859581732,1115.4376034482752
873.5991759210535,1136.7132155172415
873.9054099262653,1116.2750689655172
874.2115879641259,1111.954810344827
874.5177100249526,1114.7596551724148
874.8237760990634,1109.043620689655
875.1297861767753,1114.3010431034484
875.435740248406,1120.7349051724132
875.741638304273,1103.2145948275863
876.0474803346939,1118.043051724138
876.353266329986,1097.5916120689653
876.658996280467,1095.3783103448282
876.9646701764544,1100.4163965517241
877.2702880082657,1077.219931034483
877.5758497662182,1102.9819655172405
877.8813554406296,1093.590387931034
878.1868050218173,1100.835129310344
878.4921985000991,1097.7577758620685
878.7975358657919,1111.9149310344815
879.1028171092139,1104.0321206896551
879.4080422206821,1092.7795086206897
879.7132111905144,1112.340310344827
880.018324009028,1126.450939655173
880.3233806665403,1097.3257500000002
880.6283811533692,1104.736655172414
880.933325459832,1096.9136637931038
881.2382135762464,1093.4441637931036
881.5430454929294,1096.5148706896546
881.847821200199,1117.3850431034477
882.1525406883726,1133.237068965517
882.4572039477674,1111.8285258620692
882.7618109687014,1126.0720862068968
883.0663617414918,1100.4429827586207
883.3708562564561,1097.2326982758618
883.6752945039119,1098.2562672413794
883.9796764741768,1088.8181637931043
884.284002157568,1102.4701810344818
884.5882715444033,1106.3850000000002
884.8924846250001,1083.5142155172416
885.1966413896757,1097.6314913793096
885.500741828748,1119.618284482759
885.8047859325343,1118.1892758620686
886.1087736913521,1095.9499137931043
886.4127050955188,1111.1505775862074
886.7165801353522,1096.0828448275865
887.0203988011696,1092.3674224137935
887.3241610832885,1103.2611206896545
887.6278669720265,1092.2079051724127
887.931516457701,1093.8695431034484
888.2351095306296,1108.4188448275859
888.5386461811297,1113.0315517241384
888.8421263995189,1114.8660000000007
889.1455501761147,1114.2811034482752
889.4489175012345,1131.8412931034486
889.7522283651961,1086.0465517241378
890.0554827583167,1096.7607931034483
890.3586806709139,1101.8653448275857
890.6618220933051,1105.1221551724134
890.964907015808,1078.9480344827575
891.26793542874,1080.9885258620693
891.5709073224186,1088.0405172413793
891.8738226871615,1066.964301724138
892.1766815132858,1068.193913793104
892.4794837911094,1085.5547068965514
892.7822295109495,1079.7190344827586
893.084918663124,1055.9974913793108
893.38755123795,1062.6307500000003
893.6901272257452,1039.540629310345
893.9926466168271,1064.684534482758
894.295109401513,1072.8664396551721
894.5975155701208,1036.7025517241377
894.8998651129676,1066.027137931035
895.2021580203713,1040.9895775862074
895.5043942826492,1010.7942931034481
895.8065738901186,1033.7381896551724
896.1086968330975,1029.9230689655162
896.410763101903,1022.2928275862068
896.7127726868525,1037.3007413793105
897.014725578264,1016.9024741379312
897.3166217664545,1002.2268879310338
897.618461241742,1009.199120689655
897.9202439944438,994.8159827586205
898.2219700148772,989.963999999999
898.5236392933599,985.7234999999996
898.8252518202094,963.7101206896557
899.1268075857431,980.512603448276
899.4283065802786,963.4641982758624
899.7297487941335,965.4980431034473
900.031134217625,957.754810344828
900.3324628410709,932.624198275862
900.6337346547887,934.7444482758613
900.9349496490956,942.3148706896554
901.2361078143095,921.8501379310342
901.5372091407476,944.042974137931
901.8382536187277,933.8671034482757
902.1392412385669,915.1238275862067
902.4401719905832,885.6995431034479
902.7410458650936,894.2603017241377
903.0418628524161,893.2101465517239
903.3426229428677,891.269353448276
903.6433261267663,879.571422413793
903.9439723944292,860.8813189655175
904.2445617361741,852.5598362068974
904.5450941423185,840.8552586206897
904.8455696031795,855.8100000000004
905.145988109075,861.3931034482769
905.4463496503224,854.1217758620696
905.7466542172392,837.1730689655171
906.046901800143,825.029818965517
906.3470923893511,824.3452241379312
906.6472259751812,815.1264568965516
906.9473025479507,812.2086206896554
907.2473220979772,796.8550862068964
907.5472846155781,790.7535517241374
907.847190091071,795.5257758620696
908.1470385147733,792.5747068965513
908.4468298770025,781.5214913793106
908.7465641680764,780.9166551724138
909.0462413783121,778.9093965517241
909.345861498027,756.3576465517247
909.6454245175394,748.8071637931034
909.944930427166,771.4652586206905
910.2443792172248,745.5370603448271
910.5437708780329,744.3938534482754
910.843105399908,739.9473103448277
911.1423827731678,725.6838103448276
911.4416029881294,721.443310344828
911.7407660351107,713.2746982758622
912.039871904429,726.9067758620688
912.3389205864019,726.8735431034484
912.6379120713467,688.5362327586204
912.9368463495812,694.7308189655171
913.2357234114227,674.5917672413798
913.5345432471886,675.8546120689648
913.8333058471968,690.9489310344823
914.1320112017644,673.2425172413791
914.4306593012092,671.4346551724141
914.7292501358485,668.4171206896544
915.027783696,648.6569224137932
915.326259971981,667.8056379310342
915.6246789541092,649.8798879310345
915.9230406327019,632.5988534482758
916.2213449980769,627.1619741379309
916.5195920405514,622.4495689655178
916.817781750443,650.7107068965513
917.1159141180693,607.9268534482751
917.4139891337477,632.1867672413794
917.7120067877958,613.0712844827581
918.0099670705309,610.7383448275862
918.3078699722709,607.5878793103448
918.6057154833329,591.6760344827583
918.9035035940346,599.7981206896557
919.2012342946937,596.8603448275867
919.4989075756272,590.2802586206892
919.7965234271528,577.419181034483
920.0940818395884,595.3382844827588
920.391582803251,579.446379310345
920.6890263084584,602.8754741379307
920.986412345528,562.6837758620691
921.2837409047773,555.2928103448276
921.5810119765239,560.6100517241382
921.8782255510852,556.8481034482761
922.1753816187786,536.03775
922.4724801699219,536.8419827586208
922.7695211948325,554.4819310344826
923.0665046838276,542.0595258620688
923.3634306272252,547.6492758620689
923.6602990153425,538.2111724137935
923.957109838497,530.919905172414
924.2538630870064,542.5247844827586
924.550558751188,519.5675948275862
924.8471968213594,505.76935344827575
925.143777287838,527.6630948275863
925.4403001409416,508.71377586206927
925.7367653709874,524.1138362068966
926.033172968293,490.86778448275845
926.3295229231761,504.44004310344803
926.6258152259538,493.5795775862068
926.922049866944,466.33536206896497
927.2182268364639,490.89437068965503
927.5143461248313,496.96267241379337
927.8104077223635,497.8200775862074
928.1064116193779,468.7746465517241
928.4023578061923,478.70459482758633
928.6982462731241,488.08287931034533
928.9940770104909,450.31052586206874
929.2898500086097,448.6688275862075
929.5855652577987,444.6941896551725
929.881222748375,455.8404568965518
930.1768224706561,452.72987068965494
930.4723644149599,458.73170689655126
930.7678485716033,461.44349999999986
931.0632749309043,462.7794568965519
931.3586434831801,449.0210948275858
931.6539542187485,456.6912155172406
931.9492071279267,445.511715517242
932.2444022010322,455.05616379310345
932.539539428383,429.3207155172415
932.834618800296,424.65483620689656
933.1296403070891,433.8137844827586
933.4246039390796,411.5345431034482
933.719509686585,410.4578017241381
934.0143575399229,411.082577586207
934.3091474894109,421.40467241379247
934.6038795253663,411.5943620689652
934.8985536381067,426.7019741379306
935.1931698179496,413.72125862068924
935.4877280552125,408.89586206896547
935.7822283402131,402.9804310344832
936.0766706632685,379.03290517241385
936.3710550146964,374.02805172413787
936.6653813848145,380.395448275862
936.9596497639401,371.83468965517227
937.2538601423907,379.1791293103445
937.5480125104838,392.19972413793107
937.8421068585369,386.13142241379273
938.1361431768677,397.457146551724
938.4301214557936,375.6830431034484
938.724041685632,363.1875258620687
939.0179038567005,364.42378448275895
939.3117079593167,375.8957327586211
939.6054539837977,355.55063793103454
939.8991419204615,362.5760431034489
940.1927717596254,350.27992241379343
940.4863434916068,346.0925948275858
940.7798571067235,362.7422068965518
941.0733125952926,341.3735431034481
941.3667099476321,356.83342241379296
941.660049154059,361.4128965517243
941.9533302048911,348.08656034482806
942.2465530904459,348.7512155172417
942.5397178010408,340.928224137931
942.8328243269934,351.61587931034546
943.1258726586211,343.31433620689654
943.4188627862416,342.5300431034482
943.7117947001722,331.43030172413796
944.0046683907303,324.5311810344824
944.2974838482338,334.1819741379311
944.5902410629999,318.1903706896544
944.8829400253463,326.8840603448275
945.1755807255904,321.9323793103449
945.4681631540498,317.0405172413789
945.7606873010416,347.14274999999975
946.0531531568838,311.2713103448275
946.3455607118939,307.86162931034505
946.637909956389,300.74317241379276
946.9302008806869,323.52755172413777
947.222433475105,323.7934137931031
947.5146077299611,309.8954741379307
947.8067236355722,289.7763620689657
948.0987811822561,301.461
948.3907803603304,303.3020948275864
948.6827211601122,312.38793103448256
948.9746035719196,293.56489655172436
949.2664275860697,282.7443103448277
949.5581931928801,293.46519827586235
949.8499003826682,283.74793965517233
950.1415491457516,289.42409482758603
950.433139472448,299.9588793103446
950.7246713530745,290.83316379310304
951.0161447779491,279.46756034482746
951.3075597373888,277.7461034482767
951.5989162217114,290.5340689655179
951.8902142212344,288.32741379310346
952.1814537262751,273.2065086206899
952.4726347271514,262.79800862068964
952.7637572141804,250.59493965517208
953.0548211776797,260.3254913793105
953.345826607967,259.4282068965517
953.6367734953598,267.3575431034492
953.9276618301752,270.0228103448269
954.218491602731,251.71820689655146
954.5092628033449,270.1490948275857
954.7999754223339,253.94480172413796
955.0906294500162,245.73631034482764
955.3812248767088,256.2976810344826
955.6717616927293,248.14236206896567
955.9622398883953,259.4016206896554
956.252659454024,250.73451724137954
956.5430203799333,239.85411206896515
956.8333226564404,257.2215517241375
957.123566273863,255.5931465517242
957.4137512225187,255.32728448275884
957.7038774927249,231.35317241379312
957.9939450747991,244.64627586206893
958.2839539590585,234.48369827586225
958.573904135821,223.22443965517186
958.8637955954039,233.89880172413814
959.1536283281249,231.17371551724113
959.4434023243015,247.9230258620687
959.7331175742511,234.8492586206894
960.0227740682911,231.00090517241415
960.3123717967391,219.0969310344824
960.6019107499126,218.73801724137934
960.8913909181291,229.777939655173
961.1808122917063,229.42567241379288
961.4701748609615,203.37118965517175
961.7594786162123,216.59118103448304
962.0487235477761,230.04380172413812
962.3379096459703,213.8328620689656
962.6270369011127,222.22745689655176
962.9161053035206,222.0945258620693
963.2051148435118,225.57067241379286
963.4940655114033,211.32046551724147
963.7829572975131,205.5645517241378
964.0717901921586,220.0141551724139
964.3605641856568,213.1748534482756
964.6492792683258,194.7971379310345
964.9379354304829,215.0225948275861
965.2265326624457,213.20808620689718
965.5150709545317,223.0183965517249
965.8035502970582,213.82621551724083
966.0919706803429,192.11193103448318
966.380332094703,187.70526724137903
966.6686345304566,195.6744827586208
966.9568779779205,210.07091379310305
967.2450624274128,196.44548275862076
967.5331878692509,171.70701724137962
967.821254293752,190.07808620689616
968.1092616912339,198.02071551724134
968.3972100520137,192.8696379310345
968.6850993664095,185.09981896551722
968.9729296247382,199.89504310344842
969.2607008173178,184.82066379310322
969.5484129344657,185.12640517241334
969.8360659664992,184.4351637931038
970.123659903736,204.4811637931041
970.4111947364933,176.24661206896576
970.698670455089,185.69800862068996
970.9860870498403,185.3324482758619
971.273444511065,192.2116293103445
971.5607428290805,167.0810172413794
971.8479819942042,174.66473275862086
972.1351619967537,198.79171551724153
972.4222828270463,174.85748275862034
972.7093444753998,174.3589913793112
972.9963469321315,149.31478448275834
973.2832901875591,155.35649999999941
973.570174232,171.0755948275862
973.8569990557718,152.5383620689654
974.1437646491918,177.416405172414
974.4304710025773,164.2961120689656
974.7171181062464,163.38553448275889
975.0037059505163,180.42064655172408
975.2902345257045,160.13537068965456
975.5767038221287,155.02417241379294
975.8631138301062,156.60605172413807
976.1494645399545,155.7752327586211
976.4357559419909,148.3244482758621
976.7219880265335,161.79036206896558
977.0081607838993,156.4066551724136
977.294274204406,163.0797931034483
977.5803282783712,171.7734827586205
977.8663229961121,154.87794827586208
978.1522583479466,165.70518103448285
978.4381343241918,150.74379310344807
978.7239509151655,160.47434482758626
979.0097081111849,154.33293103448227
979.2954059025678,150.15889655172487
979.5810442796319,135.96186206896527
979.8666232326942,139.35825
980.1521427520727,145.04769827586165
980.4376028280842,147.7661379310348
980.7230034510469,146.5032931034484
981.0083446112778,132.88450862068976
981.293626299095,168.1577586206895
981.5788485048156,152.32567241379343
981.8640112187571,140.30870689655148
982.1491144312372,134.6524913793105
982.4341581325729,157.87554310344854
982.7191423130824,140.3419396551726
983.0040669630827,133.61562931034518
983.2889320728916,145.84528448275842
983.5737376328267,147.9123620689661
983.8584836332051,145.92504310344816
984.1431700643446,132.6452327586203
984.4277969165624,154.70513793103464
984.7123641801765,132.63858620689666
984.9968718455038,126.61016379310354
985.2813199028625,125.95880172413763
985.5657083425697,122.84821551724167
985.8500371549429,131.6416034482761
986.1343063302998,126.55034482758606
986.4185158589573,132.1999137931034
986.7026657312338,124.12435344827531
986.9867559374461,126.36424137930999
987.2707864679121,116.022206896552
987.5547573129493,126.55034482758629
987.838668462875,130.59144827586215
988.1225199080069,130.91712931034522
988.4063116386621,121.12675862068954
988.6900436451588,121.41256034482717
988.9737159178138,124.14429310344872
989.257328446945,115.05181034482803
989.5408812228701,103.9853017241378
989.824374235906,112.69228448275817
990.1078074763708,120.62162068965586
990.3911809345815,129.92014655172397
990.6744946008561,134.0808879310348
990.9577484655115,113.92854310344842
991.2409425188658,108.43184482758602
991.5240767512364,104.13152586206888
991.8071511529406,111.11705172413735
992.090165714296,130.47845689655196
992.3731204256198,126.93584482758638
992.6560152772302,89.6021637931035
992.9388502594439,117.1055948275864
993.2216253625792,84.49096551724142
993.504340576953,114.16117241379357
993.786995892883,121.62525000000028
994.069591300687,114.6995431034477
994.3521267906818,99.05356034482816
994.6346023531856,87.66137068965486
994.9170179785156,91.70247413793095
995.1993736569893,103.33393965517212
995.4816693789244,115.56359482758648
995.7639051346382,109.50858620689655
996.0460809144483,119.81074137931046
996.328196708672,96.85355172413801
996.610252507627,83.95259482758638
996.8922483016308,95.92303448275902
997.174184081001,79.63898275862084
997.4560598360551,90.28675862068962
997.7378755571104,87.65472413793054
998.0196312344846,98.94056896551751
998.3013268584948,89.88796551724135
998.582962419459,100.21006034482753
998.8645379076945,97.5381465517246
999.146053313519,85.03598275862032
999.4275086272497,100.21670689655139
999.7089038392044,77.90423275862076
999.9902389397004,102.68257758620666
1000.2715139190549,88.32602586206917
1000.5527287675861,82.87585344827608
1000.8338834756111,82.86920689655176
1001.1149780334474,97.17258620689677
1001.3960124314128,83.0553103448276
1001.6769866598245,93.89583620689655
1001.9579007090001,75.21237931034466
1002.2387545692569,105.52065517241385
1002.5195482309128,84.5374913793105
1002.8002816842849,82.68975000000023
1003.0809549196912,78.75499137931024
1003.3615679274488,72.92596551724182
1003.6421206978755,80.70907758620638
1003.9226132212885,84.66377586206909
1004.2030454880053,88.91756896551715
1004.4834174883438,82.6299310344823
1004.7637292126209,72.23472413793115
1005.0439806511547,86.08613793103427
1005.3241717942625,96.32182758620661
1005.6043026322618,78.46918965517193
1005.88437315547,78.96768103448312
1006.1643833542047,84.41785344827599
1006.4443332187833,65.27578448275835
1006.7242227395233,67.10358620689703
1007.0040519067426,87.10970689655164
1007.2838207107583,78.89456896551746
1007.5635291418881,73.48427586206867
1007.8431771904494,82.87585344827585
1008.1227648467594,87.1628793103448
1008.4022921011363,70.40692241379293
1008.6817589438969,63.76037068965525
1008.9611653653593,69.25706896551674
1009.2405113558408,70.1011810344828
1009.5197969056588,89.00397413793053
1009.7990220051308,72.1283793103446
1010.0781866445743,63.33499137931062
1010.357290814307,69.86190517241334
1010.6363345046461,71.5700689655173
1010.9153177059095,71.27762068965512
1011.1942404084145,74.98639655172451
1011.4731026024787,68.8516293103446
1011.7519042784193,61.394198275862436
1012.0306454265539,54.16274999999996
1012.3093260372002,46.805017241379346
1012.5879461006755,73.75678448275812
1012.8665056072978,69.8486120689654
1013.145004547384,62.165198275862394
1013.423442911252,63.93318103448223
1013.701820689219,52.55428448275825
1013.9801378716024,63.60085344827553
1014.2583944487204,71.15798275862016
1014.5365904108897,77.00694827586199
1014.8147257484286,63.388163793103104
1015.0928004516539,57.21351724138003
1015.3708145108835,51.68358620689651
1015.6487679164347,50.30110344827608
1015.926660658625,45.788094827586974
1016.204492727772,46.69202586206916
1016.4822641141933,54.35550000000012
1016.7599748082064,46.95788793103452
1017.0376248001287,74.05587931034461
1017.3152140802778,46.88477586206932
1017.592742638971,69.03773275862113
1017.8702104665258,74.2619224137934
1018.1476175532599,82.77615517241384
1018.4249638894908,53.69749137931012
1018.7022494655358,67.12352586206862
1018.9794742717129,65.58817241379302
1019.2566382983392,51.01228448275924
1019.5337415357322,43.70772413793111
1019.8107839742094,54.06969827586181
1020.0877656040884,45.28960344827533
1020.3646864156866,55.15308620689666
1020.6415463993217,51.98932758620663
1020.9183455453111,57.66548275862078
1021.1950838439726,49.709560344828105
1021.4717612856232,64.97004310344846
1021.7483778605803,52.66727586206912
1022.0249335591622,51.76334482758648
1022.3014283716853,41.62070689655184
1022.5778622884684,51.224974137931895
1022.8542352998282,54.46184482758645
1023.1305473960822,38.75604310344852
1023.4067985675482,39.74637931034499
1023.6829888045435,43.229172413793094
1023.9591180973856,48.92526724137929
1024.2351864363918,54.069698275862265
1024.5111938118805,47.436439655172535
1024.7871402141682,57.279982758620235
1025.063025633573,42.89684482758594
1025.3388500604121,54.89387068965493
1025.6146134850028,40.90287931034504
1025.8903158976632,42.6309827586208
1026.1659572887106,28.81944827586244
1026.4415376484621,53.96999999999957
1026.717056967236,34.95421551724121
1026.9925152353492,25.36324137931024
1027.2679124431193,36.49621551724135
1027.5432485808635,16.19100000000026
1027.8185236389,42.63098275862012
1028.0937376075456,40.670250000000124
1028.3688904771186,48.493241379310575
1028.643982237936,48.48659482758603
1028.9190128803152,35.10043965517207
1029.193982394574,32.222482758620345
1029.4688907710297,46.598974137930554
1029.7437379999997,33.40556896551766
1030.0185240718022,51.411077586207284
1030.293248976754,39.99230172413809
1030.5679127051728,37.386853448275815
1030.842515247376,43.16270689655198
1031.1170565936816,30.56749137931024
1031.3915367344061,55.12649999999962
1031.665955659868,53.91682758620641
1031.9403133603844,39.00196551724139
1032.2146098262729,43.14941379310267
1032.488845047851,26.978353448275584
1032.7630190154362,47.19716379310353
1033.0371317193458,42.47811206896563
1033.3111831498973,30.866586206896272
1033.5851732974086,25.60251724137902
1033.859102152197,60.78271551724174
1034.13296970458,38.64305172413788
1034.4067759448753,21.50159482758636
1034.6805208633998,38.536706896552005
1034.9542044504717,32.51493103448229
1035.227826696408,44.19292241379344
1035.5013875915265,28.892560344827643
1035.7748871261447,28.09497413793065
1036.0483252905797,26.13424137931065
1036.32170207515,28.520353448275955
1036.595017470172,36.19712068965487
1036.8682714659637,42.843672413793456
1037.1414640528424,34.39590517241322
1037.4145952211256,40.01224137931058
1037.6876649611315,41.27508620689605
1037.960673263177,25.768681034482597
1038.2336201175794,33.22611206896545
1038.5065055146567,38.43036206896545
1038.7793294447265,41.34155172413807
1039.0520918981051,37.06781896551729
1039.3247928651115,47.808646551723996
1039.5974323360626,38.88232758620711
1039.8700103012757,29.138482758621194
1040.142526751069,40.65031034482763
1040.414981675759,30.03576724137929
1040.6873750656641,26.998293103448304
1040.9597069111012,31.338491379310653
1041.231977202388,30.381387931034624
1041.5041859298422,39.97236206896582
1041.776333083781,6.167999999999665
1042.0484186545225,38.9355000000005
1042.3204426323834,16.051422413793034
1042.5924050076817,20.750534482758667
